gene_id,gene_name,exon_length
ENSMUSG00000059327,Eda,6825
ENSMUSG00000009670,Tex11,3624
ENSMUSG00000031297,Slc7a3,3784
ENSMUSG00000031314,Taf1,8558
ENSMUSG00000045010,Gm4779,2364
ENSMUSG00000049191,Rtl5,4761
ENSMUSG00000034055,Phka1,6259
ENSMUSG00000067561,Dmrtc1c2,1637
ENSMUSG00000046449,Nexmif,11532
ENSMUSG00000031232,Magt1,4672
ENSMUSG00000052821,Cysltr1,5142
ENSMUSG00000054293,P2ry10b,3465
ENSMUSG00000073008,Gpr174,5402
ENSMUSG00000073007,Tent5d,3160
ENSMUSG00000073001,Cylc1,1996
ENSMUSG00000025665,Rps6ka6,5013
ENSMUSG00000034555,Tex16,4443
ENSMUSG00000079460,4933403O08Rik,1540
ENSMUSG00000025527,Satl1,2414
ENSMUSG00000025529,Zfp711,5535
ENSMUSG00000034755,Pcdh11x,13946
ENSMUSG00000079450,Cldn34c1,5824
ENSMUSG00000095474,Cldn34c2,857
ENSMUSG00000034480,Diaph2,11553
ENSMUSG00000031266,Gla,3265
ENSMUSG00000033436,Armcx2,4532
ENSMUSG00000052676,Zmat1,5391
ENSMUSG00000031012,Cask,9145
ENSMUSG00000067360,Pramel3,3698
ENSMUSG00000094004,Gm5128,3844
ENSMUSG00000096508,Gm7903,3677
ENSMUSG00000031410,Nxf7,2710
ENSMUSG00000031411,Prame,2268
ENSMUSG00000043384,Gprasp1,8119
ENSMUSG00000072966,Gprasp2,4540
ENSMUSG00000072964,Bhlhb9,4800
ENSMUSG00000051579,Tceal8,2563
ENSMUSG00000046432,Bex3,973
ENSMUSG00000040229,Gpr34,2090
ENSMUSG00000057439,Kir3dl2,1932
ENSMUSG00000031422,Morf4l2,3135
ENSMUSG00000089996,Tmsb15b2,550
ENSMUSG00000044348,Slc25a53,7963
ENSMUSG00000059203,Il1rapl2,4692
ENSMUSG00000052854,Nrk,9210
ENSMUSG00000042515,Pwwp3b,4859
ENSMUSG00000031433,Rbm41,6638
ENSMUSG00000000266,Mid2,8114
ENSMUSG00000031283,Chrdl1,6758
ENSMUSG00000031284,Pak3,9552
ENSMUSG00000072934,Trpc5os,3587
ENSMUSG00000071679,Rtl4,3635
ENSMUSG00000041688,Amot,8402
ENSMUSG00000031289,Il13ra2,2281
ENSMUSG00000067262,Vmn1r239-ps,963
ENSMUSG00000031290,Lrch2,6420
ENSMUSG00000095872,Gm15128,2043
ENSMUSG00000079374,Gm8334,1662
ENSMUSG00000096834,Gm15127,2046
ENSMUSG00000079387,Luzp4,2115
ENSMUSG00000094378,Gm15097,2045
ENSMUSG00000041353,Tmem29,7621
ENSMUSG00000025269,Apex2,8744
ENSMUSG00000025272,Tro,7296
ENSMUSG00000025268,Maged2,3239
ENSMUSG00000025264,Tsr2,3805
ENSMUSG00000041245,Wnk3,10589
ENSMUSG00000041229,Phf8,9318
ENSMUSG00000041115,Iqsec2,6980
ENSMUSG00000091863,Cldn34a,1050
ENSMUSG00000045180,Shroom2,8375
ENSMUSG00000071665,Foxr2,3213
ENSMUSG00000094802,Samt1,984
ENSMUSG00000094577,Samt1b,984
ENSMUSG00000063728,Magea6,1212
ENSMUSG00000055746,Magea2,1730
ENSMUSG00000079349,Magea5,1644
ENSMUSG00000057457,Phex,6291
ENSMUSG00000046873,Mbtps2,10105
ENSMUSG00000041476,Smpx,2275
ENSMUSG00000000037,Scml2,6397
ENSMUSG00000059493,Nhs,8805
ENSMUSG00000040855,Reps2,8296
ENSMUSG00000015401,Cltrn,1544
ENSMUSG00000079600,Gm17604,75
ENSMUSG00000051224,Tceanc,4201
ENSMUSG00000040522,Tlr8,3586
ENSMUSG00000049176,Frmpd4,9680
ENSMUSG00000035299,Mid1,6720
ENSMUSG00000037315,Jade3,5209
ENSMUSG00000031060,Rbm10,3714
ENSMUSG00000037217,Syn1,3299
ENSMUSG00000062814,Ssxa1,438
ENSMUSG00000095316,Gm21876,282
ENSMUSG00000036782,Klhl13,4253
ENSMUSG00000068113,Gm4907,1493
ENSMUSG00000093923,Gm5935,875
ENSMUSG00000079655,Gm5168,824
ENSMUSG00000082639,Gm2012,1131
ENSMUSG00000080725,Gm6121,924
ENSMUSG00000095546,Gm10230,867
ENSMUSG00000095293,Gm10058,893
ENSMUSG00000096457,Gm10147,864
ENSMUSG00000095887,Gm10096,907
ENSMUSG00000073255,Gm14632,864
ENSMUSG00000094759,Gm10487,907
ENSMUSG00000094391,Btbd35f29,1497
ENSMUSG00000095754,Spin2f,1374
ENSMUSG00000096645,Spin2e,1379
ENSMUSG00000094601,Gm5926,1015
ENSMUSG00000095659,Spin2g,1016
ENSMUSG00000073245,Gm14819,928
ENSMUSG00000006423,C330007P06Rik,7424
ENSMUSG00000044149,Nkrf,3882
ENSMUSG00000095601,Rhox3a2,1008
ENSMUSG00000079636,Rhox3c,1053
ENSMUSG00000059626,Rhox3e,1053
ENSMUSG00000095510,Rhox3f,1008
ENSMUSG00000095180,Rhox5,754
ENSMUSG00000068173,Btg1b,1560
ENSMUSG00000098348,Btg1c,1194
ENSMUSG00000071766,Rhox12,1078
ENSMUSG00000048047,Zbtb33,5122
ENSMUSG00000051361,6030498E09Rik,1291
ENSMUSG00000001986,Gria3,9859
ENSMUSG00000025862,Stag2,8273
ENSMUSG00000016150,Tenm1,17747
ENSMUSG00000031103,Elf4,6148
ENSMUSG00000031105,Slc25a14,2364
ENSMUSG00000031109,Enox2,4356
ENSMUSG00000071764,Olfr1320,1995
ENSMUSG00000056281,Olfr1322,3886
ENSMUSG00000050504,Olfr1323,5436
ENSMUSG00000048173,Olfr1324,5808
ENSMUSG00000055780,Usp26,4133
ENSMUSG00000036022,Fam122b,4409
ENSMUSG00000036013,Fam122c,995
ENSMUSG00000023074,Mospd1,2085
ENSMUSG00000096468,Gm16405,703
ENSMUSG00000094714,Gm16430,703
ENSMUSG00000058932,Gm2174,402
ENSMUSG00000035967,Ints6l,7173
ENSMUSG00000053852,Adgrg4,9817
ENSMUSG00000031131,Vgll1,2455
ENSMUSG00000046180,4930550L24Rik,1684
ENSMUSG00000062949,Atp11c,7312
ENSMUSG00000079583,Gm7073,1497
ENSMUSG00000045330,4933402E13Rik,2025
ENSMUSG00000036790,Slitrk2,8080
ENSMUSG00000062393,Dgkk,7158
ENSMUSG00000051592,Ccnb3,4566
ENSMUSG00000050089,Akap4,3027
ENSMUSG00000059401,Mamld1,4812
ENSMUSG00000031337,Mtm1,13935
ENSMUSG00000015214,Mtmr1,5859
ENSMUSG00000033361,Prrg3,6087
ENSMUSG00000031351,Zfp185,3707
ENSMUSG00000050424,Pnma5,3123
ENSMUSG00000058328,Xlr5a,1843
ENSMUSG00000067771,Gm14685,2864
ENSMUSG00000067764,Xlr5c,1665
ENSMUSG00000031375,Bgn,6099
ENSMUSG00000019558,Slc6a8,5210
ENSMUSG00000046269,Usp27x,4279
ENSMUSG00000002014,Ssr4,3096
ENSMUSG00000031393,Mecp2,15067
ENSMUSG00000062564,Tex28,1425
ENSMUSG00000031328,Flna,9457
ENSMUSG00000019088,Dnase1l1,2121
ENSMUSG00000015290,Ubl4a,3142
ENSMUSG00000004221,Ikbkg,8110
ENSMUSG00000051706,Olfr1325,3617
ENSMUSG00000073094,Smim9,806
ENSMUSG00000031196,F8,9905
ENSMUSG00000039521,Foxp3,4577
ENSMUSG00000073085,Cldn34b4,1141
ENSMUSG00000047996,Prrg1,11614
ENSMUSG00000073291,Gm10491,117
ENSMUSG00000073290,Gm10490,360
ENSMUSG00000031161,Hdac6,5817
ENSMUSG00000073077,Cfap47,9967
ENSMUSG00000025666,Tmem47,4025
ENSMUSG00000039201,Tbc1d25,2794
ENSMUSG00000079701,Ssxb3,824
ENSMUSG00000035427,Mageb4,2495
ENSMUSG00000052372,Il1rapl1,9342
ENSMUSG00000079703,Ssxb8,559
ENSMUSG00000035395,Dcaf8l,4183
ENSMUSG00000073069,Mageb2,1655
ENSMUSG00000062162,Mageb1,1143
ENSMUSG00000067649,Mageb18,2243
ENSMUSG00000081044,AU015836,3335
ENSMUSG00000079509,Zfx,7755
ENSMUSG00000043929,Klhl15,9741
ENSMUSG00000045802,Hsf3,3659
ENSMUSG00000034403,Pja1,3324
ENSMUSG00000089030,Gm22160,328
ENSMUSG00000089205,Gm24577,63
ENSMUSG00000088839,Gm27510,64
ENSMUSG00000088114,Gm24061,120
ENSMUSG00000077303,Gm22472,134
ENSMUSG00000087712,Gm25828,95
ENSMUSG00000098968,Gm27843,104
ENSMUSG00000093428,Gm26318,96
ENSMUSG00000094656,Gm25358,101
ENSMUSG00000095072,Gm24509,101
ENSMUSG00000088052,Gm26152,101
ENSMUSG00000099312,Gm27733,68
ENSMUSG00000098743,Gm27927,126
ENSMUSG00000098262,Gm27520,81
ENSMUSG00000099189,Gm27875,123
ENSMUSG00000098603,Gm27798,71
ENSMUSG00000099287,Gm27987,93
ENSMUSG00000098825,Gm27285,127
ENSMUSG00000099126,Gm27321,205
ENSMUSG00000064876,Gm23378,107
ENSMUSG00000077199,Gm22266,138
ENSMUSG00000088036,Gm24993,91
ENSMUSG00000089171,Gm22430,107
ENSMUSG00000088960,Gm22090,111
ENSMUSG00000088404,Gm25885,109
ENSMUSG00000084678,Gm26020,183
ENSMUSG00000084575,Gm23656,112
ENSMUSG00000098455,Gm27428,110
ENSMUSG00000064553,Gm24622,162
ENSMUSG00000065733,Gm24491,107
ENSMUSG00000080380,Gm22102,121
ENSMUSG00000077652,Gm23322,167
ENSMUSG00000064574,Gm25797,107
ENSMUSG00000088298,Gm26415,292
ENSMUSG00000065907,Gm26108,191
ENSMUSG00000080428,Gm24831,126
ENSMUSG00000087765,Gm23985,124
ENSMUSG00000089470,Gm25366,124
ENSMUSG00000098405,Gm27414,381
ENSMUSG00000078034,Gm24683,88
ENSMUSG00000064551,Gm24624,164
ENSMUSG00000088518,Gm24438,115
ENSMUSG00000065825,Gm26314,107
ENSMUSG00000088313,Gm26182,116
ENSMUSG00000077435,Gm22590,128
ENSMUSG00000087716,Gm25825,124
ENSMUSG00000088539,Gm23277,136
ENSMUSG00000088264,Gm24783,100
ENSMUSG00000094864,Gm17521,498
ENSMUSG00000095034,Gm17577,498
ENSMUSG00000094999,Gm17412,498
ENSMUSG00000095108,Gm17467,498
ENSMUSG00000118451,Gm17584,528
ENSMUSG00000118453,Gm17469,528
ENSMUSG00000118468,Gm17361,528
ENSMUSG00000118475,Gm21616,499
ENSMUSG00000118484,Gm17693,499
ENSMUSG00000094342,Gm17522,499
ENSMUSG00000088282,Gm23586,123
ENSMUSG00000089372,Gm22139,105
ENSMUSG00000088767,Gm22636,275
ENSMUSG00000077857,Gm25061,107
ENSMUSG00000080419,Gm26475,121
ENSMUSG00000065898,Gm24522,108
ENSMUSG00000077858,Gm25063,94
ENSMUSG00000089284,Gm26029,132
ENSMUSG00000087983,Gm22225,278
ENSMUSG00000077040,Gm26209,110
ENSMUSG00000077379,Gm25170,129
ENSMUSG00000065813,n-R5s3,112
ENSMUSG00000089128,Gm26406,124
ENSMUSG00000077628,Gm23768,131
ENSMUSG00000088026,Gm22143,203
ENSMUSG00000088421,Gm22552,337
ENSMUSG00000088275,Gm23124,107
ENSMUSG00000088878,Gm25868,114
ENSMUSG00000094470,Gm25936,114
ENSMUSG00000094670,Gm22006,114
ENSMUSG00000095424,Gm24416,114
ENSMUSG00000095228,Gm22233,114
ENSMUSG00000065719,n-R5s12,119
ENSMUSG00000093217,Gm25246,69
ENSMUSG00000088864,Gm23068,293
ENSMUSG00000089191,Gm25770,115
ENSMUSG00000065095,Gm23679,119
ENSMUSG00000087961,Gm25393,285
ENSMUSG00000089382,Gm24675,259
ENSMUSG00000065321,Gm22057,107
ENSMUSG00000087832,Gm23958,105
ENSMUSG00000084645,Gm24380,324
ENSMUSG00000088706,Gm25552,91
ENSMUSG00000084683,Gm22025,302
ENSMUSG00000089437,Gm23199,107
ENSMUSG00000077453,Gm25915,126
ENSMUSG00000106151,Gm44351,95
ENSMUSG00000064772,Gm25202,191
ENSMUSG00000088047,Gm23325,129
ENSMUSG00000105967,Gm47298,122
ENSMUSG00000089282,Gm26024,322
ENSMUSG00000077230,Gm25097,145
ENSMUSG00000099000,Gm27659,98
ENSMUSG00000088050,Gm26151,60
ENSMUSG00000077767,Snora35,128
ENSMUSG00000084713,Gm24627,138
ENSMUSG00000084421,Gm25107,129
ENSMUSG00000087360,Gm15104,842
ENSMUSG00000080582,Gm24907,128
ENSMUSG00000064524,Gm26441,104
ENSMUSG00000064416,Gm22248,150
ENSMUSG00000064665,Gm24460,106
ENSMUSG00000070219,n-R5s13,119
ENSMUSG00000084637,n-R5s14,107
ENSMUSG00000084584,n-R5s15,111
ENSMUSG00000088383,Gm24687,241
ENSMUSG00000064999,Gm26035,308
ENSMUSG00000065221,Gm25793,107
ENSMUSG00000065648,Gm25895,100
ENSMUSG00000064818,Gm22359,108
ENSMUSG00000094976,Gm25257,110
ENSMUSG00000096247,Gm24268,110
ENSMUSG00000088232,Gm25429,132
ENSMUSG00000077743,n-R5s16,119
ENSMUSG00000064477,Gm23404,97
ENSMUSG00000070258,Gm25207,107
ENSMUSG00000089342,Gm22666,164
ENSMUSG00000093014,Gm22464,64
ENSMUSG00000093301,Gm23798,102
ENSMUSG00000077609,Gm25795,132
ENSMUSG00000077422,Gm24281,136
ENSMUSG00000088301,Gm23381,94
ENSMUSG00000088896,Gm22522,151
ENSMUSG00000070240,Gm23516,107
ENSMUSG00000092898,Gm23806,109
ENSMUSG00000065828,Gm26317,107
ENSMUSG00000065943,Gm23794,104
ENSMUSG00000098436,Gm27490,128
ENSMUSG00000084598,Gm23867,274
ENSMUSG00000089312,Gm22257,301
ENSMUSG00000088709,Gm25557,315
ENSMUSG00000080394,Gm23786,121
ENSMUSG00000104536,Gm23786,119
ENSMUSG00000088195,Gm23901,107
ENSMUSG00000088369,Gm23501,256
ENSMUSG00000064428,Gm22746,107
ENSMUSG00000089423,Gm26007,120
ENSMUSG00000084689,n-R5s18,121
ENSMUSG00000089471,Gm25367,106
ENSMUSG00000077542,Gm22023,130
ENSMUSG00000064497,Gm22062,107
ENSMUSG00000104948,Gm44376,128
ENSMUSG00000076371,Gm22368,109
ENSMUSG00000086008,Gm8817,835
ENSMUSG00000088451,Gm26368,118
ENSMUSG00000089132,Gm24772,110
ENSMUSG00000089434,Gm23197,112
ENSMUSG00000099179,Gm27980,169
ENSMUSG00000065716,Gm25651,119
ENSMUSG00000095562,Erdr1,1577
ENSMUSG00000065242,Gm22294,104
ENSMUSG00000065068,n-R5s5,119
ENSMUSG00000077277,Gm22783,107
ENSMUSG00000065091,Gm23678,107
ENSMUSG00000064398,Gm23628,173
ENSMUSG00000065314,Gm26065,105
ENSMUSG00000092838,Gm24824,78
ENSMUSG00000087358,4930453H23Rik,1719
ENSMUSG00000077430,Gm22592,131
ENSMUSG00000088701,Gm25553,79
ENSMUSG00000065074,Gm24535,107
ENSMUSG00000064685,Gm25812,103
ENSMUSG00000064659,Gm26131,110
ENSMUSG00000093024,Gm25299,102
ENSMUSG00000098585,Gm27910,107
ENSMUSG00000098899,Gm27839,106
ENSMUSG00000105318,Gm44480,86
ENSMUSG00000098849,Gm27892,106
ENSMUSG00000080498,Gm26302,86
ENSMUSG00000099097,Gm27341,106
ENSMUSG00000104666,Gm44452,86
ENSMUSG00000105122,Gm44407,86
ENSMUSG00000105455,Gm44499,86
ENSMUSG00000105626,Gm44496,85
ENSMUSG00000104702,Gm44298,86
ENSMUSG00000087847,Gm25624,275
ENSMUSG00000084616,Gm25047,104
ENSMUSG00000104809,Gm44485,137
ENSMUSG00000065031,Gm22364,98
ENSMUSG00000064530,Gm23613,87
ENSMUSG00000087873,Gm26099,109
ENSMUSG00000093059,Gm24809,271
ENSMUSG00000065642,Snora69,131
ENSMUSG00000065088,Gm26494,143
ENSMUSG00000065739,Gm24493,143
ENSMUSG00000064697,Gm24147,144
ENSMUSG00000092878,Gm25642,66
ENSMUSG00000064529,Gm26437,105
ENSMUSG00000092777,Gm26194,71
ENSMUSG00000093206,Gm22413,85
ENSMUSG00000104879,Gm44490,127
ENSMUSG00000077558,Gm23705,130
ENSMUSG00000065622,Gm24763,190
ENSMUSG00000064464,Gm25078,107
ENSMUSG00000064806,Gm24038,159
ENSMUSG00000089443,Gm22528,104
ENSMUSG00000088918,Gm22612,101
ENSMUSG00000098271,Gm27828,119
ENSMUSG00000084612,n-R5s6,88
ENSMUSG00000089217,Gm23385,295
ENSMUSG00000094897,Gm22288,107
ENSMUSG00000093266,Gm23417,83
ENSMUSG00000088792,Gm22539,117
ENSMUSG00000055110,A630012P03Rik,1974
ENSMUSG00000087975,Gm23718,307
ENSMUSG00000095284,Gm22550,107
ENSMUSG00000080383,Gm22103,121
ENSMUSG00000088394,Gm26312,165
ENSMUSG00000088944,Gm23258,106
ENSMUSG00000065110,Snord61,71
ENSMUSG00000093905,Gm25023,107
ENSMUSG00000064728,Gm25851,107
ENSMUSG00000105997,Gm44333,107
ENSMUSG00000088157,Gm26351,232
ENSMUSG00000088647,Gm26487,94
ENSMUSG00000105367,Gm44500,100
ENSMUSG00000105409,Gm44318,69
ENSMUSG00000094896,Gm22287,107
ENSMUSG00000099018,Gm27360,80
ENSMUSG00000075918,n-R5s2,119
ENSMUSG00000071753,Cdr1os,22140
ENSMUSG00000080555,Gm24396,93
ENSMUSG00000096222,Gm25412,107
ENSMUSG00000084459,Gm24598,74
ENSMUSG00000065903,Gm26111,106
ENSMUSG00000089398,Gm23028,265
ENSMUSG00000087708,Gm23000,139
ENSMUSG00000087724,Gm26276,109
ENSMUSG00000088697,Gm22332,126
ENSMUSG00000099108,Gm27979,56
ENSMUSG00000098736,Gm27838,128
ENSMUSG00000089177,Gm22435,128
ENSMUSG00000065689,n-R5s7,121
ENSMUSG00000077275,Gm22785,132
ENSMUSG00000077309,n-R5s8,118
ENSMUSG00000094123,Gm23945,92
ENSMUSG00000089127,Gm26401,76
ENSMUSG00000065199,Gm23461,107
ENSMUSG00000088823,Gm25226,123
ENSMUSG00000064536,Gm23615,65
ENSMUSG00000064981,Snora70,137
ENSMUSG00000065291,Gm26125,107
ENSMUSG00000077462,Gm26417,135
ENSMUSG00000065859,Gm22351,107
ENSMUSG00000065935,Gm25629,107
ENSMUSG00000089014,Gm25520,118
ENSMUSG00000088477,Gm23082,133
ENSMUSG00000077406,Gm25421,164
ENSMUSG00000077650,Gm23320,127
ENSMUSG00000088773,Gm26041,108
ENSMUSG00000088530,Gm23280,139
ENSMUSG00000088278,Gm23121,173
ENSMUSG00000088335,Gm22843,134
ENSMUSG00000088446,Gm23556,92
ENSMUSG00000088211,Gm22083,102
ENSMUSG00000089040,Gm26174,219
ENSMUSG00000064781,Gm22686,100
ENSMUSG00000064740,Gm24706,137
ENSMUSG00000077674,Gm24470,132
ENSMUSG00000088097,Gm23671,103
ENSMUSG00000077620,n-R5s9,117
ENSMUSG00000065661,Gm22580,107
ENSMUSG00000106312,Gm44378,83
ENSMUSG00000078314,Gm14762,2985
ENSMUSG00000065758,n-R5s10,119
ENSMUSG00000093056,Gm24812,284
ENSMUSG00000065747,Gm25006,107
ENSMUSG00000098725,Gm27335,97
ENSMUSG00000095818,Gm24954,110
ENSMUSG00000080427,Gm24835,111
ENSMUSG00000088663,Gm25332,105
ENSMUSG00000093329,Gm24973,101
ENSMUSG00000077294,Gm24123,83
ENSMUSG00000065155,Gm25481,158
ENSMUSG00000065266,Gm23454,133
ENSMUSG00000088445,Gm23557,138
ENSMUSG00000105544,Gm44477,110
ENSMUSG00000084450,Gm24595,110
ENSMUSG00000077713,Gm25728,159
ENSMUSG00000088146,Gm24718,136
ENSMUSG00000099037,Gm27554,98
ENSMUSG00000088616,Gm26000,107
ENSMUSG00000090084,Srpx,2652
ENSMUSG00000031220,Awat2,2126
ENSMUSG00000051582,Otud6a,873
ENSMUSG00000031221,Igbp1,5717
ENSMUSG00000067597,Dgat2l6,4741
ENSMUSG00000015665,Awat1,1390
ENSMUSG00000044359,P2ry4,4434
ENSMUSG00000060890,Arr3,2355
ENSMUSG00000015668,Pdzd11,2127
ENSMUSG00000034311,Kif4,5514
ENSMUSG00000019359,Gdpd2,4609
ENSMUSG00000000881,Dlg3,5844
ENSMUSG00000046032,Snx12,2953
ENSMUSG00000042903,Foxo4,3485
ENSMUSG00000090141,Gm614,774
ENSMUSG00000031304,Il2rg,2387
ENSMUSG00000079487,Med12,7704
ENSMUSG00000031302,Nlgn3,9271
ENSMUSG00000047797,Gjb1,1707
ENSMUSG00000031310,Zmym3,8021
ENSMUSG00000031311,Nono,4375
ENSMUSG00000031312,Itgb1bp2,1799
ENSMUSG00000031174,Rpgr,7247
ENSMUSG00000034160,Ogt,8045
ENSMUSG00000050232,Cxcr3,1731
ENSMUSG00000046774,8030474K03Rik,2004
ENSMUSG00000079481,Nhsl2,16952
ENSMUSG00000079480,Pin4,651
ENSMUSG00000051220,Ercc6l,5302
ENSMUSG00000031320,Rps4x,1631
ENSMUSG00000051159,Cited1,1754
ENSMUSG00000067567,Hdac8,4839
ENSMUSG00000031173,Otc,4241
ENSMUSG00000079479,Gm9112,420
ENSMUSG00000073027,Dmrtc1b,1383
ENSMUSG00000067562,Dmrtc1c1,1637
ENSMUSG00000032894,1700031F05Rik,1444
ENSMUSG00000031323,Dmrtc1a,1388
ENSMUSG00000079476,1700011M02Rik,420
ENSMUSG00000082229,Nap1l2,2465
ENSMUSG00000031326,Cdx4,1963
ENSMUSG00000031327,Chic1,7375
ENSMUSG00000031329,Tsx,812
ENSMUSG00000031330,Zcchc13,1085
ENSMUSG00000033965,Slc16a2,4263
ENSMUSG00000056537,Rlim,8917
ENSMUSG00000031333,Abcb7,5905
ENSMUSG00000073016,Uprt,2304
ENSMUSG00000033906,Zdhhc15,5509
ENSMUSG00000058254,Tspan7,7067
ENSMUSG00000031224,Magee2,2316
ENSMUSG00000031226,Pbdc1,6098
ENSMUSG00000031227,Magee1,3550
ENSMUSG00000090132,Cypt2,697
ENSMUSG00000031230,Fgf16,1645
ENSMUSG00000031229,Atrx,21757
ENSMUSG00000031231,Cox7b,1214
ENSMUSG00000033792,Atp7a,8734
ENSMUSG00000033777,Tlr13,4304
ENSMUSG00000062070,Pgk1,2244
ENSMUSG00000047242,Taf9b,3158
ENSMUSG00000073012,Fnd3c2,3662
ENSMUSG00000033737,Fndc3c1,6315
ENSMUSG00000073010,Gm5127,2150
ENSMUSG00000047686,Rtl3,2948
ENSMUSG00000049929,Lpar4,4238
ENSMUSG00000050921,P2ry10,2982
ENSMUSG00000008035,Mid1ip1,2128
ENSMUSG00000031239,Itm2a,1744
ENSMUSG00000031241,Tbx22,5550
ENSMUSG00000031242,2610002M06Rik,6337
ENSMUSG00000073006,Gm732,1690
ENSMUSG00000063663,Brwd3,12692
ENSMUSG00000031245,Hmgn5,1934
ENSMUSG00000031246,Sh3bgrl,3298
ENSMUSG00000048621,Gm6377,2795
ENSMUSG00000056854,Pou3f4,2928
ENSMUSG00000034551,Hdx,9534
ENSMUSG00000025525,Apool,3486
ENSMUSG00000025528,2010106E10Rik,1287
ENSMUSG00000034607,Pof1b,3886
ENSMUSG00000100626,H2al1a,501
ENSMUSG00000101819,H2al1b,495
ENSMUSG00000025531,Chm,6780
ENSMUSG00000096097,H2al1c,318
ENSMUSG00000094904,H2al1d,318
ENSMUSG00000095413,H2al1e,494
ENSMUSG00000095655,H2al1f,318
ENSMUSG00000095662,H2al1g,509
ENSMUSG00000099443,H2al1h,318
ENSMUSG00000095445,H2al1i,318
ENSMUSG00000069038,H2al1j,330
ENSMUSG00000025592,Dach2,9868
ENSMUSG00000025597,Klhl4,3584
ENSMUSG00000050435,Ube2dnl1,743
ENSMUSG00000047079,Ube2dnl2,743
ENSMUSG00000072995,Cpxcr1,1596
ENSMUSG00000067441,H2ab1,348
ENSMUSG00000100194,Tgif2lx2,1030
ENSMUSG00000100133,Tgif2lx1,1030
ENSMUSG00000034732,Pabpc5,2434
ENSMUSG00000040363,Bcor,8666
ENSMUSG00000055733,Nap1l3,2837
ENSMUSG00000072049,Vmn2r121,5638
ENSMUSG00000031007,Atp6ap2,2618
ENSMUSG00000044148,1810030O07Rik,2699
ENSMUSG00000064127,Med14,8763
ENSMUSG00000058670,4932411N23Rik,3407
ENSMUSG00000062791,Gm382,4070
ENSMUSG00000049815,4921511C20Rik,1606
ENSMUSG00000031010,Usp9x,15051
ENSMUSG00000000787,Ddx3x,5277
ENSMUSG00000051323,Pcdh19,10464
ENSMUSG00000031250,Tnmd,1353
ENSMUSG00000067377,Tspan6,2060
ENSMUSG00000031253,Srpx2,2922
ENSMUSG00000031255,Sytl4,5125
ENSMUSG00000031256,Cstf2,9180
ENSMUSG00000031257,Nox1,3307
ENSMUSG00000031258,Xkrx,3024
ENSMUSG00000052549,Arl13a,1740
ENSMUSG00000067369,Trmt2b,4648
ENSMUSG00000033578,Tmem35a,1918
ENSMUSG00000031262,Cenpi,5681
ENSMUSG00000000223,Drp2,8553
ENSMUSG00000009596,Taf7l,2245
ENSMUSG00000048007,Timm8a1,1421
ENSMUSG00000031264,Btk,3149
ENSMUSG00000079435,Rpl36a,1655
ENSMUSG00000045427,Hnrnph2,4369
ENSMUSG00000051228,Nyx,5183
ENSMUSG00000049804,Armcx4,7996
ENSMUSG00000033460,Armcx1,3227
ENSMUSG00000050394,Armcx6,2486
ENSMUSG00000049047,Armcx3,3540
ENSMUSG00000009941,Nxf2,2568
ENSMUSG00000079432,Gm15023,3698
ENSMUSG00000031409,Tceal6,1114
ENSMUSG00000054994,AV320801,3698
ENSMUSG00000058252,Tcp11x2,1776
ENSMUSG00000060726,Tmsb15a,565
ENSMUSG00000072969,Armcx5,4247
ENSMUSG00000048040,Arxes2,1532
ENSMUSG00000048355,Arxes1,1580
ENSMUSG00000042750,Bex2,903
ENSMUSG00000057000,Nxf3,3048
ENSMUSG00000047844,Bex4,837
ENSMUSG00000054034,Tceal5,1263
ENSMUSG00000050071,Bex1,1186
ENSMUSG00000079428,Tceal7,1217
ENSMUSG00000042712,Tceal9,1037
ENSMUSG00000031424,Kir3dl1,1558
ENSMUSG00000047678,Gpr82,2497
ENSMUSG00000044550,Tceal3,3546
ENSMUSG00000049536,Tceal1,2803
ENSMUSG00000018595,Glra4,2010
ENSMUSG00000031425,Plp1,5551
ENSMUSG00000043463,Rab9b,3980
ENSMUSG00000048155,H2bfm,1052
ENSMUSG00000089768,Tmsb15b1,439
ENSMUSG00000031428,Zcchc18,4876
ENSMUSG00000042595,Fam199x,8299
ENSMUSG00000023443,Esx1,1985
ENSMUSG00000071686,Tex13a,1317
ENSMUSG00000031271,Serpina7,2448
ENSMUSG00000031270,4930513O06Rik,804
ENSMUSG00000042525,4933428M09Rik,1026
ENSMUSG00000051257,Trap1a,1178
ENSMUSG00000042498,Radx,3740
ENSMUSG00000031438,Rnf128,3464
ENSMUSG00000042473,Tbc1d8b,5211
ENSMUSG00000072945,Ripply1,811
ENSMUSG00000047230,Cldn2,3325
ENSMUSG00000031434,Morc4,6051
ENSMUSG00000072944,Nup62cl,2234
ENSMUSG00000042433,Pih1h3b,1509
ENSMUSG00000031432,Prps1,1993
ENSMUSG00000031431,Tsc22d3,4341
ENSMUSG00000042386,Tex13b,2800
ENSMUSG00000031430,Vsig1,2768
ENSMUSG00000031429,Psmd10,1469
ENSMUSG00000079418,Atg4a,2661
ENSMUSG00000031273,Col4a6,7973
ENSMUSG00000031274,Col4a5,6718
ENSMUSG00000054667,Irs4,6294
ENSMUSG00000042282,Gucy2f,8122
ENSMUSG00000078346,H2al1n,514
ENSMUSG00000042271,Nxt2,3176
ENSMUSG00000090122,Kcne1l,1543
ENSMUSG00000031278,Acsl4,5405
ENSMUSG00000047045,Tmem164,6851
ENSMUSG00000042225,Ammecr1,5437
ENSMUSG00000085584,Rtl9,4104
ENSMUSG00000067276,Capn6,7795
ENSMUSG00000031285,Dcx,12647
ENSMUSG00000041718,Alg13,6850
ENSMUSG00000041710,Trpc5,5014
ENSMUSG00000041700,Lhfpl1,1902
ENSMUSG00000041380,Htr2c,9328
ENSMUSG00000072930,Gm15107,2028
ENSMUSG00000079395,Gm15114,1974
ENSMUSG00000094885,Ott,2212
ENSMUSG00000094941,Gm15093,2022
ENSMUSG00000095621,Gm15085,2028
ENSMUSG00000072923,Gm10439,1977
ENSMUSG00000095082,Gm15091,2026
ENSMUSG00000025270,Alas2,2403
ENSMUSG00000025271,Pfkfb1,4017
ENSMUSG00000025266,Gnl3l,5570
ENSMUSG00000025265,Fgd1,4931
ENSMUSG00000025262,Fam120c,5823
ENSMUSG00000025261,Huwe1,23507
ENSMUSG00000025260,Hsd17b10,1298
ENSMUSG00000025257,Ribc1,1547
ENSMUSG00000041133,Smc1a,5769
ENSMUSG00000025332,Kdm5c,7110
ENSMUSG00000041096,Tspyl2,2820
ENSMUSG00000056679,Gpr173,5109
ENSMUSG00000025333,Gpr143,1995
ENSMUSG00000067215,Usp51,2204
ENSMUSG00000047238,Mageh1,1410
ENSMUSG00000041658,Rragb,2258
ENSMUSG00000041649,Klf8,5206
ENSMUSG00000050148,Ubqln2,3344
ENSMUSG00000048573,Cypt3,675
ENSMUSG00000041633,Kctd12b,4906
ENSMUSG00000046550,Spin2c,1377
ENSMUSG00000059663,Samt2b,919
ENSMUSG00000025051,Samt4,963
ENSMUSG00000072888,Samt2,923
ENSMUSG00000072100,Cldn34b1,1079
ENSMUSG00000094196,Magea3,963
ENSMUSG00000079350,Magea8,1646
ENSMUSG00000096644,Magea1,1108
ENSMUSG00000057402,Cldn34b2,1077
ENSMUSG00000025283,Sat1,2774
ENSMUSG00000025287,Acot9,2273
ENSMUSG00000025289,Prdx4,2106
ENSMUSG00000041552,Ptchd1,3005
ENSMUSG00000071708,Sms,6010
ENSMUSG00000091736,Yy2,2867
ENSMUSG00000047485,Klhl34,1935
ENSMUSG00000025658,Cnksr2,9267
ENSMUSG00000031309,Rps6ka3,8322
ENSMUSG00000067194,Eif1ax,5266
ENSMUSG00000041020,Map7d2,4121
ENSMUSG00000044150,Bclaf3,4869
ENSMUSG00000040990,Sh3kbp1,10100
ENSMUSG00000031303,Map3k15,4348
ENSMUSG00000031299,Pdha1,3734
ENSMUSG00000031298,Adgrg2,5278
ENSMUSG00000031295,Phka2,6068
ENSMUSG00000062168,Ppef1,2891
ENSMUSG00000031293,Rs1,5840
ENSMUSG00000031292,Cdkl5,14331
ENSMUSG00000055691,Gja6,2017
ENSMUSG00000043518,Rai2,2403
ENSMUSG00000031353,Rbbp7,2909
ENSMUSG00000038344,Txlng,7541
ENSMUSG00000031357,Syap1,2351
ENSMUSG00000031360,Ctps2,4720
ENSMUSG00000040808,S100g,480
ENSMUSG00000031364,Grpr,2523
ENSMUSG00000083695,Rnf138rt1,1191
ENSMUSG00000031367,Ap1s2,4965
ENSMUSG00000031370,Zrsr2,7194
ENSMUSG00000031373,Car5b,6354
ENSMUSG00000040749,Siah1b,2119
ENSMUSG00000015405,Ace2,3762
ENSMUSG00000031377,Bmx,3092
ENSMUSG00000031379,Pir,5553
ENSMUSG00000031380,Vegfd,2408
ENSMUSG00000031381,Piga,6385
ENSMUSG00000031382,Asb11,2847
ENSMUSG00000031384,Asb9,1139
ENSMUSG00000061778,Mospd2,7914
ENSMUSG00000047757,Fancb,2956
ENSMUSG00000018589,Glra2,3150
ENSMUSG00000023257,Cypt1,676
ENSMUSG00000040621,Gemin8,2487
ENSMUSG00000025037,Maoa,4167
ENSMUSG00000031342,Gpm6b,5600
ENSMUSG00000040586,Ofd1,4453
ENSMUSG00000079317,Trappc2,3643
ENSMUSG00000079316,Rab9,1749
ENSMUSG00000000402,Egfl6,2704
ENSMUSG00000040147,Maob,2789
ENSMUSG00000049775,Tmsb4x,1371
ENSMUSG00000044583,Tlr7,4082
ENSMUSG00000025742,Prps2,3873
ENSMUSG00000031358,Msl3,2877
ENSMUSG00000031355,Arhgap6,12128
ENSMUSG00000040138,Ndp,1939
ENSMUSG00000031354,Amelx,999
ENSMUSG00000031352,Hccs,5151
ENSMUSG00000055357,4933400A11Rik,1351
ENSMUSG00000093806,Asmt,1191
ENSMUSG00000025038,Efhc2,2554
ENSMUSG00000025040,Fundc1,2353
ENSMUSG00000025043,Dusp21,845
ENSMUSG00000037369,Kdm6a,8383
ENSMUSG00000037358,Dipk2b,3499
ENSMUSG00000068149,Tex13c3,876
ENSMUSG00000037347,Chst7,2206
ENSMUSG00000037341,Slc9a7,3820
ENSMUSG00000060090,Rp2,5141
ENSMUSG00000023070,Rgn,1607
ENSMUSG00000031059,Ndufb11,908
ENSMUSG00000001924,Uba1,4819
ENSMUSG00000031065,Cdk16,4378
ENSMUSG00000031066,Usp11,4732
ENSMUSG00000001127,Araf,6541
ENSMUSG00000001131,Timp1,888
ENSMUSG00000001128,Cfp,1736
ENSMUSG00000009406,Elk1,5381
ENSMUSG00000001134,Uxt,1639
ENSMUSG00000054737,Zfp182,5733
ENSMUSG00000037167,Spaca5,640
ENSMUSG00000031079,Zfp300,5338
ENSMUSG00000068122,Agtr2,3326
ENSMUSG00000031089,Slc6a14,3434
ENSMUSG00000036769,Wdr44,8353
ENSMUSG00000084063,Gm5934,2588
ENSMUSG00000081218,Gm4297,2579
ENSMUSG00000096620,Gm5169,890
ENSMUSG00000073267,Gm1993,1131
ENSMUSG00000083628,Gm2030,1129
ENSMUSG00000095063,Slx,925
ENSMUSG00000071788,Gm14525,893
ENSMUSG00000094624,Gm4836,907
ENSMUSG00000073257,Gm10488,874
ENSMUSG00000100249,Btbd35f23,1943
ENSMUSG00000118441,Btbd35f26,1701
ENSMUSG00000118465,Btbd35f19,1701
ENSMUSG00000118431,Btbd35f25,1701
ENSMUSG00000096426,Btbd35f24,1941
ENSMUSG00000095770,Gm21637,778
ENSMUSG00000118402,Btbd35f22,1929
ENSMUSG00000096194,Btbd35f2,1907
ENSMUSG00000118459,Btbd35f1,1908
ENSMUSG00000099711,Btbd35f21,1943
ENSMUSG00000118405,Btbd35f30,1908
ENSMUSG00000118409,Btbd35f5,1908
ENSMUSG00000101500,Btbd35f12,1908
ENSMUSG00000101294,Btbd35f15,1917
ENSMUSG00000095934,Btbd35f13,1701
ENSMUSG00000078324,Btbd35f14,1701
ENSMUSG00000096915,Btbd35f6,1497
ENSMUSG00000118429,Btbd35f9,1929
ENSMUSG00000094558,Btbd35f11,1960
ENSMUSG00000118438,Btbd35f8,1929
ENSMUSG00000073247,Gm10486,924
ENSMUSG00000031093,Dock11,9240
ENSMUSG00000017057,Il13ra1,3712
ENSMUSG00000036699,Zcchc12,2280
ENSMUSG00000016239,Lonrf3,3812
ENSMUSG00000006373,Pgrmc1,1857
ENSMUSG00000059708,Akap17b,6003
ENSMUSG00000037636,Slc25a43,1780
ENSMUSG00000016319,Slc25a5,1646
ENSMUSG00000016308,Ube2a,2272
ENSMUSG00000050379,Septin6,9882
ENSMUSG00000094876,Btbd35f18,1960
ENSMUSG00000044400,Sowahd,1574
ENSMUSG00000079641,Rpl39,1434
ENSMUSG00000036572,Upf3b,3999
ENSMUSG00000016409,Nkap,4326
ENSMUSG00000036551,Akap14,1792
ENSMUSG00000016427,Ndufa1,419
ENSMUSG00000036537,Rnf113a1,1223
ENSMUSG00000073243,Gm9,817
ENSMUSG00000071773,Rhox1,883
ENSMUSG00000051827,Rhox2a,844
ENSMUSG00000071772,Rhox3a,1053
ENSMUSG00000079639,Rhox4a,2289
ENSMUSG00000094945,Rhox4a2,901
ENSMUSG00000079638,Rhox2b,799
ENSMUSG00000071771,Rhox4b,2213
ENSMUSG00000079637,Rhox2c,1149
ENSMUSG00000079635,Rhox4c,2249
ENSMUSG00000095698,Rhox2d,685
ENSMUSG00000095716,Btbd35f10,1952
ENSMUSG00000079633,Rhox4d,2239
ENSMUSG00000096788,Rhox2e,848
ENSMUSG00000071770,Rhox4e,2298
ENSMUSG00000095741,Rhox2f,799
ENSMUSG00000079630,Rhox4f,2290
ENSMUSG00000079629,Rhox2g,797
ENSMUSG00000079628,Rhox4g,2315
ENSMUSG00000071769,Rhox3h,1053
ENSMUSG00000079627,Rhox2h,787
ENSMUSG00000006200,Rhox6,1010
ENSMUSG00000071767,Rhox7a,1229
ENSMUSG00000064137,Rhox8,1204
ENSMUSG00000068048,Rhox9,2488
ENSMUSG00000053909,Rhox10,763
ENSMUSG00000051038,Rhox11,811
ENSMUSG00000050197,Rhox13,876
ENSMUSG00000036502,Tmem255a,4490
ENSMUSG00000016327,Atp1b4,4201
ENSMUSG00000016534,Lamp2,9552
ENSMUSG00000031095,Cul4b,3873
ENSMUSG00000000355,Mcts1,1571
ENSMUSG00000048970,C1galt1c1,1449
ENSMUSG00000079619,Cypt15,519
ENSMUSG00000101381,Btbd35f16,1949
ENSMUSG00000095240,Cypt14,508
ENSMUSG00000078218,Btbd35f3,1943
ENSMUSG00000037475,Thoc2,12666
ENSMUSG00000094307,Btbd35f28,1960
ENSMUSG00000025860,Xiap,9469
ENSMUSG00000005696,Sh2d1a,5505
ENSMUSG00000094596,Btbd35f20,1960
ENSMUSG00000078320,Tex13c1,2074
ENSMUSG00000094273,Btbd35f17,1960
ENSMUSG00000050926,Dcaf12l2,2885
ENSMUSG00000045284,Dcaf12l1,3531
ENSMUSG00000037086,Prr32,1110
ENSMUSG00000046615,Actrt1,1339
ENSMUSG00000031099,Smarca1,6118
ENSMUSG00000001173,Ocrl,9486
ENSMUSG00000078213,Btbd35f4,1491
ENSMUSG00000037010,Apln,3149
ENSMUSG00000037005,Xpnpep2,4878
ENSMUSG00000031101,Sash3,2677
ENSMUSG00000036985,Zdhhc9,6733
ENSMUSG00000063785,Utp14a,4130
ENSMUSG00000036959,Bcorl1,8516
ENSMUSG00000036932,Aifm1,4006
ENSMUSG00000031104,Rab33a,1158
ENSMUSG00000036916,Zfp280c,5236
ENSMUSG00000051209,Gpr119,2269
ENSMUSG00000031107,Rbmx2,1872
ENSMUSG00000079606,Fsip2l,2122
ENSMUSG00000036198,Arhgap36,3421
ENSMUSG00000094860,Btbd35f27,1943
ENSMUSG00000067971,Olfr1321,4546
ENSMUSG00000031111,Igsf1,5768
ENSMUSG00000031112,Stk26,5271
ENSMUSG00000036131,Frmd7,2142
ENSMUSG00000050029,Rap2c,3545
ENSMUSG00000036109,Mbnl3,8743
ENSMUSG00000062184,Hs6st2,7807
ENSMUSG00000031118,1700080O16Rik,1571
ENSMUSG00000031119,Gpc4,2651
ENSMUSG00000055653,Gpc3,2690
ENSMUSG00000073207,Ccdc160,1536
ENSMUSG00000025626,Phf6,6946
ENSMUSG00000025630,Hprt,1289
ENSMUSG00000061082,Plac1,1395
ENSMUSG00000051851,Rtl8c,401
ENSMUSG00000067925,Rtl8a,1195
ENSMUSG00000067924,Rtl8b,1232
ENSMUSG00000055555,Ct55,1427
ENSMUSG00000054727,1700013H16Rik,1224
ENSMUSG00000059334,Zfp36l3,2347
ENSMUSG00000054626,Xlr,2333
ENSMUSG00000044597,Mycs,2368
ENSMUSG00000067909,Slxl1,730
ENSMUSG00000031125,3830403N18Rik,1022
ENSMUSG00000073177,Gm773,951
ENSMUSG00000073176,Zfp449,3738
ENSMUSG00000054850,Smim10l2a,2393
ENSMUSG00000064016,Gm648,1040
ENSMUSG00000061273,Mmgt1,4234
ENSMUSG00000060681,Slc9a6,5098
ENSMUSG00000095814,Btbd35f7,1960
ENSMUSG00000023092,Fhl1,3714
ENSMUSG00000067878,Map7d3,2891
ENSMUSG00000031130,Brs3,2772
ENSMUSG00000067873,Htatsf1,4879
ENSMUSG00000031132,Cd40lg,1250
ENSMUSG00000031133,Arhgef6,8552
ENSMUSG00000031134,Rbmx,4330
ENSMUSG00000079584,Gm364,2156
ENSMUSG00000036357,Gpr101,5410
ENSMUSG00000067860,Zic3,4639
ENSMUSG00000031137,Fgf13,4019
ENSMUSG00000031138,F9,2734
ENSMUSG00000031139,Mcf2,4502
ENSMUSG00000073295,Nudt11,3036
ENSMUSG00000073294,AU022751,2201
ENSMUSG00000045179,Sox3,2065
ENSMUSG00000090546,Cdr1,1554
ENSMUSG00000057615,Ldoc1,1459
ENSMUSG00000073293,Nudt10,1775
ENSMUSG00000031194,4931400O07Rik,647
ENSMUSG00000023279,Bmp15,3060
ENSMUSG00000068270,Shroom4,8880
ENSMUSG00000079579,Gm6760,604
ENSMUSG00000031179,3830417A13Rik,1767
ENSMUSG00000046699,Slitrk4,8743
ENSMUSG00000031181,Ctag2,854
ENSMUSG00000079578,Gm1140,782
ENSMUSG00000079577,Gm14692,782
ENSMUSG00000025288,4933436I01Rik,1426
ENSMUSG00000000838,Fmr1,8966
ENSMUSG00000062170,Fmr1nb,937
ENSMUSG00000056815,Gm6812,525
ENSMUSG00000031189,Aff2,7267
ENSMUSG00000059690,1700020N15Rik,525
ENSMUSG00000035847,Ids,5101
ENSMUSG00000045237,1110012L19Rik,1094
ENSMUSG00000073139,Tmem185a,2513
ENSMUSG00000035776,Cd99l2,4902
ENSMUSG00000015217,Hmgb3,2234
ENSMUSG00000004317,Clcn5,11452
ENSMUSG00000056380,Gpr50,3069
ENSMUSG00000073131,Vma21,7303
ENSMUSG00000073130,Gm1141,2994
ENSMUSG00000053593,Fate1,1500
ENSMUSG00000005864,Cnga2,3095
ENSMUSG00000033343,Magea4,948
ENSMUSG00000031340,Gabre,4736
ENSMUSG00000043453,Magea10,1821
ENSMUSG00000031343,Gabra3,3924
ENSMUSG00000031344,Gabrq,5352
ENSMUSG00000031347,Cetn2,1646
ENSMUSG00000031349,Nsdhl,2853
ENSMUSG00000046287,Pnma3,3405
ENSMUSG00000079845,Xlr4a,1535
ENSMUSG00000057836,Xlr3a,4045
ENSMUSG00000071745,DXBay18,2862
ENSMUSG00000072479,Xlr5b,1744
ENSMUSG00000079566,Spin2d,1015
ENSMUSG00000073125,Xlr3b,3780
ENSMUSG00000067768,Xlr4b,2560
ENSMUSG00000078317,F8a,2505
ENSMUSG00000031362,Xlr4c,2232
ENSMUSG00000058147,Xlr3c,1584
ENSMUSG00000031365,Zfp275,6745
ENSMUSG00000031374,Zfp92,6744
ENSMUSG00000031372,Trex2,1017
ENSMUSG00000031371,Haus7,1438
ENSMUSG00000031376,Atp2b3,4820
ENSMUSG00000031383,Dusp9,2722
ENSMUSG00000002012,Pnck,1971
ENSMUSG00000002015,Bcap31,1219
ENSMUSG00000031378,Abcd1,4192
ENSMUSG00000031385,Plxnb3,6493
ENSMUSG00000002007,Srpk3,2784
ENSMUSG00000002010,Idh3g,2701
ENSMUSG00000002006,Pdzd4,3970
ENSMUSG00000031391,L1cam,7347
ENSMUSG00000031390,Avpr2,2886
ENSMUSG00000031389,Arhgap4,8105
ENSMUSG00000031388,Naa10,4132
ENSMUSG00000031387,Renbp,2494
ENSMUSG00000031386,Hcfc1,8360
ENSMUSG00000031392,Irak1,4716
ENSMUSG00000031394,Opn1mw,1562
ENSMUSG00000031397,Tktl1,2473
ENSMUSG00000001964,Emd,2517
ENSMUSG00000008682,Rpl10,2053
ENSMUSG00000009995,Taz,5364
ENSMUSG00000019087,Atp6ap1,3026
ENSMUSG00000015291,Gdi1,4296
ENSMUSG00000001962,Fam50a,2288
ENSMUSG00000031398,Plxna3,7880
ENSMUSG00000015289,Lage3,2021
ENSMUSG00000032806,Slc10a3,2023
ENSMUSG00000031399,Fam3a,2485
ENSMUSG00000031400,G6pdx,3080
ENSMUSG00000079536,Ctag2l1,627
ENSMUSG00000079534,Gm5640,2861
ENSMUSG00000079532,Ctag2l2,776
ENSMUSG00000079531,Gm5936,2857
ENSMUSG00000032750,Gab3,3891
ENSMUSG00000031403,Dkc1,4121
ENSMUSG00000031402,Mpp1,5343
ENSMUSG00000031198,Fundc2,2785
ENSMUSG00000090110,Cmc4,1310
ENSMUSG00000031200,Mtcp1,4478
ENSMUSG00000031201,Brcc3,7887
ENSMUSG00000031197,Vbp1,2132
ENSMUSG00000031202,Rab39b,3401
ENSMUSG00000039556,Ppp1r3f,5153
ENSMUSG00000016382,Pls3,4238
ENSMUSG00000031143,Ccdc22,3427
ENSMUSG00000031142,Cacna1f,9089
ENSMUSG00000071738,Cldn34b3,1077
ENSMUSG00000031144,Syp,5211
ENSMUSG00000079525,Cldn34d,1003
ENSMUSG00000031145,Prickle3,4902
ENSMUSG00000031146,Plp2,1334
ENSMUSG00000031147,Magix,2910
ENSMUSG00000031148,Gpkow,3737
ENSMUSG00000039382,Wdr45,3310
ENSMUSG00000031149,Praf2,1339
ENSMUSG00000031150,Ccdc120,4165
ENSMUSG00000000134,Tfe3,9261
ENSMUSG00000025246,Tbl1x,7052
ENSMUSG00000035725,Prkx,5807
ENSMUSG00000000003,Pbsn,902
ENSMUSG00000079522,Gm14744,800
ENSMUSG00000031153,Gripap1,5502
ENSMUSG00000044121,5430402E10Rik,798
ENSMUSG00000067684,Obp1a,757
ENSMUSG00000079521,Gm5938,1131
ENSMUSG00000009731,Kcnd1,5287
ENSMUSG00000079519,Gm14743,759
ENSMUSG00000035651,4930480E11Rik,1486
ENSMUSG00000031154,Otud5,5200
ENSMUSG00000078315,Fam47c,1639
ENSMUSG00000031155,Pim2,2795
ENSMUSG00000031156,Slc35a2,4729
ENSMUSG00000031157,Pqbp1,1636
ENSMUSG00000031158,Timm17b,2557
ENSMUSG00000039278,Pcsk1n,2193
ENSMUSG00000031160,Eras,1077
ENSMUSG00000031162,Gata1,2438
ENSMUSG00000046942,Mageb16,1946
ENSMUSG00000031163,Glod5,673
ENSMUSG00000039231,Suv39h1,5270
ENSMUSG00000031165,Was,2381
ENSMUSG00000031166,Wdr13,5277
ENSMUSG00000060673,4930595M18Rik,2644
ENSMUSG00000031167,Rbm3,4698
ENSMUSG00000031168,Ebp,2310
ENSMUSG00000031169,Porcn,3000
ENSMUSG00000031171,Ftsj1,4760
ENSMUSG00000031170,Slc38a5,2241
ENSMUSG00000045103,Dmd,23801
ENSMUSG00000068219,Ssxb10,879
ENSMUSG00000035522,Tsga8,1070
ENSMUSG00000068218,Ssxb9,879
ENSMUSG00000079705,Ssxb1,875
ENSMUSG00000023165,Ssxb2,927
ENSMUSG00000079704,Gm14459,540
ENSMUSG00000035491,Fthl17a,835
ENSMUSG00000035476,Tab3,6639
ENSMUSG00000025059,Gk,7743
ENSMUSG00000025058,5430427O19Rik,3754
ENSMUSG00000035454,Samt3,1048
ENSMUSG00000025056,Nr0b1,1808
ENSMUSG00000035371,Ssx9,602
ENSMUSG00000071816,Ssxb5,602
ENSMUSG00000079699,Gm6592,507
ENSMUSG00000052364,B630019K06Rik,2583
ENSMUSG00000078208,Fthl17b,842
ENSMUSG00000079513,4932429P05Rik,3093
ENSMUSG00000060685,Fthl17c,850
ENSMUSG00000078206,Fthl17d,856
ENSMUSG00000035387,4930415L06Rik,2617
ENSMUSG00000071815,Fthl17e,841
ENSMUSG00000072249,Fthl17f,847
ENSMUSG00000091497,Gm44,993
ENSMUSG00000045797,4930402K13Rik,1781
ENSMUSG00000094861,Gm5072,1035
ENSMUSG00000096072,Gm8914,1035
ENSMUSG00000064129,Gm14781,1360
ENSMUSG00000061392,Mageb5,1357
ENSMUSG00000047344,Lancl3,3991
ENSMUSG00000071726,Gm5941,560
ENSMUSG00000015342,Xk,5076
ENSMUSG00000100200,H2al1m,535
ENSMUSG00000035277,Arx,4391
ENSMUSG00000006678,Pola1,8813
ENSMUSG00000100448,H2al1k,510
ENSMUSG00000035246,Pcyt1b,5357
ENSMUSG00000035232,Pdk3,2561
ENSMUSG00000035150,Eif2s3x,3812
ENSMUSG00000043549,Fam90a1b,3022
ENSMUSG00000079508,Apoo,1255
ENSMUSG00000015340,Cybb,5808
ENSMUSG00000025151,Maged1,4351
ENSMUSG00000071723,Gspt2,3781
ENSMUSG00000073062,Zxdb,5619
ENSMUSG00000071722,Spin4,4173
ENSMUSG00000025656,Arhgef9,8776
ENSMUSG00000050332,Amer1,8496
ENSMUSG00000031204,Asb12,1594
ENSMUSG00000035062,Zc4h2,2257
ENSMUSG00000061065,H2al1o,509
ENSMUSG00000035045,Zc3h12b,8032
ENSMUSG00000057421,Las1l,8143
ENSMUSG00000031207,Msn,6327
ENSMUSG00000044206,Vsig4,1484
ENSMUSG00000031209,Heph,7662
ENSMUSG00000031176,Dynlt3,2576
ENSMUSG00000031210,Gpr165,4545
ENSMUSG00000031212,Pgr15l,5379
ENSMUSG00000034457,Eda2r,5891
ENSMUSG00000046532,Ar,10048
ENSMUSG00000040456,H2ap,581
ENSMUSG00000048994,H2al3,553
ENSMUSG00000031214,Ophn1,13100
ENSMUSG00000054453,Sytl5,2301
ENSMUSG00000047694,Yipf6,7149
ENSMUSG00000031216,Stard8,5499
ENSMUSG00000031217,Efnb1,3452
ENSMUSG00000071719,Tmem28,3909
ENSMUSG00000082729,Gm14845,306
ENSMUSG00000031325,4930519F16Rik,3067
ENSMUSG00000043661,Gm9785,1015
ENSMUSG00000068200,Gm5931,477
ENSMUSG00000082070,Gm1866,477
ENSMUSG00000082260,Gm7429,348
ENSMUSG00000083971,Gm5943,459
ENSMUSG00000082927,Gm5863,1008
ENSMUSG00000091821,Srsx,1083
ENSMUSG00000118430,Cldn34c3,740
ENSMUSG00000118418,Gm17267,499
ENSMUSG00000103504,Gm38390,1065
ENSMUSG00000102207,Gm10344,1419
ENSMUSG00000082071,Pramel,1383
ENSMUSG00000042425,Frmpd3,10256
ENSMUSG00000081750,Gm4995,432
ENSMUSG00000082693,Gm15190,276
ENSMUSG00000081216,Gm6744,543
ENSMUSG00000084014,Gm7209,333
ENSMUSG00000072844,G530011O06Rik,2380
ENSMUSG00000079649,Gm2892,711
ENSMUSG00000082497,Gm40,660
ENSMUSG00000063816,Gm4987,408
ENSMUSG00000068014,Gm14648,483
ENSMUSG00000094975,Gm14595,537
ENSMUSG00000096376,Gm14590,537
ENSMUSG00000095890,Gm7958,468
ENSMUSG00000046993,Gm5637,1119
ENSMUSG00000082226,Gm715,831
ENSMUSG00000082202,Gm4910,366
ENSMUSG00000082926,Gm8172,750
ENSMUSG00000073141,4930567H17Rik,840
ENSMUSG00000086989,Gm16441,924
ENSMUSG00000082652,Gm14725,828
ENSMUSG00000090089,Magea9-ps,899
ENSMUSG00000083416,Gm15378,207
ENSMUSG00000080254,Fam220-ps,783
ENSMUSG00000039545,Flicr,3583
ENSMUSG00000082617,Smt3h2-ps,285
ENSMUSG00000083258,Gm5939,2874
ENSMUSG00000082496,Gm6798,360
ENSMUSG00000083714,Fthl17-ps1,516
ENSMUSG00000078123,Gm5071,1035
ENSMUSG00000071721,1700010D01Rik,507
ENSMUSG00000073051,Gm14812,1794
ENSMUSG00000092463,Gm20489,1350
ENSMUSG00000118638,AL805980.1,2017
ENSMUSG00000081443,Gm3880,337
ENSMUSG00000109745,1700018G05Rik,386
ENSMUSG00000098078,Gm26992,468
ENSMUSG00000109156,Gm45194,2279
ENSMUSG00000082482,H2ab2,348
ENSMUSG00000083616,H2ab3,348
ENSMUSG00000118415,Gm2411,857
ENSMUSG00000118483,Gm5945,857
ENSMUSG00000043569,Cldn34c4,814
ENSMUSG00000072955,Tmsb15l,816
ENSMUSG00000098559,Gm15013,801
ENSMUSG00000081607,Gm15294,977
ENSMUSG00000085139,A730046J19Rik,4707
ENSMUSG00000072931,Gm15080,2029
ENSMUSG00000087403,Kantr,5089
ENSMUSG00000086316,Nbdy,1971
ENSMUSG00000096867,Samt1c,984
ENSMUSG00000094592,Samt1d,984
ENSMUSG00000055109,Gm15155,1277
ENSMUSG00000108981,Gm15262,6206
ENSMUSG00000101818,Gm28269,559
ENSMUSG00000090102,Gm4985,1233
ENSMUSG00000079642,Gm6268,1453
ENSMUSG00000091556,Gm14569,5722
ENSMUSG00000080933,Rhox3g,991
ENSMUSG00000079626,Rhox7b,1091
ENSMUSG00000105993,Tex13c2,1834
ENSMUSG00000060967,Etd,478
ENSMUSG00000079593,Gm14597,827
ENSMUSG00000031182,4930447F04Rik,703
ENSMUSG00000071748,Gm14698,4226
ENSMUSG00000109368,Gm45015,1364
ENSMUSG00000096966,Gm18336,2298
ENSMUSG00000043715,Olfr1326-ps1,3637
ENSMUSG00000109493,Gm45208,1299
ENSMUSG00000067679,Obp1b,797
ENSMUSG00000079702,Ssxb6,518
ENSMUSG00000079697,Gm5751,444
ENSMUSG00000057805,1700084M14Rik,559
ENSMUSG00000079694,Gm14862,870
ENSMUSG00000118554,AL646049.1,1107
ENSMUSG00000109858,Pfn5,700
ENSMUSG00000081898,Gm5754,892
ENSMUSG00000082907,Gm14832,322
ENSMUSG00000083936,Gm14829,1138
ENSMUSG00000080813,Gm14828,1155
ENSMUSG00000081886,Gm6175,400
ENSMUSG00000085314,Gm14866,2118
ENSMUSG00000086736,Gm14902,1007
ENSMUSG00000081806,Gm14901,283
ENSMUSG00000081943,Gm9078,617
ENSMUSG00000083781,Gm14842,269
ENSMUSG00000096056,Gm21986,5560
ENSMUSG00000083897,Gm14843,212
ENSMUSG00000081674,Gm6184,1261
ENSMUSG00000118478,Gm50476,546
ENSMUSG00000084197,Gm9089,526
ENSMUSG00000084284,Tpt1-ps6,523
ENSMUSG00000082541,Gm9095,881
ENSMUSG00000081230,Gm9097,880
ENSMUSG00000082284,H3f3a-ps1,410
ENSMUSG00000087208,Gm5125,624
ENSMUSG00000081969,Gm16471,618
ENSMUSG00000084142,Gm9103,405
ENSMUSG00000081263,Gm14859,357
ENSMUSG00000085568,Gm14858,2109
ENSMUSG00000080899,Gm9109,1405
ENSMUSG00000083414,Gm14840,594
ENSMUSG00000080845,Gm9115,1348
ENSMUSG00000081716,Gm14839,714
ENSMUSG00000081108,Gm4234,714
ENSMUSG00000083680,Gm9119,495
ENSMUSG00000082191,Gm5166,573
ENSMUSG00000082783,Gm9126,416
ENSMUSG00000081240,Gm16511,564
ENSMUSG00000084397,Gm9133,540
ENSMUSG00000081986,Gm14841,758
ENSMUSG00000083775,Gm14837,206
ENSMUSG00000081779,Gm21998,1308
ENSMUSG00000084842,Pabpc1l2b-ps,690
ENSMUSG00000080774,Gm9143,745
ENSMUSG00000086524,Pabpc1l2a-ps,513
ENSMUSG00000084341,Gm3928,1307
ENSMUSG00000081567,Gm14838,248
ENSMUSG00000048949,Gm6206,2199
ENSMUSG00000083763,Gm9050,448
ENSMUSG00000080886,Gm14847,519
ENSMUSG00000098023,Gm19200,1001
ENSMUSG00000083805,Gm14848,467
ENSMUSG00000083711,Gm3931,455
ENSMUSG00000081280,Gm9516,424
ENSMUSG00000097953,Gm26952,409
ENSMUSG00000085715,Tsix,6077
ENSMUSG00000086503,Xist,17946
ENSMUSG00000083502,Gm14861,455
ENSMUSG00000082746,Rps12-ps1,401
ENSMUSG00000097571,Jpx,8756
ENSMUSG00000082383,Gm9670,540
ENSMUSG00000082812,Gm14860,429
ENSMUSG00000081004,Gm9157,225
ENSMUSG00000086370,Ftx,10205
ENSMUSG00000103697,Gm38020,4676
ENSMUSG00000080796,Gm9159,566
ENSMUSG00000083263,Gm14874,438
ENSMUSG00000083213,Gm14875,319
ENSMUSG00000081414,Gm3943,718
ENSMUSG00000083019,Gm6222,629
ENSMUSG00000104064,Gm37956,2010
ENSMUSG00000083605,Gm14893,282
ENSMUSG00000082322,Gm9164,1014
ENSMUSG00000081689,Gm9166,561
ENSMUSG00000080825,Gm14892,267
ENSMUSG00000086996,4933416E14Rik,1938
ENSMUSG00000083327,Vcp-rs,2406
ENSMUSG00000082996,Gm6238,465
ENSMUSG00000083049,Gm14822,291
ENSMUSG00000100364,1700121L16Rik,561
ENSMUSG00000081703,Gm6285,498
ENSMUSG00000082600,Gm9673,781
ENSMUSG00000087174,5530601H04Rik,9005
ENSMUSG00000082245,Gm6292,1095
ENSMUSG00000083889,E530001F21Rik,730
ENSMUSG00000085791,Rpl30-ps9,345
ENSMUSG00000083744,Gm14824,737
ENSMUSG00000087620,5330434G04Rik,6494
ENSMUSG00000082464,Rab9b-ps1,606
ENSMUSG00000081976,Gm14823,238
ENSMUSG00000084376,Gm14855,192
ENSMUSG00000082275,Gm14854,841
ENSMUSG00000063442,Gm7117,387
ENSMUSG00000079965,Gm14853,549
ENSMUSG00000081081,Gm14856,613
ENSMUSG00000082618,Gm14852,647
ENSMUSG00000081289,Gm14857,3185
ENSMUSG00000083814,Gm5133,1255
ENSMUSG00000084219,Gm14876,327
ENSMUSG00000081778,Gm6325,3114
ENSMUSG00000082174,Gm14877,478
ENSMUSG00000083432,Gm14878,293
ENSMUSG00000081395,Gm14879,507
ENSMUSG00000083595,Gm9200,1354
ENSMUSG00000083063,Gm14882,218
ENSMUSG00000082939,Gm14881,372
ENSMUSG00000083262,Gm14470,466
ENSMUSG00000080841,Gm14880,292
ENSMUSG00000081308,Gm14480,433
ENSMUSG00000082630,Gm14834,795
ENSMUSG00000085587,Gm14493,543
ENSMUSG00000080898,Gm14836,471
ENSMUSG00000080939,Gm9208,948
ENSMUSG00000081131,Gm14833,1027
ENSMUSG00000080758,Gm5392,789
ENSMUSG00000082172,Gm14835,315
ENSMUSG00000055700,4933401B06Rik,1219
ENSMUSG00000081807,Gm14849,2846
ENSMUSG00000082354,Gm378,820
ENSMUSG00000081560,Gm9218,2694
ENSMUSG00000093916,Gm379,2627
ENSMUSG00000081680,Gm14473,557
ENSMUSG00000086629,2810403D21Rik,8345
ENSMUSG00000081748,Gm14870,156
ENSMUSG00000081793,5730416F02Rik,812
ENSMUSG00000083210,Gm14869,884
ENSMUSG00000081681,Gm14868,216
ENSMUSG00000082189,Gm4784,1824
ENSMUSG00000083928,Gm4991,1552
ENSMUSG00000083419,Gm14485,493
ENSMUSG00000082853,Gm7134,2406
ENSMUSG00000083641,Gm9225,836
ENSMUSG00000081211,Gm14886,2629
ENSMUSG00000109088,Gm44593,1249
ENSMUSG00000062226,Gm10112,349
ENSMUSG00000083898,Gm7340,2752
ENSMUSG00000082546,Gm14898,645
ENSMUSG00000082752,Gm14899,548
ENSMUSG00000083037,Gm14900,733
ENSMUSG00000083392,Gm6335,1194
ENSMUSG00000080948,Gm14481,629
ENSMUSG00000082669,Gm5393,272
ENSMUSG00000083520,Gm6418,3577
ENSMUSG00000083818,Gm14908,1286
ENSMUSG00000081399,Gm14921,908
ENSMUSG00000084097,Gm14922,163
ENSMUSG00000082636,Gm14923,155
ENSMUSG00000081555,Gm6427,979
ENSMUSG00000083103,Gm6429,475
ENSMUSG00000081082,Gm14937,208
ENSMUSG00000082392,Gm14938,943
ENSMUSG00000084963,Gm14936,2621
ENSMUSG00000083560,Gm14939,680
ENSMUSG00000081831,Gm7405,1337
ENSMUSG00000082511,Gm4915,1569
ENSMUSG00000082567,Gm14896,1351
ENSMUSG00000084031,Gm7416,1487
ENSMUSG00000079963,Gm7146,739
ENSMUSG00000081978,Gm14895,1361
ENSMUSG00000081354,Gm14894,270
ENSMUSG00000083561,Gm5942,439
ENSMUSG00000081160,Gm14897,207
ENSMUSG00000085619,4930555B12Rik,283
ENSMUSG00000082440,Gm4914,459
ENSMUSG00000083452,Gm14905,639
ENSMUSG00000080965,Gm6461,633
ENSMUSG00000081034,Gm5944,1001
ENSMUSG00000083663,Gm14903,537
ENSMUSG00000081124,Gm14906,390
ENSMUSG00000083352,Gm14907,854
ENSMUSG00000083492,Gm14515,216
ENSMUSG00000084053,Gm14904,335
ENSMUSG00000080811,Gm14513,123
ENSMUSG00000043295,Gm16373,303
ENSMUSG00000080954,Gm14919,390
ENSMUSG00000080852,Gm14918,268
ENSMUSG00000081134,Gm14913,1093
ENSMUSG00000083345,Gm6491,990
ENSMUSG00000100780,Gm28579,369
ENSMUSG00000083602,Gm14911,989
ENSMUSG00000084283,Gm14914,2031
ENSMUSG00000081659,Gm14917,2105
ENSMUSG00000084324,Gm6500,451
ENSMUSG00000082403,Gm14916,204
ENSMUSG00000081466,Gm14912,1773
ENSMUSG00000084138,Gm14915,204
ENSMUSG00000081268,Gm14909,351
ENSMUSG00000083031,Gm14910,1805
ENSMUSG00000082146,Rpl23a-ps13,441
ENSMUSG00000081171,Gm7485,1109
ENSMUSG00000083439,Gm14491,199
ENSMUSG00000081587,Gm14926,508
ENSMUSG00000086431,Gm14929,1850
ENSMUSG00000081947,Gm14512,230
ENSMUSG00000083151,Gm4913,1290
ENSMUSG00000084172,Gm16420,856
ENSMUSG00000082718,Gm14928,477
ENSMUSG00000083321,Gm14931,253
ENSMUSG00000081546,Gm14927,454
ENSMUSG00000081728,Gm14930,652
ENSMUSG00000083275,Gm4993,1174
ENSMUSG00000080695,Gm5394,975
ENSMUSG00000083668,Gm5648,1587
ENSMUSG00000083699,Gm14932,453
ENSMUSG00000083486,Gm14521,350
ENSMUSG00000082590,Gm14943,546
ENSMUSG00000084054,Gm14945,1118
ENSMUSG00000084110,Gm4992,768
ENSMUSG00000082840,Gm16421,1557
ENSMUSG00000081095,Gm14946,296
ENSMUSG00000083537,Gm14942,336
ENSMUSG00000086452,Gm14947,303
ENSMUSG00000083490,Gm14940,495
ENSMUSG00000095005,Astx6,1150
ENSMUSG00000084776,Gm14951,570
ENSMUSG00000096362,Rps12-ps21,402
ENSMUSG00000087591,Gm14635,1614
ENSMUSG00000094288,Astx2,1150
ENSMUSG00000095277,Rps12-ps22,402
ENSMUSG00000085536,Gm14950,1155
ENSMUSG00000093796,Rps12-ps23,402
ENSMUSG00000095521,Astx5,1150
ENSMUSG00000094015,Rps12-ps20,402
ENSMUSG00000096831,Rps12-ps6,399
ENSMUSG00000095420,Astx1a,1150
ENSMUSG00000094238,Rps12-ps11,399
ENSMUSG00000096318,Astx4a,1149
ENSMUSG00000081461,Rpl30-ps11,345
ENSMUSG00000093990,Rps12-ps12,399
ENSMUSG00000094675,Astx4b,1149
ENSMUSG00000096135,Rps12-ps18,399
ENSMUSG00000118442,Gm50465,174
ENSMUSG00000095283,Astx1b,1150
ENSMUSG00000095017,Rps12-ps15,399
ENSMUSG00000118470,Gm50485,499
ENSMUSG00000095137,Rps12-ps17,399
ENSMUSG00000118432,Gm50486,499
ENSMUSG00000094540,Astx4c,1149
ENSMUSG00000096763,Rps12-ps13,399
ENSMUSG00000095008,Astx1c,1150
ENSMUSG00000095499,Rps12-ps14,399
ENSMUSG00000118464,Gm17522,174
ENSMUSG00000096897,Astx4d,1149
ENSMUSG00000096437,Rps12-ps16,399
ENSMUSG00000095563,Astx3,1150
ENSMUSG00000083294,Gm14957,817
ENSMUSG00000083199,Gm9432,759
ENSMUSG00000081736,Gm14971,663
ENSMUSG00000079871,Gm4984,360
ENSMUSG00000082611,Gm7746,503
ENSMUSG00000086473,Gm16265,108
ENSMUSG00000082772,Gm381,2037
ENSMUSG00000081639,Gm14973,255
ENSMUSG00000082690,Gm14972,364
ENSMUSG00000082382,Gm14970,355
ENSMUSG00000085891,Gm14634,2622
ENSMUSG00000083250,Gm5403,2795
ENSMUSG00000081739,Mdm4-ps,6514
ENSMUSG00000082126,Gm14975,664
ENSMUSG00000085722,Gm4916,642
ENSMUSG00000086244,4930558G05Rik,494
ENSMUSG00000083760,Gm14524,683
ENSMUSG00000083307,AA414768,1257
ENSMUSG00000083751,Gm14534,357
ENSMUSG00000084337,Gm14986,1002
ENSMUSG00000081900,Gm14985,786
ENSMUSG00000081874,Gm14983,323
ENSMUSG00000084047,Gm14984,1263
ENSMUSG00000087424,5730405O15Rik,1836
ENSMUSG00000083920,Gm14987,676
ENSMUSG00000081456,Gm7781,788
ENSMUSG00000083024,Gm14982,442
ENSMUSG00000084256,Gm14976,1394
ENSMUSG00000083999,Gm7790,1310
ENSMUSG00000081072,Gm14977,812
ENSMUSG00000094574,Gm15027,138
ENSMUSG00000082117,Gm4994,2187
ENSMUSG00000094259,Gm14536,138
ENSMUSG00000084349,Rpl3-ps1,1210
ENSMUSG00000082205,Gm7058,902
ENSMUSG00000083364,Llph-ps2,393
ENSMUSG00000082537,Gm14981,943
ENSMUSG00000100714,2010308F09Rik,704
ENSMUSG00000082090,Gm16481,1227
ENSMUSG00000083177,Gm7820,1052
ENSMUSG00000081255,Gm5380,2136
ENSMUSG00000083205,Gm7821,788
ENSMUSG00000082905,Gm7823,1623
ENSMUSG00000083858,Gm14979,1035
ENSMUSG00000080914,Gm7129,997
ENSMUSG00000083062,Gm14980,736
ENSMUSG00000080818,Gm9434,813
ENSMUSG00000084875,4930570D08Rik,196
ENSMUSG00000080788,Gm7841,1629
ENSMUSG00000070641,Gm16410,774
ENSMUSG00000083687,Gm15154,366
ENSMUSG00000085226,Gm7855,687
ENSMUSG00000082655,Gm7857,358
ENSMUSG00000087024,B230119M05Rik,979
ENSMUSG00000081972,Gm16397,494
ENSMUSG00000083236,Gm7222,906
ENSMUSG00000081597,Gm14506,536
ENSMUSG00000081292,Gm15018,633
ENSMUSG00000089759,3632454L22Rik,4924
ENSMUSG00000081146,Gm6207,1386
ENSMUSG00000085556,Gm15020,636
ENSMUSG00000081709,Gm15022,746
ENSMUSG00000087428,Gm15017,632
ENSMUSG00000095599,Gm6215,1386
ENSMUSG00000095964,Gm6221,1386
ENSMUSG00000094371,Gm7905,1386
ENSMUSG00000086685,Gm15015,636
ENSMUSG00000096119,Gm6228,1386
ENSMUSG00000082602,Gm15021,742
ENSMUSG00000084330,Gm15019,434
ENSMUSG00000083223,Gm15016,720
ENSMUSG00000087553,5730412P04Rik,1149
ENSMUSG00000083470,Nsa2-ps2,773
ENSMUSG00000083324,Gm14997,636
ENSMUSG00000083162,Gm4917,650
ENSMUSG00000084216,Gm7973,488
ENSMUSG00000084245,Gm14994,1092
ENSMUSG00000082261,Gm14999,624
ENSMUSG00000083517,Gm14998,495
ENSMUSG00000081507,Gm14993,164
ENSMUSG00000096589,Gm14992,512
ENSMUSG00000095327,Gm14996,512
ENSMUSG00000082358,Gm14990,445
ENSMUSG00000081286,Gm14995,391
ENSMUSG00000082021,Gm14991,598
ENSMUSG00000083828,Gm15006,1122
ENSMUSG00000082504,Gm15003,446
ENSMUSG00000095702,Gm15005,512
ENSMUSG00000082421,Gm15004,630
ENSMUSG00000080874,Gm15010,407
ENSMUSG00000087368,BC065397,3515
ENSMUSG00000082214,Gm15009,322
ENSMUSG00000082563,Gm15026,458
ENSMUSG00000080953,Gm15025,418
ENSMUSG00000081295,Gm6275,1122
ENSMUSG00000083445,Gm15038,296
ENSMUSG00000080718,Gm8019,587
ENSMUSG00000084086,Gm5761,834
ENSMUSG00000081938,Gm15039,875
ENSMUSG00000095988,Gm15042,883
ENSMUSG00000095591,Gm15045,883
ENSMUSG00000082011,Gm15043,1543
ENSMUSG00000083493,Gm15044,598
ENSMUSG00000082696,Gm15040,1241
ENSMUSG00000081349,Gm15041,756
ENSMUSG00000082955,Gm8036,1718
ENSMUSG00000082135,Gm14988,1548
ENSMUSG00000084118,Gm14989,207
ENSMUSG00000081017,Gm15000,1243
ENSMUSG00000083053,Gm15001,795
ENSMUSG00000083180,Gm15007,710
ENSMUSG00000086807,Platr21,4041
ENSMUSG00000081869,Gm15002,452
ENSMUSG00000082736,Gm5381,1250
ENSMUSG00000084205,Gm8061,350
ENSMUSG00000082018,Gm6322,1004
ENSMUSG00000081018,Gm15012,106
ENSMUSG00000081374,Gm15011,1480
ENSMUSG00000081761,Gm6298,981
ENSMUSG00000086441,Gm15046,408
ENSMUSG00000082031,Gm8097,829
ENSMUSG00000118524,AL683809.1,171
ENSMUSG00000081408,Gm15047,454
ENSMUSG00000085146,Eif2c5,1416
ENSMUSG00000083646,Gm6088,2539
ENSMUSG00000082165,Gm7091,586
ENSMUSG00000081029,Gm15077,362
ENSMUSG00000083710,Gm15078,782
ENSMUSG00000082223,Gm15079,216
ENSMUSG00000081217,Gm15268,352
ENSMUSG00000081803,Gm15282,300
ENSMUSG00000086426,Gm15295,488
ENSMUSG00000083741,Gm15297,290
ENSMUSG00000085466,Hmgn2l6,267
ENSMUSG00000086907,Gm15298,1212
ENSMUSG00000080775,Gm6368,2147
ENSMUSG00000082291,Gm5762,258
ENSMUSG00000083026,Gm6373,360
ENSMUSG00000082675,Gm6382,942
ENSMUSG00000082890,Gm15014,258
ENSMUSG00000083311,Gm5643,966
ENSMUSG00000082929,Gm6067,491
ENSMUSG00000071680,Gm7123,213
ENSMUSG00000081365,Gm15031,210
ENSMUSG00000081568,Gm15032,411
ENSMUSG00000048600,Gm5763,1530
ENSMUSG00000081463,Gm15049,463
ENSMUSG00000080733,Gm14867,866
ENSMUSG00000083089,Gm4760,1030
ENSMUSG00000082060,Gm15048,954
ENSMUSG00000082121,Gm8199,823
ENSMUSG00000084361,Gm8202,310
ENSMUSG00000081897,Gm15067,156
ENSMUSG00000083200,Gm15066,2608
ENSMUSG00000080922,Gm2214,330
ENSMUSG00000081635,Gm15071,1366
ENSMUSG00000082106,Mageb16-ps1,1127
ENSMUSG00000084303,Gm8216,601
ENSMUSG00000081336,Gm15073,634
ENSMUSG00000082085,Gm6441,696
ENSMUSG00000100104,Gm5644,465
ENSMUSG00000081646,Gm15060,948
ENSMUSG00000082773,Gm15058,458
ENSMUSG00000080915,Gm6446,818
ENSMUSG00000083375,Gm15057,534
ENSMUSG00000083908,Gm6447,835
ENSMUSG00000080755,Gm15062,367
ENSMUSG00000083960,Gm4918,1084
ENSMUSG00000081738,Hmgb1-ps2,636
ENSMUSG00000084161,Gm15061,1046
ENSMUSG00000081197,Gm15076,474
ENSMUSG00000081718,Gm8261,1208
ENSMUSG00000084147,Gm15075,477
ENSMUSG00000082594,Gm15074,936
ENSMUSG00000084061,Gm4996,784
ENSMUSG00000080250,Gm16400,1029
ENSMUSG00000084191,Gm15167,187
ENSMUSG00000085441,Gm8289,1182
ENSMUSG00000083970,Gm15081,844
ENSMUSG00000084907,Gm14505,831
ENSMUSG00000080046,Gm15108,803
ENSMUSG00000083809,Gm15110,881
ENSMUSG00000094643,Gm8303,1762
ENSMUSG00000072929,Gm15109,2026
ENSMUSG00000081533,Gm15111,878
ENSMUSG00000084001,Gm15113,836
ENSMUSG00000096453,Gm8320,1762
ENSMUSG00000082856,Gm15106,821
ENSMUSG00000084112,Gm15112,860
ENSMUSG00000095627,Gm8331,1762
ENSMUSG00000080071,Gm15125,800
ENSMUSG00000082995,Gm15126,833
ENSMUSG00000083256,Kars-ps1,1767
ENSMUSG00000094712,Gm15099,573
ENSMUSG00000095994,Gm15084,1502
ENSMUSG00000083778,Gm15094,1131
ENSMUSG00000083231,Gm15096,878
ENSMUSG00000086974,Gm15092,574
ENSMUSG00000096213,Gm15088,1508
ENSMUSG00000096179,Gm15090,1196
ENSMUSG00000096899,Gm8346,1769
ENSMUSG00000095820,Gm15098,1508
ENSMUSG00000093851,Gm15089,1196
ENSMUSG00000095408,Gm8366,1769
ENSMUSG00000096008,Gm15100,573
ENSMUSG00000081763,Gm9435,877
ENSMUSG00000096338,Gm15086,573
ENSMUSG00000094964,Gm15101,1502
ENSMUSG00000095561,Gm8383,1770
ENSMUSG00000082937,Gm15095,1430
ENSMUSG00000084395,Gm15087,1172
ENSMUSG00000095534,Gm15102,1502
ENSMUSG00000081827,Gm15103,871
ENSMUSG00000094767,Gm8402,1770
ENSMUSG00000048592,Gm5946,2724
ENSMUSG00000081928,Gm15105,204
ENSMUSG00000082974,Gm15129,279
ENSMUSG00000081187,3110067C02Rik,2117
ENSMUSG00000081396,Gm15132,652
ENSMUSG00000082961,Gm15131,595
ENSMUSG00000087149,Itih5l-ps,4077
ENSMUSG00000098311,Gm27191,448
ENSMUSG00000081194,Gm8424,988
ENSMUSG00000081782,Gm15152,394
ENSMUSG00000045217,Ppp1r2-ps9,882
ENSMUSG00000081942,Gm15149,360
ENSMUSG00000081625,Rps12-ps7,385
ENSMUSG00000086286,Gm15138,379
ENSMUSG00000083596,Rpl21-ps15,483
ENSMUSG00000084771,A230072E10Rik,6252
ENSMUSG00000084166,Gm6451,717
ENSMUSG00000082423,Gm15148,156
ENSMUSG00000082342,Gm5395,915
ENSMUSG00000081331,Gm15151,177
ENSMUSG00000083379,Gm4919,604
ENSMUSG00000083719,Gm15161,387
ENSMUSG00000082778,Gm15191,1000
ENSMUSG00000083474,Gm15267,464
ENSMUSG00000081306,Gm15266,255
ENSMUSG00000084885,3010001F23Rik,1816
ENSMUSG00000087235,Gm4750,2200
ENSMUSG00000087569,Actb-ps1,2200
ENSMUSG00000083948,Gm7158,903
ENSMUSG00000081993,Gm8475,526
ENSMUSG00000083440,Rpl7a-ps12,794
ENSMUSG00000095597,Rps7-ps3,651
ENSMUSG00000085982,9530051G07Rik,4414
ENSMUSG00000084275,Gm5396,532
ENSMUSG00000098118,Gm26960,412
ENSMUSG00000082733,Gm15153,274
ENSMUSG00000080743,Gm7150,981
ENSMUSG00000080799,Gm15166,385
ENSMUSG00000082838,Gm14519,312
ENSMUSG00000083488,Gm8534,766
ENSMUSG00000109128,Gm45022,545
ENSMUSG00000082906,Smt3h1-ps,280
ENSMUSG00000094427,Gm15143,714
ENSMUSG00000095065,Gm5947,714
ENSMUSG00000093899,Gm5645,714
ENSMUSG00000094118,Gm16445,714
ENSMUSG00000082751,Gm6620,715
ENSMUSG00000082462,Gm15147,483
ENSMUSG00000083978,Gm5060,599
ENSMUSG00000081870,Gm15141,729
ENSMUSG00000081502,Gm5646,714
ENSMUSG00000082584,Gm8569,647
ENSMUSG00000084367,Gm15142,856
ENSMUSG00000082197,Gm8577,986
ENSMUSG00000083554,Gm6645,2726
ENSMUSG00000045694,Gm4997,360
ENSMUSG00000083823,Amd-ps1,994
ENSMUSG00000081364,Gm8595,630
ENSMUSG00000082560,Gm15157,702
ENSMUSG00000083931,Gm14518,542
ENSMUSG00000084065,Gm15159,764
ENSMUSG00000081994,Gm14517,337
ENSMUSG00000052157,Gm650,1551
ENSMUSG00000081821,Gm15158,570
ENSMUSG00000083362,Gm8606,888
ENSMUSG00000084932,Gm15156,417
ENSMUSG00000081386,Gm15160,907
ENSMUSG00000082612,4930503H13Rik,725
ENSMUSG00000083573,Gm7312,469
ENSMUSG00000084246,Gm15162,283
ENSMUSG00000085711,Gm15163,1302
ENSMUSG00000082708,Gm15172,1046
ENSMUSG00000083841,Gm1947,910
ENSMUSG00000082002,Gm6568,697
ENSMUSG00000081415,Gm15176,135
ENSMUSG00000083636,Gm15175,132
ENSMUSG00000081222,Gm15173,433
ENSMUSG00000081505,Gm8644,596
ENSMUSG00000083117,Gm15171,334
ENSMUSG00000083166,Gm8648,221
ENSMUSG00000086188,Gm15169,4552
ENSMUSG00000082076,Gm8659,1084
ENSMUSG00000083136,Gm15170,2023
ENSMUSG00000081797,Gm8662,574
ENSMUSG00000084270,Gm15177,577
ENSMUSG00000084210,Gm15168,316
ENSMUSG00000082026,Gm5764,885
ENSMUSG00000083316,Gm15185,746
ENSMUSG00000083625,Gm15188,704
ENSMUSG00000083127,Gm15189,1966
ENSMUSG00000086048,Drr1,2904
ENSMUSG00000083437,Gm15187,264
ENSMUSG00000083906,Gm15186,563
ENSMUSG00000083393,Gm15194,434
ENSMUSG00000082810,Gm8682,498
ENSMUSG00000082500,Gm15195,263
ENSMUSG00000083318,Gm15192,293
ENSMUSG00000083516,Gm15196,482
ENSMUSG00000081536,Gm15193,865
ENSMUSG00000087505,Gm15241,474
ENSMUSG00000085695,Gm15243,382
ENSMUSG00000083945,Gm15242,283
ENSMUSG00000082449,Gm15244,130
ENSMUSG00000080983,Gm5419,527
ENSMUSG00000081845,Prkaca-ps1,919
ENSMUSG00000086540,Scml1,2537
ENSMUSG00000087571,Gm15202,393
ENSMUSG00000082625,Gm15204,2281
ENSMUSG00000059461,Gm7331,387
ENSMUSG00000082007,Gm15206,454
ENSMUSG00000083963,Gm15203,455
ENSMUSG00000082571,Gm8737,642
ENSMUSG00000086034,Gm15201,1210
ENSMUSG00000081312,Gm14520,387
ENSMUSG00000084022,Gm16459,686
ENSMUSG00000082539,Gm15207,442
ENSMUSG00000081917,Gm15209,400
ENSMUSG00000083225,Gm15215,489
ENSMUSG00000082598,Gm15212,466
ENSMUSG00000082970,Gm15214,470
ENSMUSG00000080778,Gm7199,1485
ENSMUSG00000081699,Gm15213,216
ENSMUSG00000083551,Gm14516,252
ENSMUSG00000081931,Gm15211,528
ENSMUSG00000080834,Gm15216,277
ENSMUSG00000082134,Gm15236,379
ENSMUSG00000081012,Gm15224,388
ENSMUSG00000083466,Gm15225,1017
ENSMUSG00000083288,Csnk2a1-ps,1175
ENSMUSG00000084080,Gm15227,399
ENSMUSG00000085880,Gm15229,1398
ENSMUSG00000081875,Gm15223,826
ENSMUSG00000087677,Gm15226,2971
ENSMUSG00000086860,Gm1720,1503
ENSMUSG00000067147,Rpl7a-ps11,801
ENSMUSG00000084920,Gm15230,510
ENSMUSG00000082019,Gm15231,447
ENSMUSG00000082360,Gm8814,535
ENSMUSG00000084806,Gm15232,2318
ENSMUSG00000087340,Gm15228,3440
ENSMUSG00000086258,Gm15239,603
ENSMUSG00000084378,Gm15238,1296
ENSMUSG00000082915,Gm15240,720
ENSMUSG00000084180,Gm15237,469
ENSMUSG00000083611,Gm8832,395
ENSMUSG00000081500,Gm15233,400
ENSMUSG00000087201,Gm15261,2763
ENSMUSG00000087159,Gm15246,619
ENSMUSG00000081137,BC022960,1815
ENSMUSG00000087587,Gm15245,1186
ENSMUSG00000087263,Gm15726,509
ENSMUSG00000086695,Gm15247,403
ENSMUSG00000096661,Gm15069,192
ENSMUSG00000094276,Gm15068,192
ENSMUSG00000081858,Gm14514,940
ENSMUSG00000083140,Gm5073,820
ENSMUSG00000081614,Gm9436,1855
ENSMUSG00000096716,Gm5755,837
ENSMUSG00000096235,Gm5123,837
ENSMUSG00000081271,Gm14883,157
ENSMUSG00000082757,Gm6923,406
ENSMUSG00000081654,Gm5383,617
ENSMUSG00000073274,Gm14636,7009
ENSMUSG00000097497,Gm26652,848
ENSMUSG00000082680,Gm14885,496
ENSMUSG00000084327,Gm14531,285
ENSMUSG00000081735,Gm14530,333
ENSMUSG00000084186,Rpl36-ps10,216
ENSMUSG00000080998,Gm5384,463
ENSMUSG00000083033,Gm9083,819
ENSMUSG00000087415,Gm14529,406
ENSMUSG00000084137,Gm9085,1072
ENSMUSG00000082855,Gm14537,599
ENSMUSG00000081529,Gm14884,196
ENSMUSG00000081390,Gm14538,1327
ENSMUSG00000084830,Gm14539,174
ENSMUSG00000118509,AL671885.1,353
ENSMUSG00000082393,Gm15028,370
ENSMUSG00000080757,Gm15029,199
ENSMUSG00000086877,A230072C01Rik,1581
ENSMUSG00000083892,Gm1848,789
ENSMUSG00000087586,Gm6938,771
ENSMUSG00000051537,Gm5124,2742
ENSMUSG00000081641,Gm9439,973
ENSMUSG00000081475,Gm14558,381
ENSMUSG00000101776,Gm28268,2528
ENSMUSG00000082175,Gm14563,354
ENSMUSG00000083030,Gm14561,798
ENSMUSG00000118511,AL732295.1,302
ENSMUSG00000081064,Gm6071,440
ENSMUSG00000085073,Gm14562,543
ENSMUSG00000083290,Gm15030,484
ENSMUSG00000052025,Ppp1r2-ps7,763
ENSMUSG00000080862,Gm14523,558
ENSMUSG00000082155,Gm7164,450
ENSMUSG00000081812,Gm4789,1216
ENSMUSG00000083099,Gm4732,473
ENSMUSG00000083475,Gm9440,539
ENSMUSG00000098485,Gm6956,546
ENSMUSG00000087133,Gm27192,581
ENSMUSG00000094775,Gm2759,639
ENSMUSG00000082188,Gm2768,250
ENSMUSG00000096724,Gm1989,636
ENSMUSG00000080959,Gm2003,636
ENSMUSG00000095392,Gm7350,636
ENSMUSG00000086959,E330010L02Rik,966
ENSMUSG00000083060,Gm14533,93
ENSMUSG00000080819,Gm2005,542
ENSMUSG00000096907,Gm6113,639
ENSMUSG00000093984,Gm7365,639
ENSMUSG00000095423,Gm7375,639
ENSMUSG00000095321,Gm2092,639
ENSMUSG00000093817,Gm2101,2517
ENSMUSG00000094424,Gm7386,639
ENSMUSG00000085534,Gm2117,2349
ENSMUSG00000095494,Gm7391,639
ENSMUSG00000095356,Gm7398,639
ENSMUSG00000096911,Gm2165,2517
ENSMUSG00000095089,Gm7408,639
ENSMUSG00000087462,Gm2200,764
ENSMUSG00000095802,Gm7415,639
ENSMUSG00000081224,Gm2066,389
ENSMUSG00000095906,Gm7421,639
ENSMUSG00000086691,Gm15432,195
ENSMUSG00000096137,Gm14527,639
ENSMUSG00000095152,Gm3657,639
ENSMUSG00000085489,Gm3669,2517
ENSMUSG00000085060,E330016L19Rik,1959
ENSMUSG00000096311,Gm3681,639
ENSMUSG00000085989,Gm7437,661
ENSMUSG00000085325,Gm14974,1083
ENSMUSG00000096539,Gm7438,639
ENSMUSG00000086580,Gm15280,640
ENSMUSG00000086906,Gm15276,498
ENSMUSG00000118452,Gm21883,622
ENSMUSG00000114897,Gm5923,763
ENSMUSG00000084298,Gm14331,409
ENSMUSG00000095907,Gm14333,264
ENSMUSG00000080876,Gm14332,899
ENSMUSG00000118481,Gm21789,333
ENSMUSG00000094115,Spin2-ps6,818
ENSMUSG00000083144,Gm14334,693
ENSMUSG00000084982,Gm15275,347
ENSMUSG00000086246,Gm15274,291
ENSMUSG00000087224,Gm2182,663
ENSMUSG00000114725,Gm2854,766
ENSMUSG00000087649,Gm21979,291
ENSMUSG00000085552,Gm21990,383
ENSMUSG00000079297,Gm2223,1350
ENSMUSG00000087007,Gm2231,612
ENSMUSG00000086668,Gm15273,868
ENSMUSG00000086525,Gm15281,351
ENSMUSG00000085756,Gm15279,288
ENSMUSG00000087468,Gm7023,868
ENSMUSG00000118488,Gm21870,622
ENSMUSG00000083918,Gm14352,449
ENSMUSG00000081589,Gm14353,869
ENSMUSG00000082167,Gm14360,393
ENSMUSG00000084363,Gm2288,638
ENSMUSG00000087491,Gm14552,2406
ENSMUSG00000086757,Gm2309,1941
ENSMUSG00000095899,Gm2318,639
ENSMUSG00000085000,Gm14553,1118
ENSMUSG00000085107,Gm4764,1233
ENSMUSG00000082799,Gm14554,661
ENSMUSG00000118439,Gm50468,272
ENSMUSG00000083130,Gm14560,375
ENSMUSG00000081159,Gm6023,606
ENSMUSG00000083755,Gm14559,496
ENSMUSG00000081407,Gm14568,294
ENSMUSG00000081281,Rpl7-ps9,797
ENSMUSG00000084990,Gm14549,1035
ENSMUSG00000084265,Gm14541,157
ENSMUSG00000087155,Gm15008,460
ENSMUSG00000095492,Gm14361,868
ENSMUSG00000081220,Gm14542,1248
ENSMUSG00000084056,Rhox3b-ps,868
ENSMUSG00000082297,Rhox3d-ps,825
ENSMUSG00000095259,Gm14357,868
ENSMUSG00000080241,Dppa3-ps,451
ENSMUSG00000106388,Rhox7-ps2,322
ENSMUSG00000081195,Rhox2-ps,322
ENSMUSG00000082025,Gm14359,424
ENSMUSG00000096524,Gm14355,264
ENSMUSG00000082734,Rhox11-ps1,387
ENSMUSG00000081133,Rhox11-ps2,451
ENSMUSG00000089963,Rhox11-ps3,233
ENSMUSG00000080942,Zfp36l1-ps,899
ENSMUSG00000084009,Rhox7-ps1,806
ENSMUSG00000080300,Spin2-ps1,875
ENSMUSG00000081473,Gm4853,394
ENSMUSG00000087390,Gm7598,3123
ENSMUSG00000085611,Ap3s1-ps1,579
ENSMUSG00000085635,Gm14565,2494
ENSMUSG00000082723,Gm14564,294
ENSMUSG00000081147,Gm6024,1558
ENSMUSG00000080896,Gm14567,174
ENSMUSG00000084030,Gm16423,947
ENSMUSG00000084039,Gm14551,256
ENSMUSG00000084247,Gm14566,321
ENSMUSG00000081324,Gm14550,407
ENSMUSG00000094725,Gm15251,883
ENSMUSG00000082147,Gm14570,391
ENSMUSG00000083845,Gm14571,570
ENSMUSG00000086157,Gm14643,1848
ENSMUSG00000082005,Gm7189,429
ENSMUSG00000080903,Gm16383,232
ENSMUSG00000083174,Gm7190,1452
ENSMUSG00000080996,Gm4986,549
ENSMUSG00000096733,Gm15257,883
ENSMUSG00000083665,Gm14575,560
ENSMUSG00000083484,Gm14574,279
ENSMUSG00000085978,Gm15258,741
ENSMUSG00000080299,Gm14350,640
ENSMUSG00000084287,Gm14576,1111
ENSMUSG00000084955,Gm14349,902
ENSMUSG00000081880,Gm5385,1559
ENSMUSG00000083515,Gm14577,256
ENSMUSG00000082081,Gm14358,403
ENSMUSG00000093977,Gm14362,273
ENSMUSG00000082966,Gm14614,384
ENSMUSG00000081918,Gm14613,752
ENSMUSG00000081398,Gm7657,666
ENSMUSG00000080798,Gm5135,573
ENSMUSG00000082489,Gm14356,869
ENSMUSG00000082324,Gm14615,1816
ENSMUSG00000104042,Gm37564,330
ENSMUSG00000083450,Gm14619,168
ENSMUSG00000083098,Gm14578,391
ENSMUSG00000094240,Gm14348,868
ENSMUSG00000085775,Gm14364,267
ENSMUSG00000085966,Gm14368,415
ENSMUSG00000081300,Gm14587,658
ENSMUSG00000082839,Gm14588,172
ENSMUSG00000083598,Gm14579,283
ENSMUSG00000095411,Gm15260,883
ENSMUSG00000081856,Gm14580,718
ENSMUSG00000081036,Gm14628,635
ENSMUSG00000094794,Gm6019,736
ENSMUSG00000081704,Gm14603,448
ENSMUSG00000082775,Itpa-ps3,395
ENSMUSG00000080714,Gm14602,340
ENSMUSG00000080073,Gm9427,651
ENSMUSG00000083721,Gm7700,970
ENSMUSG00000094323,Gm15256,883
ENSMUSG00000078214,Gm5925,1497
ENSMUSG00000080764,Gm14606,1155
ENSMUSG00000081129,Gm14605,268
ENSMUSG00000096800,Gm4725,587
ENSMUSG00000082886,Gm5386,2450
ENSMUSG00000084158,Gm14652,235
ENSMUSG00000084000,Gm14653,1533
ENSMUSG00000085157,4930515L19Rik,769
ENSMUSG00000081551,Gm14654,447
ENSMUSG00000101233,Gm29242,457
ENSMUSG00000082204,Gm7722,741
ENSMUSG00000083499,Gm14609,902
ENSMUSG00000082426,Gm14610,966
ENSMUSG00000083094,Gm4908,1005
ENSMUSG00000084348,Gm14608,1553
ENSMUSG00000085686,Gm9498,291
ENSMUSG00000082894,Gm6480,1886
ENSMUSG00000095657,Gm15252,883
ENSMUSG00000081180,Gm7212,348
ENSMUSG00000094693,Gm4726,736
ENSMUSG00000078212,Gm3757,675
ENSMUSG00000081526,Gm7219,297
ENSMUSG00000086497,Gm15259,291
ENSMUSG00000095436,Gm15254,273
ENSMUSG00000081320,Gm15034,349
ENSMUSG00000082347,Gm15036,400
ENSMUSG00000087369,Gm14696,3976
ENSMUSG00000086948,Gm14697,648
ENSMUSG00000083455,Gm15037,259
ENSMUSG00000082192,Gm14719,340
ENSMUSG00000083399,Gm15033,673
ENSMUSG00000118656,BX681418.1,87
ENSMUSG00000083754,Gm7803,1015
ENSMUSG00000082660,Gm14612,881
ENSMUSG00000083112,Gm14620,383
ENSMUSG00000085396,Firre,8247
ENSMUSG00000082556,Gm5387,857
ENSMUSG00000082950,Gm7834,437
ENSMUSG00000081350,Gm5388,1117
ENSMUSG00000081188,Gm14621,689
ENSMUSG00000094358,Gm14370,868
ENSMUSG00000080792,Gm14367,1497
ENSMUSG00000082968,Gm14581,198
ENSMUSG00000081439,Gm7840,533
ENSMUSG00000094401,Gm14365,587
ENSMUSG00000086704,Gm14582,1189
ENSMUSG00000086173,Kis2,2135
ENSMUSG00000085706,Gm9428,769
ENSMUSG00000083621,Gm14586,408
ENSMUSG00000081843,Gm7851,323
ENSMUSG00000082887,Gm14607,491
ENSMUSG00000083683,Gm6539,1064
ENSMUSG00000081684,Rps2-ps13,882
ENSMUSG00000101603,Gm28730,764
ENSMUSG00000087365,C430049B03Rik,1610
ENSMUSG00000081145,Gm14585,634
ENSMUSG00000078210,Gm5924,871
ENSMUSG00000083798,Gm14584,637
ENSMUSG00000083738,Gm14592,560
ENSMUSG00000084076,Gm14600,630
ENSMUSG00000071763,4933416I08Rik,703
ENSMUSG00000085998,AW822252,4066
ENSMUSG00000082616,Gm6025,201
ENSMUSG00000084308,Gm14593,294
ENSMUSG00000081937,Gm14599,474
ENSMUSG00000083278,Gm14589,727
ENSMUSG00000080968,Atf1-ps,810
ENSMUSG00000081626,Gm14369,285
ENSMUSG00000083428,Gm14591,518
ENSMUSG00000086711,Gm15482,4529
ENSMUSG00000081119,Gm14601,236
ENSMUSG00000082975,Gm14363,409
ENSMUSG00000080321,Gm14644,647
ENSMUSG00000082817,Gm16428,723
ENSMUSG00000081477,Gm7916,456
ENSMUSG00000096308,Gm14598,468
ENSMUSG00000084070,Gm6591,434
ENSMUSG00000094698,Gm14596,537
ENSMUSG00000081638,Gm14594,537
ENSMUSG00000083069,Gm16431,431
ENSMUSG00000094423,Gm7950,468
ENSMUSG00000080889,Gm7974,408
ENSMUSG00000094317,Gm6660,468
ENSMUSG00000096127,Gm14625,468
ENSMUSG00000095398,Gm16404,468
ENSMUSG00000081298,Gm14622,468
ENSMUSG00000096374,Gm6664,468
ENSMUSG00000084369,Gm14626,216
ENSMUSG00000081706,Gm7927,880
ENSMUSG00000083249,Gm14623,603
ENSMUSG00000081089,Gm14624,192
ENSMUSG00000118650,BX001028.1,417
ENSMUSG00000082326,Gm14366,730
ENSMUSG00000082606,Gm14638,216
ENSMUSG00000082253,Gm14639,866
ENSMUSG00000081024,Gm14627,567
ENSMUSG00000085114,1600025M17Rik,1071
ENSMUSG00000097288,Gm2155,1974
ENSMUSG00000081620,Gm14633,470
ENSMUSG00000073173,Gm10477,205
ENSMUSG00000082270,Gm14375,855
ENSMUSG00000081232,Gm14373,2158
ENSMUSG00000085808,Gm14718,752
ENSMUSG00000081100,Gm14630,246
ENSMUSG00000081896,Gm5389,1176
ENSMUSG00000084103,Gm14629,144
ENSMUSG00000080710,Gm8107,2009
ENSMUSG00000084394,Gm8111,987
ENSMUSG00000083821,Gm14631,594
ENSMUSG00000081837,Gm14649,324
ENSMUSG00000084044,Gm14647,680
ENSMUSG00000084305,Gm14645,417
ENSMUSG00000081486,Gm14452,1632
ENSMUSG00000081373,Gm16436,1607
ENSMUSG00000083982,Gm14650,889
ENSMUSG00000083939,Gm14451,1542
ENSMUSG00000083843,Gm7071,462
ENSMUSG00000080186,Gm14448,210
ENSMUSG00000081209,Gm14890,676
ENSMUSG00000081661,Gm14450,240
ENSMUSG00000083366,Gm14887,663
ENSMUSG00000081341,Gm14891,596
ENSMUSG00000097342,Gm26618,497
ENSMUSG00000067835,Gm14661,2051
ENSMUSG00000081729,Hspa9-ps1,1933
ENSMUSG00000086562,Gm14651,442
ENSMUSG00000083463,Gm4909,794
ENSMUSG00000082109,Rpl19-ps12,591
ENSMUSG00000084331,Gm8163,1060
ENSMUSG00000081891,Gm14660,575
ENSMUSG00000087565,Gm14662,734
ENSMUSG00000086577,Gm7076,456
ENSMUSG00000081323,Rpl7l1-ps1,725
ENSMUSG00000087401,Gm14664,437
ENSMUSG00000083543,Gm14663,1153
ENSMUSG00000118604,BX322656.1,2536
ENSMUSG00000118608,Gm4988,1890
ENSMUSG00000082092,Gm14665,557
ENSMUSG00000083343,Gm14666,843
ENSMUSG00000080910,Gm14821,435
ENSMUSG00000083158,Gm14655,578
ENSMUSG00000050900,Gm7327,652
ENSMUSG00000082467,Gm6743,1066
ENSMUSG00000081409,Gm8215,990
ENSMUSG00000083617,Gm5390,1230
ENSMUSG00000082168,Gm14656,502
ENSMUSG00000083576,Gm16411,1100
ENSMUSG00000082125,Gm14679,722
ENSMUSG00000085757,Tslrn1,778
ENSMUSG00000081001,Gm14678,482
ENSMUSG00000081765,Gm14677,486
ENSMUSG00000081752,Sms-ps,1101
ENSMUSG00000082620,Gm8244,264
ENSMUSG00000082965,Gm6754,913
ENSMUSG00000081269,Gm14659,843
ENSMUSG00000084396,Gm14657,302
ENSMUSG00000083346,Gm8260,353
ENSMUSG00000082269,Gm14676,858
ENSMUSG00000083084,Gm14667,1350
ENSMUSG00000081514,Gm14673,746
ENSMUSG00000080828,Gm14669,250
ENSMUSG00000083074,Gm14670,337
ENSMUSG00000083243,Gm14668,1724
ENSMUSG00000083570,Gm14671,262
ENSMUSG00000082863,Gm14674,342
ENSMUSG00000084074,Gm8310,1193
ENSMUSG00000081603,Gm14681,411
ENSMUSG00000080795,Gm6783,1437
ENSMUSG00000081442,Gm14682,524
ENSMUSG00000081598,Gm8312,618
ENSMUSG00000086185,1700036O09Rik,349
ENSMUSG00000083010,Gm14687,363
ENSMUSG00000082621,Rpl7a-ps13,563
ENSMUSG00000083709,Gm14688,303
ENSMUSG00000083912,Gm5391,613
ENSMUSG00000082794,Gm6806,1006
ENSMUSG00000082162,Gm14701,348
ENSMUSG00000081084,Gm5638,1258
ENSMUSG00000083046,Gm14699,228
ENSMUSG00000082228,Gm8344,856
ENSMUSG00000086676,Gm14705,1906
ENSMUSG00000100511,1700111N16Rik,1133
ENSMUSG00000081199,Gm16407,567
ENSMUSG00000082538,Gm14704,874
ENSMUSG00000084193,Gm6823,1839
ENSMUSG00000082770,Gm14722,689
ENSMUSG00000082713,Gm14721,525
ENSMUSG00000083747,Gm14727,525
ENSMUSG00000083784,Gm14729,689
ENSMUSG00000087325,Gm6038,948
ENSMUSG00000082336,Gm8401,1739
ENSMUSG00000080843,Gm14726,896
ENSMUSG00000083119,Gm14724,537
ENSMUSG00000082083,Gm14728,492
ENSMUSG00000081464,Gm14732,545
ENSMUSG00000082822,Gm14731,376
ENSMUSG00000084185,Rplp1-ps1,345
ENSMUSG00000083406,Gm8410,605
ENSMUSG00000080938,Gm6062,631
ENSMUSG00000082262,Gm14730,1045
ENSMUSG00000082240,Gm14380,431
ENSMUSG00000085284,Gm16189,997
ENSMUSG00000084114,Gm8421,305
ENSMUSG00000082337,Gm14723,215
ENSMUSG00000083411,Rpl30-ps10,347
ENSMUSG00000114356,Gm47265,1123
ENSMUSG00000081471,Gm14735,3088
ENSMUSG00000082657,Gm14736,336
ENSMUSG00000084944,Gm14684,123
ENSMUSG00000109025,Gm6858,1468
ENSMUSG00000092255,Gm20455,1138
ENSMUSG00000082629,Gm5639,2403
ENSMUSG00000081253,Gm8501,432
ENSMUSG00000097110,Gm26726,395
ENSMUSG00000103141,Gm37741,1256
ENSMUSG00000118463,Gm9730,421
ENSMUSG00000087252,Gm14379,1878
ENSMUSG00000085669,Gm14817,643
ENSMUSG00000080829,Gm8545,801
ENSMUSG00000063018,2010204K13Rik,1583
ENSMUSG00000081118,Gm6758,1055
ENSMUSG00000084131,Rpl3-ps2,1214
ENSMUSG00000081375,Gm14686,343
ENSMUSG00000084271,Gm14846,216
ENSMUSG00000082707,Gm6881,833
ENSMUSG00000083283,Gm15361,444
ENSMUSG00000083768,Gm15362,388
ENSMUSG00000082447,Gm15364,585
ENSMUSG00000085066,Gm4989,749
ENSMUSG00000081804,Xlr5d-ps,782
ENSMUSG00000080072,Spin2-ps2,778
ENSMUSG00000083847,Xlr3d-ps,658
ENSMUSG00000080777,Gm15365,300
ENSMUSG00000084066,Xlr4d-ps,646
ENSMUSG00000082288,Gm14755,384
ENSMUSG00000082427,Olfr1327-ps1,835
ENSMUSG00000082910,Gm14758,138
ENSMUSG00000081814,Gm14695,282
ENSMUSG00000082170,Gm8617,2222
ENSMUSG00000086081,Spin2-ps3,762
ENSMUSG00000081612,Xlr5e-ps,711
ENSMUSG00000080822,Gm14694,282
ENSMUSG00000081832,Gm6897,138
ENSMUSG00000080193,Gm14756,240
ENSMUSG00000085877,Spin2-ps4,762
ENSMUSG00000081940,Xlr3e-ps,682
ENSMUSG00000081357,Xlr4e-ps,648
ENSMUSG00000083981,Gm15363,631
ENSMUSG00000082873,Gm15367,1016
ENSMUSG00000083535,Gm14381,414
ENSMUSG00000082244,Gm8503,455
ENSMUSG00000083736,Gm6039,1250
ENSMUSG00000081633,Gm8522,1929
ENSMUSG00000084150,Gm14395,563
ENSMUSG00000082208,Gm15379,648
ENSMUSG00000083093,Gm15385,743
ENSMUSG00000083402,Gm14394,295
ENSMUSG00000048709,Gm8666,292
ENSMUSG00000086573,Gm15384,486
ENSMUSG00000086937,Gm15063,895
ENSMUSG00000103436,Gm36995,5727
ENSMUSG00000082551,Gm15065,273
ENSMUSG00000087396,4933407K13Rik,6432
ENSMUSG00000081996,Gm7153,455
ENSMUSG00000083544,Oat-rs1,1311
ENSMUSG00000085598,Gm14715,643
ENSMUSG00000081106,Gm7155,1671
ENSMUSG00000082755,Gm8692,438
ENSMUSG00000084831,Gm14710,1066
ENSMUSG00000082827,Gm5397,1453
ENSMUSG00000083566,Gm14711,217
ENSMUSG00000086104,Gm14707,398
ENSMUSG00000086207,Gm14717,649
ENSMUSG00000081061,Gm14712,772
ENSMUSG00000083333,Magea7-ps,960
ENSMUSG00000082444,Gm14709,304
ENSMUSG00000087644,Gm14703,1820
ENSMUSG00000081175,Gm5793,630
ENSMUSG00000082824,Gm14716,718
ENSMUSG00000083810,Gm14713,686
ENSMUSG00000081083,Gm6079,404
ENSMUSG00000083482,Gm14706,255
ENSMUSG00000081697,Gm14714,439
ENSMUSG00000084202,Gm5398,984
ENSMUSG00000082517,Gm5757,528
ENSMUSG00000081622,Gm5937,643
ENSMUSG00000087152,Cldn34-ps,600
ENSMUSG00000081358,Gm14746,741
ENSMUSG00000082842,Gm14748,411
ENSMUSG00000081164,Gm8722,769
ENSMUSG00000085973,Gm14742,381
ENSMUSG00000082635,Gm14750,516
ENSMUSG00000081781,Gm14753,246
ENSMUSG00000080890,Gm16458,502
ENSMUSG00000083448,Gm8749,331
ENSMUSG00000083927,Gm14749,333
ENSMUSG00000084019,Gm8754,520
ENSMUSG00000081881,Gm14752,2075
ENSMUSG00000082865,Gm14745,1096
ENSMUSG00000084125,Gm8757,372
ENSMUSG00000082664,Gm8761,955
ENSMUSG00000085610,Gm14747,984
ENSMUSG00000082912,Gm8770,1109
ENSMUSG00000083067,Gm14751,222
ENSMUSG00000081049,Rps24-ps3,402
ENSMUSG00000082054,Psmb6-ps,713
ENSMUSG00000082372,Gm4772,843
ENSMUSG00000080847,Gm4773,702
ENSMUSG00000081221,Gm14760,999
ENSMUSG00000082346,Gm6952,159
ENSMUSG00000083518,Gm9429,868
ENSMUSG00000083444,Gm14768,678
ENSMUSG00000080877,Rpl22-ps1,386
ENSMUSG00000082404,Gm14799,429
ENSMUSG00000087193,Gm14820,2096
ENSMUSG00000081205,Gm5940,1068
ENSMUSG00000068243,Gm7079,171
ENSMUSG00000083367,Gm8806,1407
ENSMUSG00000084300,Gm6954,225
ENSMUSG00000083944,Gm14733,133
ENSMUSG00000086404,Gm6787,1454
ENSMUSG00000081042,Psmb7-ps2,820
ENSMUSG00000083637,Gm14754,726
ENSMUSG00000055188,Rbm3os,971
ENSMUSG00000082319,Actr3-ps,2347
ENSMUSG00000083113,Rpl10-ps4,286
ENSMUSG00000083877,Gm14740,1150
ENSMUSG00000082913,Gm14739,802
ENSMUSG00000083587,Gm14741,1009
ENSMUSG00000081583,Gm14769,432
ENSMUSG00000084281,Gm14770,312
ENSMUSG00000081379,Gm14771,203
ENSMUSG00000082139,Gm16463,721
ENSMUSG00000083839,Gm14765,326
ENSMUSG00000081933,Gm14767,586
ENSMUSG00000087232,Gm14764,313
ENSMUSG00000084340,Gm14766,367
ENSMUSG00000081212,Gm6964,437
ENSMUSG00000081452,Gm14761,262
ENSMUSG00000080266,Gm14772,514
ENSMUSG00000080897,Gm14500,113
ENSMUSG00000083830,Gm8839,1645
ENSMUSG00000082033,Mageb10-ps,1407
ENSMUSG00000082461,Gm8844,2614
ENSMUSG00000083977,Mageb8-ps,1033
ENSMUSG00000080069,Gm41,1023
ENSMUSG00000085577,Mageb6-ps,1032
ENSMUSG00000118598,AL645467.1,556
ENSMUSG00000081410,Gm6797,512
ENSMUSG00000082450,Mageb7-ps,1041
ENSMUSG00000082458,Gm9430,1527
ENSMUSG00000083779,Gm14775,310
ENSMUSG00000084029,Gm8855,878
ENSMUSG00000083421,Gm14776,887
ENSMUSG00000081424,Gm14774,536
ENSMUSG00000082129,Gm14502,113
ENSMUSG00000081877,Gm8858,342
ENSMUSG00000082595,Gm14793,311
ENSMUSG00000081892,Gm8864,1010
ENSMUSG00000083058,Gm14795,471
ENSMUSG00000084355,Gm14792,258
ENSMUSG00000086142,Ppp4r3c-ps,2445
ENSMUSG00000081673,Gm14794,192
ENSMUSG00000083640,Gm8876,1122
ENSMUSG00000097961,Gm27000,842
ENSMUSG00000082847,Gm5759,811
ENSMUSG00000081167,Gm8880,454
ENSMUSG00000084060,Gm16412,273
ENSMUSG00000082311,Gm14791,1166
ENSMUSG00000081458,Gm14796,959
ENSMUSG00000081033,Gm14797,1480
ENSMUSG00000082198,Gm14504,1497
ENSMUSG00000083923,Gm649,1054
ENSMUSG00000118508,AL732291.1,615
ENSMUSG00000083597,Gm14805,340
ENSMUSG00000081381,Gm5752,594
ENSMUSG00000081628,Gm14804,508
ENSMUSG00000082422,Gm6973,721
ENSMUSG00000083871,Gm16479,932
ENSMUSG00000080051,Gm14510,1092
ENSMUSG00000081020,Gm14509,1286
ENSMUSG00000083253,Gm7108,3407
ENSMUSG00000087584,Gm14457,1161
ENSMUSG00000100506,Nanog-ps1,250
ENSMUSG00000083508,Gm6027,756
ENSMUSG00000083468,Gm9431,1051
ENSMUSG00000082222,Gm14865,494
ENSMUSG00000086518,Gm14503,1164
ENSMUSG00000082479,Gm4746,2406
ENSMUSG00000080050,Gm14864,1087
ENSMUSG00000080952,Gm5379,826
ENSMUSG00000081959,Gm16480,832
ENSMUSG00000084289,Gm6977,512
ENSMUSG00000083123,Fthl17-ps2,528
ENSMUSG00000059972,Gm14773,451
ENSMUSG00000087021,Fthl17-ps3,513
ENSMUSG00000082832,Gm14786,944
ENSMUSG00000080765,Gm8908,1024
ENSMUSG00000081235,Gm14788,375
ENSMUSG00000083926,Gm14783,663
ENSMUSG00000080863,Gm14787,388
ENSMUSG00000084057,Gm8916,949
ENSMUSG00000083955,Gm14785,539
ENSMUSG00000081960,Mageb17-ps,919
ENSMUSG00000082807,Gm14782,195
ENSMUSG00000084155,Gm7113,958
ENSMUSG00000083994,Gm16465,1758
ENSMUSG00000084269,Gm14784,663
ENSMUSG00000081743,Gm4911,945
ENSMUSG00000083701,Gm4912,1044
ENSMUSG00000080155,Gm14777,176
ENSMUSG00000080737,Gm6982,1560
ENSMUSG00000095110,1700003E24Rik,577
ENSMUSG00000096153,BC061195,577
ENSMUSG00000083670,Gm6829,360
ENSMUSG00000083608,Gm14863,307
ENSMUSG00000083207,Gm14780,2737
ENSMUSG00000087255,Gm6985,271
ENSMUSG00000082728,Supt20-ps,1560
ENSMUSG00000081573,Gm15164,271
ENSMUSG00000083114,Gm14790,1293
ENSMUSG00000080995,Gm15165,502
ENSMUSG00000081055,Gm6987,428
ENSMUSG00000087640,Gm14798,1189
ENSMUSG00000080923,Gm5400,943
ENSMUSG00000082759,Gm14826,901
ENSMUSG00000084214,Gm14825,701
ENSMUSG00000084007,Gm9003,482
ENSMUSG00000084904,Gm14827,3089
ENSMUSG00000118620,AL627302.1,2099
ENSMUSG00000081796,Gm9005,607
ENSMUSG00000080887,Gm14831,409
ENSMUSG00000082406,Gm5401,365
ENSMUSG00000080974,Gm9009,326
ENSMUSG00000083438,Gm5402,1618
ENSMUSG00000109459,Gm39526,1413
ENSMUSG00000082776,Gm7061,1416
ENSMUSG00000081418,Gm14830,700
ENSMUSG00000082964,Rpl13-ps5,630
ENSMUSG00000073060,Zxda,2621
ENSMUSG00000087522,Gm371,1245
ENSMUSG00000083789,Gm6092,2029
ENSMUSG00000080298,Gm14807,983
ENSMUSG00000082371,Gm3712,2071
ENSMUSG00000080283,Gm14806,2110
ENSMUSG00000083556,Gm9043,314
ENSMUSG00000118573,AL671118.1,265
ENSMUSG00000081848,Gm14925,438
ENSMUSG00000081742,Gm9051,1035
ENSMUSG00000078122,F630028O10Rik,3295
ENSMUSG00000082317,Gm14933,481
ENSMUSG00000082035,Rpl17-ps8,621
ENSMUSG00000081182,Gm14935,1708
ENSMUSG00000082735,Gm16394,675
ENSMUSG00000082397,Gm14803,361
ENSMUSG00000081606,Gm9059,183
ENSMUSG00000083350,Gm9060,805
ENSMUSG00000081135,Gm14800,1272
ENSMUSG00000081923,Gm9062,727
ENSMUSG00000083972,Gm14802,1885
ENSMUSG00000082933,Gm14811,117
ENSMUSG00000081397,Gm14815,488
ENSMUSG00000083603,Gm14810,486
ENSMUSG00000082549,Gm14813,395
ENSMUSG00000083310,Gm5760,1002
ENSMUSG00000085053,Gm14809,695
ENSMUSG00000085553,Gm14808,361
ENSMUSG00000082505,Gm14816,294
ENSMUSG00000083682,Pcna-ps1,738
ENSMUSG00000076398,Mir676,89
ENSMUSG00000065509,Mir421,76
ENSMUSG00000076269,Mir374b,95
ENSMUSG00000106465,Mir374c,49
ENSMUSG00000076286,Mir672,100
ENSMUSG00000065499,Mir384,88
ENSMUSG00000065425,Mir325,98
ENSMUSG00000099128,Mir6382,110
ENSMUSG00000065510,Mir361,70
ENSMUSG00000093172,Mir3112,82
ENSMUSG00000099272,Mir7093,101
ENSMUSG00000106264,Mir7646,54
ENSMUSG00000088464,Mir1970,104
ENSMUSG00000098493,Mir6383,116
ENSMUSG00000093102,Mir3475,65
ENSMUSG00000076011,Mir652,98
ENSMUSG00000076117,Mir680-2,110
ENSMUSG00000092917,Mir3472,71
ENSMUSG00000092879,Gm22650,105
ENSMUSG00000076458,Mir764,108
ENSMUSG00000093039,Mir1912,87
ENSMUSG00000093122,Mir1264,86
ENSMUSG00000080331,Mir1298,98
ENSMUSG00000065450,Mir448,112
ENSMUSG00000099172,Mir3620,61
ENSMUSG00000093219,Mir3113,76
ENSMUSG00000065602,Mirlet7f-2,83
ENSMUSG00000065536,Mir98,108
ENSMUSG00000092752,Mir3473a,78
ENSMUSG00000065422,Mir221,95
ENSMUSG00000065471,Mir222,79
ENSMUSG00000093408,Mir5617,57
ENSMUSG00000092794,Mir3110,80
ENSMUSG00000105738,Mir6384,61
ENSMUSG00000076214,Mir717,109
ENSMUSG00000070106,Mir363,75
ENSMUSG00000065613,Mir92-2,91
ENSMUSG00000065473,Mir19b-2,84
ENSMUSG00000076041,Mir20b,80
ENSMUSG00000077111,Mir18b,83
ENSMUSG00000065456,Mir106a,65
ENSMUSG00000076050,Mir450b,82
ENSMUSG00000065486,Mir450-1,91
ENSMUSG00000076399,Mir450-2,69
ENSMUSG00000076140,Mir542,85
ENSMUSG00000065503,Mir351,99
ENSMUSG00000076122,Mir503,71
ENSMUSG00000065418,Mir322,95
ENSMUSG00000092787,Mir5116,63
ENSMUSG00000070110,Mir504,79
ENSMUSG00000070081,Mir505,90
ENSMUSG00000077127,Mir743,62
ENSMUSG00000094184,Mir743b,77
ENSMUSG00000077092,Mir742,65
ENSMUSG00000078017,Mir883a,76
ENSMUSG00000078024,Mir883b,78
ENSMUSG00000070104,Mir471,67
ENSMUSG00000077119,Mir741,71
ENSMUSG00000070078,Mir463,75
ENSMUSG00000078002,Mir880,78
ENSMUSG00000077872,Mir878,78
ENSMUSG00000078038,Mir881,78
ENSMUSG00000096628,Mir871,77
ENSMUSG00000070073,Mir470,75
ENSMUSG00000106642,Mir465d,58
ENSMUSG00000095782,Mir465c-1,81
ENSMUSG00000094894,Mir465b-1,79
ENSMUSG00000095006,Mir465c-2,81
ENSMUSG00000096504,Mir465b-2,79
ENSMUSG00000070071,Mir465,74
ENSMUSG00000065404,Mir201,66
ENSMUSG00000076005,Mir547,78
ENSMUSG00000106233,Mir509,75
ENSMUSG00000065542,Mir224,82
ENSMUSG00000070138,Mir452,85
ENSMUSG00000070108,Mir500,92
ENSMUSG00000076251,Mir501,109
ENSMUSG00000070100,Mir362,65
ENSMUSG00000065398,Mir188,68
ENSMUSG00000070139,Mir532,96
ENSMUSG00000076455,Mir767,107
ENSMUSG00000077847,Mir105,80
ENSMUSG00000089357,Mir2137,66
ENSMUSG00000092907,Mir5132,71
ENSMUSG00000076127,Mir718,88
ENSMUSG00000099226,Mir7091,79
ENSMUSG00000106409,Mir7092,68
ENSMUSG00000080645,Mir1198,121
ENSMUSG00000084559,Mir1906-2,80
ENSMUSG00000099072,Mir7673,64
ENSMUSG00000076066,Mir223,110
