name,chr,gene_id,Samp1_B6,Samp2_B6,Samp3_B6,Samp4_B6,Samp5_B6,Samp6_B6,Samp7_B6,Samp8_B6,Samp1_Cas,Samp2_Cas,Samp3_Cas,Samp4_Cas,Samp5_Cas,Samp6_Cas,Samp7_Cas,Samp8_Cas
1110012L19Rik ,X,ENSMUST00000053981.5,99,133,133,146,133,105,214,223,55,55,69,57,58,43,88,96
1600025M17Rik ,X,ENSMUST00000138262.1,128,56,116,99,38,43,220,149,75.9119,35.5117,64.7013,64.5055,27.6672,25.4606,127.058,87.5971
1700003E24Rik ,X,ENSMUST00000088134.3,0,0,0,0,0,0,0,0,0,0,0,0,0,0,0,0
1700010D01Rik ,X,ENSMUST00000096366.5,0,0,0,0,0,0,0,0,0,0,0,0,0,0,0,0
1700011M02Rik ,X,ENSMUST00000113602.1,0,0,0,0,1,0,0,0,0,0,0,0,1,0,0,0
1700013H16Rik ,X,ENSMUST00000067940.2,0,0,0,0,0,0,0,0,0,0,0,0,0,0,0,0
1700036O09Rik ,X,ENSMUST00000136834.1,0,0,0,0,0,0,0,0,0,0,0,0,0,0,0,0
1700080O16Rik ,X,ENSMUST00000114866.1,0,0,0,0,0,0,0,0,0,0,0,0,0,0,0,0
1700084M14Rik ,X,ENSMUST00000078832.4,0,0,0,5,0,0,0,0,0,0,0,0,0,0,0,5
1810030O07Rik ,X,ENSMUST00000060108.6,1348.09,1166.5,1293.37,1163.82,1213.61,783.15,1942.38,1618.75,350.384,349.156,359.225,339.301,295.089,163.185,519.801,444.712
2010106E10Rik ,X,ENSMUST00000113412.2,0,0,0,0,0,0,0,0,0,1,0,0,0,0,0,0
2010204K13Rik ,X,ENSMUST00000150671.1,120,209,75,87,361,54,139,164,115,186,71,78,387,60,137,151
2010308F09Rik ,X,ENSMUST00000186931.1,0,0,0,2,1,0,0,0,0,0,0,1,0,0,0,0
2610002M06Rik ,X,ENSMUST00000191183.1,211.688,124.686,153.099,161.894,134.712,73.9546,162.401,175.194,283,564,537,389,505,440,529,377
3010001F23Rik ,X,ENSMUST00000157022.1,0,0,0,0,0,0,0,0,170.747,25.6682,12.993,169.026,9.96521,27.1158,248.234,178.158
3830417A13Rik ,X,ENSMUST00000151996.1,0,0,0,0,0,0,0,0,0,0,0,0,0,0,0,0
4921511C20Rik ,X,ENSMUST00000051530.3,0,0,0,0,0,0,0,0,0,0,0,0,0,0,0,0
4930402K13Rik ,X,ENSMUST00000059967.1,0,0,1,0,0,0,0,0,0,0,0,0,0,0,0,0
4930415L06Rik ,X,ENSMUST00000088146.2,0,1,0,0,0,0,0,0,0,3,0,0,0,0,0,0
4930447F04Rik ,X,ENSMUST00000033525.2,0,0,0,0,0,0,0,0,0,0,0,0,0,0,0,0
4930453H23Rik ,X,ENSMUST00000178516.1,0,0,0,0,0,0,0,0,0,0,0,0,0,0,0,0
4930480E11Rik ,X,ENSMUST00000035626.7,0,0,0,0,0,0,0,0,0,0,0,0,0,0,0,0
4930513O06Rik ,X,ENSMUST00000033625.1,0,0,0,0,0,0,0,0,0,0,0,0,0,0,0,0
4930515L19Rik ,X,ENSMUST00000152352.1,0,0,0,0,0,0,0,0,0,0,0,0,0,0,0,0
4930550L24Rik ,X,ENSMUST00000062542.4,0,0,0,0,0,0,0,0,0,0,0,0,0,0,0,0
4930555B12Rik ,X,ENSMUST00000135444.1,0,0,0,0,0,0,0,0,0,0,0,0,0,0,0,0
4930558G05Rik ,X,ENSMUST00000122848.1,0,0,0,0,0,0,1,8,0,0,0,0,0,0,0,7
4930567H17Rik ,X,ENSMUST00000193512.4,0,0,0,0,0,0,0,0,9.17687,3,3,14,9.53685,1.3761,22.5096,21
4930570D08Rik ,X,ENSMUST00000130431.2,0,0,0,0,0,0,0,0,0,0,0,0,0,0,0,0
4930595M18Rik ,X,ENSMUST00000080083.2,0,0,0,0,0,0,0,0,0,0,0,0,0,0,0,0
4931400O07Rik ,X,ENSMUST00000033537.1,0,0,0,0,0,0,0,0,0,0,0,0,0,0,0,0
4932411N23Rik ,X,ENSMUST00000081074.4,123,11,28,92,9,13,182,147,102,14,24,91,4,13,166,142
4932429P05Rik ,X,ENSMUST00000113958.1,0,0,1,0,0,0,0,0,0,0,1,0,0,0,0,0
4933400A11Rik ,X,ENSMUST00000068894.1,139,309,358,185,306,189,173,213,69,93,108,50,141,64,57,78
4933402E13Rik ,X,ENSMUST00000178085.7,0,1,0,0,0,0,0,0,0,1,0,0,0,0,0,0
4933403O08Rik ,X,ENSMUST00000164272.2,0,0,0,0,0,0,1,0,0,0,0,0,0,0,0,0
4933428M09Rik ,X,ENSMUST00000113046.1,3,0,0,0,0,0,0,0,4,0,0,0,0,0,0,0
4933436I01Rik ,X,ENSMUST00000026325.1,0,1,0,0,2,0,0,0,0,1,0,0,3,0,0,0
5330434G04Rik ,X,ENSMUST00000130264.1,0,0,0,0,0,0,0,0,0,0,0,0,0,0,0,0
5430427O19Rik ,X,ENSMUST00000113976.1,432,463,914,591,460,464,873,771,400,465,909,615,445,488,909,751
5530601H04Rik ,X,ENSMUST00000144366.7,244,139,250,227,167,115,285,167,97.0575,28.2763,60.8523,99.5375,23.2727,27.1815,146.307,107.673
5730405O15Rik ,X,ENSMUST00000130099.1,48,41,43,82,20,48,107,117,63,43,31,83,18,45,97,119
5730412P04Rik ,X,ENSMUST00000147100.1,0,0,0,1,1,0,3,0,0,0,1,1,0,0,3,0
6030498E09Rik ,X,ENSMUST00000168144.2,0,0,0,0,0,0,0,0,0,0,0,0,0,0,0,0
8030474K03Rik ,X,ENSMUST00000149761.1,8,0,0,0,0,0,0,0,2,0,0,0,0,0,0,0
9530051G07Rik ,X,ENSMUST00000127673.1,7,2,11,12,0,3,11,7,2.00442,0,2.01703,3,0,0,1.01155,0
A230072C01Rik ,X,ENSMUST00000136447.1,117,170,138,135,167,107,122,110,97,108,105,119,125,76,131,98
A230072E10Rik ,X,ENSMUST00000175825.1,321.514,90.0628,176.506,313.981,113.304,98.095,494.515,343.555,255.3,69.4789,122.531,240.506,89.2512,44.4793,340.33,262.238
A630012P03Rik ,X,ENSMUST00000068507.1,0,0,0,0,0,0,0,0,6,0,0,0,0,0,0,0
Abcb7 ,X,ENSMUST00000140333.1,9,46,61,12,50,19,19,18,11,22,38,15,33,10,8,14
Abcd1 ,X,ENSMUST00000114461.2,307.539,129.677,245.81,357.818,67.3452,97.5598,368.609,438.81,257.365,118.971,217.728,317.186,60.5883,73,319.484,368.728
Ace2 ,X,ENSMUST00000131543.1,0,0,0,0,1,0,0,0,0,0,0,0,2,0,0,0
Acot9 ,X,ENSMUST00000126200.1,100,224.11,364.993,116.341,191.876,152.501,156.433,150.35,70.625,133.508,207.117,75.8641,114.064,102.177,91.1344,99.3371
Acsl4 ,X,ENSMUST00000140520.1,44,138,170,59,216,79,72,76,44,307,275,91,285,169,90,100
Actrt1 ,X,ENSMUST00000059466.2,0,0,0,0,0,0,0,0,0,0,0,0,0,0,0,0
Adgrg2 ,X,ENSMUST00000123450.7,0,0,0,0,0,0,0,0,1,0,0,0,0,0,0,0
Aff2 ,X,ENSMUST00000139977.7,0,0,0,0,0,0,0,0,142.949,43.5151,66.4662,154.046,36.336,42.7141,194.602,128.3
Agtr2 ,X,ENSMUST00000131150.1,0,0,0,0,0,0,0,0,0,0,0,0,0,0,0,0
Aifm1 ,X,ENSMUST00000124623.1,13.0496,35.2023,49.1244,11.0752,67.4508,41.1656,18.1613,41.3969,19.5207,35.0424,54.7017,17.5031,57.4884,41.9018,19.4457,41.9845
Akap14 ,X,ENSMUST00000046557.5,3,3,8,11,5,0,13,15,3,2,5,7,5,2,13,15
Akap17b ,X,ENSMUST00000051906.12,121,66,215,45,39,123,14,31,38,42,98,18,12,56,10,22
Akap4 ,X,ENSMUST00000115751.2,0,0,1,0,0,0,0,0,0,0,0,0,0,0,0,0
Alas2 ,X,ENSMUST00000142474.1,3,0,1,0,0,0,2,4,4,0,3,0,0,0,1,1
Alg13 ,X,ENSMUST00000149811.2,24.0683,36,79,16,22,19.3112,56,53,19.752,25.8195,57.2591,18.7132,19.2257,4.37333,42.4232,37.4041
Amelx ,X,ENSMUST00000154923.1,0,0,1,0,0,0,1,0,0,0,2,2,0,0,0,0
Amer1 ,X,ENSMUST00000084535.5,573.026,91.6863,172.159,601.786,129.638,91.205,764.156,560.682,369.165,89.6563,194.639,403.086,91.2389,77.5129,481.274,371.989
Ammecr1 ,X,ENSMUST00000041317.2,199.617,111,194.353,174,115,136,214.178,160.783,143.659,86,152.662,134.945,92,107,159.373,135.786
Amot ,X,ENSMUST00000112836.8,95.7004,81.6958,114.499,74.6812,39.7519,39.6137,173.134,125.81,0,4,1,0,0,1,2,1
Ap1s2 ,X,ENSMUST00000140845.1,201,81,160,140,96,160,221,200,161,52,121,95,75,121,144,146
Apln ,X,ENSMUST00000039026.7,0,0,0,0,0,4,18,0,0,0,0,0,0,1,10,0
Apoo ,X,ENSMUST00000113898.7,98,210,243,68,256,133,133,106,74,186,170,38,174,106,102,95
Apool ,X,ENSMUST00000113415.1,116,196,297,108,236,157,148,136,48,85,116,40,89,80,57,62
Ar ,X,ENSMUST00000052837.8,41,20,34,54.4708,25,22,77,57.5799,44,28,26,47,22,11,82,66
Araf ,X,ENSMUST00000128250.2,199,100,148,150,110,95,210,288,198,94,124,158,126,91,196,274
Arhgap36 ,X,ENSMUST00000132784.1,0,0,0,0,0,0,0,0,0,0,0,0,0,0,0,0
Arhgap4 ,X,ENSMUST00000123283.1,257.97,42.3767,51.4459,213.86,20.5412,40.8932,382.231,272.881,205,30,28,190,22,34,285,223
Arhgap6 ,X,ENSMUST00000112127.1,39,7,96,101,19,34,169,117,18,1,10,9,2,7,38,19
Arhgef6 ,X,ENSMUST00000135098.1,304.513,99.0265,275.924,225.232,122.423,160.072,348.502,312.497,266.898,93.9813,265.25,181.077,105.736,121,295.39,289.801
Arhgef9 ,X,ENSMUST00000196012.1,0,0,0,1,0,0,0,0,0,0,0,1,0,0,0,1
Arl13a ,X,ENSMUST00000064476.4,8,0,0,3,2,0,3,0,5,0,0,1,2,0,3,0
Armcx1 ,X,ENSMUST00000129697.1,1,2,0,0,0,0,0,0,0,2,0,0,4,0,0,0
Armcx2 ,X,ENSMUST00000168264.1,148,122,128,179,144,114,178,180,2,1,5,7,3,4,5,4
Armcx3 ,X,ENSMUST00000086884.4,190,125,352,95,271,219,196,193,166,89,338,89,240,213,211,195
Armcx4 ,X,ENSMUST00000124226.2,0,2,0,0,8,22,0,6,0,3,0,0,4,16,0,16
Armcx5 ,X,ENSMUST00000128847.1,262,114,138,187,135,85,342,307,107,48,52,45,56,40,109,118
Armcx6 ,X,ENSMUST00000113194.7,13.0014,8.05038,17,27.0384,22,33.2124,25.0513,11.0269,3,0,4,10,5,8,3,0
Arr3 ,X,ENSMUST00000166688.1,0,0,0,0,0,0,0,0,0,0,0,0,0,0,0,0
Arx ,X,ENSMUST00000113947.5,0,2,0,0,0,5,0,0,0,0,0,0,0,3,0,0
Asb11 ,X,ENSMUST00000033755.5,0,0,0,0,0,0,0,2,0,0,0,1,0,0,1,0
Asb12 ,X,ENSMUST00000134899.2,0,0,0,0,0,0,0,0,0,0,0,0,0,0,0,0
Asb9 ,X,ENSMUST00000033756.2,0,0,0,0,0,0,0,0,0,0,0,0,0,0,0,0
Atp1b4 ,X,ENSMUST00000115134.1,1,0,0,0,2,2,0,0,1,0,0,0,1,1,0,0
Atp2b3 ,X,ENSMUST00000114479.1,37.9102,12.5602,34.2674,38.2615,22.5652,17.2323,62.16,60.549,16,2,11,19,3,4,45,20
Atp6ap1 ,X,ENSMUST00000154630.1,308,175,267,268,155,175,406,364,306,167,238,246,169,152,394,364
Atp6ap2 ,X,ENSMUST00000033313.2,1271,1526,3473,1249,1993,1787,1705,1492,347,359,930,325,455,425,420,376
Atp7a ,X,ENSMUST00000134363.1,9,5,17,9,16,10,19,18,26,13,24,36,11,10,51,20
Atrx ,X,ENSMUST00000126345.2,246.403,103.865,197.046,215.227,113,101,262.465,289.767,310,147.95,274.873,264.78,178.499,157.968,351.917,381.94
AU015836 ,X,ENSMUST00000163458.1,0,0,1,1,0,1,1,1,0,0,0,0,0,0,0,0
AU022751 ,X,ENSMUST00000117544.1,0,0,0,0,0,0,0,0,0,0,0,0,0,0,0,0
Avpr2 ,X,ENSMUST00000114395.1,27,3,0,14,0,0,22,31,17,3,0,3,0,0,15,14
Awat1 ,X,ENSMUST00000096361.4,0,0,0,0,0,0,0,0,0,0,0,0,0,0,0,0
Awat2 ,X,ENSMUST00000147103.1,58.2027,41.417,19.852,41.5419,27.3316,9,79.7128,85.2773,1,12,3,2,5,0,0,8
B230119M05Rik ,X,ENSMUST00000154072.1,0,0,0,0,0,0,0,0,0,0,1,0,0,0,0,0
B630019K06Rik ,X,ENSMUST00000064196.4,42,8,6,23,4,30,13,23,10,1,3,10,2,5,4,7
BC065397 ,X,ENSMUST00000131947.1,45,24,21,78,25,10,211,138,45,10,12,49,3,1,92,60
Bcap31 ,X,ENSMUST00000002091.5,2242,1737,2864,1949,2012,1469,3402,2403,1670,1297,2157,1433,1481,1077,2504,1874
Bcor ,X,ENSMUST00000209776.1,23,11,8,56,1,0,23,14,8,5,8,4,6,7,9,4
Bcorl1 ,X,ENSMUST00000142160.2,6,12,19,3,3,1,15,8,6,16,18,6,2,2,9,8
Bex1 ,X,ENSMUST00000142172.1,0,0,1,0,0,0,0,0,0,0,2,0,1,0,2,1
Bex2 ,X,ENSMUST00000049130.7,65,106,214,59,146,122,110,105,22,27,52,14,38,24,38,24
Bgn ,X,ENSMUST00000169489.1,0,0,0,0,0,0,0,0,0,0,0,0,0,0,0,0
Bhlhb9 ,X,ENSMUST00000180025.7,126,282,336,209,448,251,130,237,3,8,13,5,16,9,8,8
Bmp15 ,X,ENSMUST00000024049.7,0,0,0,0,0,0,0,0,0,0,0,0,0,0,0,0
Bmx ,X,ENSMUST00000112263.1,1,0,0,0,0,0,0,1,0,0,0,0,0,0,0,1
Brcc3 ,X,ENSMUST00000124321.1,362,484,687,469,698,321,545,496,361,488,664,467,628,315,514,449
Brs3 ,X,ENSMUST00000033464.3,0,0,0,0,0,0,0,0,0,0,0,0,0,0,0,0
Brwd3 ,X,ENSMUST00000101283.3,8,7,9,13,3,6,19,21,12,5,3,8,6,4,8,15
Btk ,X,ENSMUST00000132664.7,633,495,708,699,542,331,905,890,161,77,135,108,96,60,171,155
C1galt1c1 ,X,ENSMUST00000058265.7,91,92,179,132,135,71,142,98,70,80,132,88,96,66,117,83
C330007P06Rik ,X,ENSMUST00000115248.9,669.009,1120.15,2082.84,924.797,1473.07,1036.24,1239.46,1201.86,35.3893,67.9346,101.628,40.2533,92.2419,65.0017,58.2117,49.5861
C430049B03Rik ,X,ENSMUST00000151099.1,3,1,0,2,0,0,0,0,2,0,0,3,1,0,0,0
Cacna1f ,X,ENSMUST00000151208.1,0,0,3,0,0,0,0,0,0,0,1,0,0,0,0,0
Capn6 ,X,ENSMUST00000151154.1,145.956,27.279,72.0487,151.328,42.6563,14.7291,262.63,131.957,249.227,91.2475,179.33,185.134,89.1209,83.7281,347.359,261.971
Car5b ,X,ENSMUST00000126650.1,279.083,57.4235,170.732,203.413,96.6221,62.4495,394.76,302.939,310.924,113.897,199.676,331.223,133.035,100.681,531.72,382.297
Cask ,X,ENSMUST00000115436.8,7756.01,2088.23,7632.61,6804.9,3457.77,3050.97,11219.2,5570.58,0,0,0,0,0,0,0,0
Ccdc120 ,X,ENSMUST00000139499.1,0,1,0,0,0,5,0,0,0,1,0,0,0,0,0,0
Ccdc160 ,X,ENSMUST00000101588.1,3,0,4,0,0,1,1,0,1,0,0,0,0,0,0,0
Ccdc22 ,X,ENSMUST00000144674.1,130.934,89.7438,105.855,131.1,103.174,51.5824,185.386,132.369,179.568,133.892,154.724,146.649,165.039,78.1451,198.731,127.55
Cd40lg ,X,ENSMUST00000033466.1,0,5,0,0,0,0,0,1,0,2,0,0,0,0,0,2
Cd99l2 ,X,ENSMUST00000080035.10,92,47,92,85,74,84,122,82,3,2,4,1,2,0,6,1
Cdk16 ,X,ENSMUST00000129914.1,284,83,161,274,80,105,289,291,174,55,79,175,40,53,177,197
Cdkl5 ,X,ENSMUST00000199927.1,264.302,47.8412,121.273,257.563,87.7889,44.8366,483.603,336.944,182.939,51.1663,133.158,168.304,73.4099,39.2885,325.832,204.923
Cdr1 ,X,ENSMUST00000166381.2,0,0,0,3,0,0,0,0,0,0,0,4,0,0,0,0
Cdx4 ,X,ENSMUST00000033689.2,0,0,0,0,0,0,3,0,1,0,0,0,0,0,1,2
Cenpi ,X,ENSMUST00000125604.1,3,53,129,6,53,76,11,0,0,38,99,6,36,55,16,0
Cetn2 ,X,ENSMUST00000152200.1,174,99,238,163,180,127,219,158,180,87,211,159,170,107,221,155
Cfp ,X,ENSMUST00000122862.1,316,68,229,192,101,156,74,55,202,40,145,108,58,81,32,30
Chic1 ,X,ENSMUST00000116547.2,1214.65,205.319,433.054,1083.52,283.335,203.182,1979.24,1174.96,1088.57,247.463,480.179,949.073,309.784,257.174,1793.06,1060.15
Chm ,X,ENSMUST00000133469.1,39,28,90,51,52,23,71,55,22,12,39,28,25,16,26,28
Chrdl1 ,X,ENSMUST00000166406.2,0,0,0,0,0,0,0,0,0,0,0,0,0,0,0,0
Chst7 ,X,ENSMUST00000044138.7,96,7,39,28,22,16,8,15,52,5,22,11,7,11,4,6
Cited1 ,X,ENSMUST00000136277.1,0,2,3,0,1,2,2,0,0,1,5,0,1,1,2,0
Clcn5 ,X,ENSMUST00000132126.1,7,2,6,15,10,6,18,13,2,0,3,4,7,5,7,8
Cldn2 ,X,ENSMUST00000135224.1,0,16,11,0,21,3,0,0,0,13,10,0,10,5,0,0
Cldn34a ,X,ENSMUST00000164764.1,0,0,0,0,0,0,0,0,0,0,0,0,0,0,0,0
Cldn34b4 ,X,ENSMUST00000178974.1,0,0,0,0,0,0,0,0,0,0,0,0,0,0,0,0
Cldn34c4 ,X,ENSMUST00000052500.5,2,10,16,3,7,5,17,4,0,0,1,0,0,0,2,0
Cldn34d ,X,ENSMUST00000114054.1,0,0,0,0,0,0,0,0,0,0,0,0,0,0,0,0
Cmc4 ,X,ENSMUST00000120286.1,60,31,46,54,23,26,98,60,50,27,50,47,26,17,92,60
Cnga2 ,X,ENSMUST00000145642.1,0,0,0,0,0,0,0,0,0,0,0,0,0,0,0,0
Cnksr2 ,X,ENSMUST00000139664.1,0,0,0,0,0,0,0,0,0,0,0,0,0,0,0,0
Col4a5 ,X,ENSMUST00000128669.1,2,3,0,0,0,0,0,0,2,2,0,0,0,0,0,0
Cox7b ,X,ENSMUST00000155377.1,538.913,682.112,1244.23,433.858,1266.83,660.787,667.966,474.422,515.776,670.183,1221.34,431.952,1263.37,653.871,640.304,502.449
Cpxcr1 ,X,ENSMUST00000101269.1,0,1,0,0,0,0,0,1,0,1,0,0,0,0,0,1
Cstf2 ,X,ENSMUST00000148080.1,56,196,233,92,287,135,99,95,58,282,242,99,372,162,105,144
Ctag2 ,X,ENSMUST00000033524.2,0,0,0,0,0,0,0,0,0,0,0,0,1,0,0,0
Ctps2 ,X,ENSMUST00000112300.1,542,460,844,662,510,385,707,768,214,155,306,286,191,156,274,293
Cul4b ,X,ENSMUST00000050083.5,125,298,233,190,244,107,179,128,40,103,79,40,68,29,35,31
Cxcr3 ,X,ENSMUST00000056614.6,246,23,85,90,15,34,8,8,172,18,60,63,7,11,5,4
Cybb ,X,ENSMUST00000131591.1,341,99,291,225,118,106,306,210,329,87,286,208,134,116,272,193
Cypt1 ,X,ENSMUST00000024026.2,0,0,0,0,0,0,0,0,0,0,0,0,0,0,0,0
Cypt14 ,X,ENSMUST00000179096.1,0,0,0,0,0,0,0,0,0,0,0,0,0,0,0,0
Cypt15 ,X,ENSMUST00000115114.2,0,0,0,0,0,0,0,0,0,0,0,0,0,0,0,0
Cypt2 ,X,ENSMUST00000041758.4,0,0,0,0,0,0,0,0,0,0,0,0,0,0,0,0
Cypt3 ,X,ENSMUST00000056754.3,0,0,0,0,0,0,0,0,0,0,0,0,0,0,0,0
Cysltr1 ,X,ENSMUST00000064892.3,0,4,8,2,1,0,0,0,0,2,6,0,2,0,0,0
Dach2 ,X,ENSMUST00000123974.1,0,0,0,0,0,0,0,0,0,0,1,0,1,0,0,0
Dcaf12l1 ,X,ENSMUST00000115056.1,0,0,0,0,0,1,2,0,0,0,1,0,0,1,1,0
Dcaf12l2 ,X,ENSMUST00000115057.1,31.4536,10.2134,23.79,44.6082,6.61916,17.9106,61.3003,42.2439,29.5251,11.8115,20.7106,20.3623,11.695,7.7847,39.4646,26.9377
Dcx ,X,ENSMUST00000112856.2,0,0,0,0,0,0,0,0,1,0,0,2,2,0,3,3
Ddx3x ,X,ENSMUST00000149639.1,69,100,48,57.7161,66,45,116,107,73,97,49,57.8059,58,45,99,88
Dgat2l6 ,X,ENSMUST00000037541.8,0,0,0,0,0,0,0,0,0,0,0,0,0,0,0,0
Diaph2 ,X,ENSMUST00000167619.8,517.016,376.641,532.336,583.567,368.913,242.343,988.283,680.389,5,6,9,6,10,4,15,22
Dkc1 ,X,ENSMUST00000137286.1,201,570,339,186,790,177,246,240,96,255,168,92,366,79,114,119
Dlg3 ,X,ENSMUST00000146772.1,5,12,7,10,2,4,8,10,16,15,7,9,15,7,10,21
Dmrtc1a ,X,ENSMUST00000033686.1,0,0,0,0,0,0,0,0,0,0,0,0,0,0,0,0
Dnase1l1 ,X,ENSMUST00000019232.9,126,69,142,118,58,56,227,256,37,10,41,26,23,16,45,74
Dock11 ,X,ENSMUST00000115264.1,369,275,443,455,317,197,435,591,287,230,355,360,257,145,348,492
Drp2 ,X,ENSMUST00000000228.4,18.1662,5,16.0641,15.289,66.7187,20.3965,22.3068,20.043,55.2743,27.0229,35.1295,52.5072,75.2114,17.0236,94.1056,67.8662
Dusp21 ,X,ENSMUST00000026018.3,0,0,0,0,0,0,1,0,0,0,0,0,0,0,0,0
Dusp9 ,X,ENSMUST00000019701.8,4.06979,5.18019,13.3729,1.02769,1.02759,8.26375,3.08136,2.0586,23.2841,14.3471,19.5737,20.6115,6.57292,7.97948,41.7302,20.3957
Dynlt3 ,X,ENSMUST00000140019.1,44,52,119,54,93,70,48,68,21,20,45,30,35,26,32,30
Ebp ,X,ENSMUST00000149495.1,122,143,353,116,218,186,189,163,46,47,137,39,89,59,81,51
Eda ,X,ENSMUST00000071453.2,0,0,17,0,7,3,0,0,0,0,12,0,7,1,0,0
Eda2r ,X,ENSMUST00000113832.1,0,0,0,0,0,0,0,0,0,0,0,0,0,0,0,0
Efhc2 ,X,ENSMUST00000026014.7,0,0,11,0,0,0,0,0,0,0,5,1,1,0,0,0
Efnb1 ,X,ENSMUST00000151750.1,18,5,8,30,6,11,30,25,6,2,5,15,4,5,6,8
Egfl6 ,X,ENSMUST00000000412.2,81.5816,6.15156,50.456,72.6028,11.812,6.17466,31.7938,34.6451,53.8692,6.69142,33.0391,48.4055,9.79249,5.31756,27.6683,31.4519
Eif1ax ,X,ENSMUST00000133252.1,167,407,390,178,624,212,208,162,537.414,1128.53,1126.59,616.703,1750.31,686.299,819.444,724.86
Eif2s3x ,X,ENSMUST00000127963.1,34,176,147,52,228,77,91,133,32,150,131,45,156,67,89,94
Elf4 ,X,ENSMUST00000033429.8,1592,719,953,1557,814,741,1765,1839,95,61,78.0457,112,49,65,108,145
Elk1 ,X,ENSMUST00000148133.1,44,25,25,37,55,32,67,40,29,15,11,24,22,13,41,18
Emd ,X,ENSMUST00000088313.4,3026.51,2274.54,3670.96,2854.23,3411.24,1975.3,5449.14,3891.89,86,146,208,117,173,130,215,135
Enox2 ,X,ENSMUST00000167659.7,111,105,71,141,92,33,44,79,17,4,9,6,9,4,14,12
Eras ,X,ENSMUST00000033500.4,0,0,0,0,0,0,0,1,0,0,0,0,0,0,0,0
Ercc6l ,X,ENSMUST00000056904.2,169.821,505.441,879.501,128.005,590.793,406.867,123.156,129.143,69,237,400,40,301,198,18,24
Esx1 ,X,ENSMUST00000155283.1,0,0,2,0,0,0,0,0,0,0,2,0,0,0,0,0
Etd ,X,ENSMUST00000074232.6,0,0,0,0,0,0,0,0,0,0,0,0,0,0,0,0
F630028O10Rik ,X,ENSMUST00000147681.1,1,0,18,0,2,0,7,14,1,0,13,0,0,0,6,6
F8 ,X,ENSMUST00000114085.8,27,13,19,58,46,14,79,57,0,0,3,0,1,1,2,1
F8a ,X,ENSMUST00000105111.3,501,221,329,369,287,172,746,592,421,165,272,316,229,150,608,511
F9 ,X,ENSMUST00000033477.4,61.5018,14.8406,30.7293,43.2803,22.1218,21.4259,41.6405,15.0056,66.3097,20.8096,25.3554,48.6592,14.2775,16.799,62.3053,23.1639
Fam120c ,X,ENSMUST00000125924.1,101,97,88,96,38,64,169,164,65,63,51,66,21,45,97,90
Fam122b ,X,ENSMUST00000071023.11,104,131,254,147,158,159,191,156,31,44,69,47,46,39,57,43
Fam122c ,X,ENSMUST00000186314.1,0,0,0,0,0,0,0,0,0,0,0,0,0,0,0,0
Fam199x ,X,ENSMUST00000047852.7,474,205,277,601,368,185,1012,466,51,15,12,34,23,4,54,17
Fam3a ,X,ENSMUST00000141604.1,128,87,77,104,89,44,188,165,67,34,40,48,38,25,97,91
Fam47c ,X,ENSMUST00000105110.3,0,0,0,2,0,0,0,0,0,0,0,2,0,0,0,0
Fam50a ,X,ENSMUST00000149312.1,181,65,103,142,102,66,174,194,225,112,191,216,161,102,256,304
Fam90a1b ,X,ENSMUST00000113902.1,3.20246,1.06477,6.21743,15.5016,4.18467,0,14.755,9.85231,0,0,0,0,0,0,0,1
Fancb ,X,ENSMUST00000057150.7,94,226,398,92,248,212,151,134,52,83,161,58,87,76,57,55
Fate1 ,X,ENSMUST00000137031.1,0,0,0,0,0,0,0,0,0,0,0,0,0,0,0,0
Fgd1 ,X,ENSMUST00000125620.1,112,6,13,105,13,14,106,124,132,20,13,123,29,21,142,153
Fgf13 ,X,ENSMUST00000150413.1,4,0,0,2,0,0,4,1,4,0,0,3,0,0,6,1
Fgf16 ,X,ENSMUST00000033581.3,0,0,0,0,0,0,0,0,0,0,0,1,0,0,1,0
Fhl1 ,X,ENSMUST00000153401.1,0,0,0,0,0,0,0,0,0,0,0,0,0,0,0,0
Flna ,X,ENSMUST00000101454.8,5880,1995,2686,6962,1737,1855,6032,6985,257,106,129,377,96,104,284,382
Fmr1 ,X,ENSMUST00000127993.1,26,19,30,15,29,19,37,36,22,15,31,20,21,11,33,30
Fmr1nb ,X,ENSMUST00000114647.7,6,4,5,1,1,4,3,15,4,2,5,0,1,3,4,9
Foxo4 ,X,ENSMUST00000138437.2,8,0,0,0,1,0,5,1,6,0,0,0,0,0,2,0
Foxp3 ,X,ENSMUST00000045566.6,3.74753,1.37885,0,3.7311,2.77917,1.33354,2.3203,0,3.61684,1.2237,1.19666,3.69589,1.27411,1.23444,0,2.46377
Foxr2 ,X,ENSMUST00000163801.1,0,0,2,0,0,0,0,1,0,0,3,0,0,0,0,1
Frmpd3 ,X,ENSMUST00000044702.6,1779.8,687.99,1696.92,1491.57,1206.62,819.883,2078.86,1424.05,60140.3,27545.4,62068,51068.2,42139.9,29721.9,72033.5,50947.2
Frmpd4 ,X,ENSMUST00000112145.2,2,0,11,0,0,0,0,0,1,0,6,0,0,0,0,0
Fthl17a ,X,ENSMUST00000048382.4,0,0,0,0,0,0,0,0,0,0,0,0,0,0,0,0
Ftsj1 ,X,ENSMUST00000147467.1,116,149,145,95,230,119,195,157,40,42,38,26,58,46,98,49
Ftx ,X,ENSMUST00000123841.2,29,18,25,46,43,17,59,60,12,9,22,25,23,4,34,35
Fundc1 ,X,ENSMUST00000142638.1,103,78,229,80,101,135,119,102,110,99,268,84,131,163,124,117
Fundc2 ,X,ENSMUST00000123540.1,49,68,139,51,101,50,38,36,52,68,136,57,92,58,34,46
G6pdx ,X,ENSMUST00000155963.1,5.18795,22,10.3684,6.51926,15.2547,5,12.2975,0,5.2002,20,14.7893,8,17.3159,4,9.60095,4
Gabra3 ,X,ENSMUST00000137517.1,6.34022,0,1.13547,8.46272,1.21453,1.19855,4.9861,13.8738,0,1,0,0,0,0,0,0
Gabre ,X,ENSMUST00000148499.1,0,0,0,0,0,0,0,0,1.89392,0,0,1.41384,2.68522,0,18.3567,8.3323
Gabrq ,X,ENSMUST00000033711.5,0,0,0,0,0,0,0,0,0,1,0,0,0,0,0,0
Gata1 ,X,ENSMUST00000128449.1,0,0,0,0,2,0,0,0,0,0,0,0,0,0,0,0
Gdi1 ,X,ENSMUST00000135041.1,648,201,354,594,191,201,1006,907,565,168,292,489,169,147,802,745
Gdpd2 ,X,ENSMUST00000151572.2,0,0,7.80036,0,0,0,0,0,0,0,1.25549,0,0,0,0,0
Gemin8 ,X,ENSMUST00000152248.1,19,23,52,47,33,33,24,33,1,7,10,9,10,9,17,11
Gja6 ,X,ENSMUST00000069417.5,6,0,0,0,0,0,2,0,4,0,0,0,0,0,2,0
Gjb1 ,X,ENSMUST00000119190.1,0,0,0,0,0,0,0,0,0,0,0,0,0,0,0,0
Gk ,X,ENSMUST00000152221.1,2,42,40,1,46,11,3,0,294.38,334.406,544.38,339.134,322.902,293.727,434.954,397
Gla ,X,ENSMUST00000239113.1,204.203,112.831,207.635,234.761,116.009,92.9313,371.554,235.824,1,7,11,2,2,6,4,2
Glod5 ,X,ENSMUST00000033503.2,0,0,0,0,0,0,0,0,0,3,0,0,0,0,0,0
Glra2 ,X,ENSMUST00000058787.8,19.8606,7.63962,13.956,28.235,10.9516,13.6283,42.1616,24.4813,5.86676,0,4.37902,3.55427,0,2.45903,7.20222,2.32208
Glra4 ,X,ENSMUST00000154833.1,5,0,0,3,1,0,3,3,2,0,0,2,0,0,2,1
Gm10477 ,X,ENSMUST00000101552.2,0,0,0,3,0,0,0,0,0,0,0,0,0,0,0,0
Gm1141 ,X,ENSMUST00000101495.2,0,3,20,0,2,0,0,0,0,2,1,0,0,0,0,0
Gm14379 ,X,ENSMUST00000128858.1,0,1,0,0,0,1,0,0,0,2,0,0,0,0,0,0
Gm14493 ,X,ENSMUST00000141174.1,31.4194,64.993,59.5182,30,94.6478,44.0156,58.9992,56.518,42.48,63.431,65.6505,33,97.5908,44.0574,61.6267,67.9955
Gm14549 ,X,ENSMUST00000154993.1,0,33,19,0,39,22,0,3,0,35,27,0,37,28,0,6
Gm14565 ,X,ENSMUST00000140021.1,2247.3,669.448,1208.14,1957.35,733.552,419.292,3409.34,2509.23,2215.85,764.41,1307.53,2033.87,701.044,481.103,3672.63,2575.09
Gm14569 ,X,ENSMUST00000167210.1,0,0,0,0,0,0,0,2,0,0,0,0,0,0,0,0
Gm14582 ,X,ENSMUST00000141697.1,1,0,0,0,0,2,0,0,3,0,0,0,0,1,0,0
Gm14634 ,X,ENSMUST00000151112.1,0,7,0,9,0,12,17,4,1,5,0,6,0,14,16,5
Gm14635 ,X,ENSMUST00000137281.1,0,0,1,0,0,0,0,0,0,0,2,0,0,0,0,0
Gm14636 ,X,ENSMUST00000150801.1,88.2581,36.6774,69.2737,101.208,48.0297,24.5582,170.571,128.425,65.9162,10.077,23.3897,46.4728,21.35,8.07404,130.094,80.6684
Gm14662 ,X,ENSMUST00000145552.1,0,0,0,0,0,0,0,0,0,0,0,0,0,0,0,0
Gm14664 ,X,ENSMUST00000142919.1,0,0,0,0,1,0,0,0,0,0,0,0,0,0,0,0
Gm14684 ,X,ENSMUST00000145722.1,0,0,0,0,0,0,0,0,0,0,0,0,0,0,0,0
Gm14696 ,X,ENSMUST00000144294.1,43.506,9.08082,18.0781,63.9763,13.0405,8,47.3751,24.1214,604.25,187.196,342.09,503.693,250.807,174.733,696.478,381.707
Gm14697 ,X,ENSMUST00000147144.1,0,0,1,2,0,0,0,0,0,0,0,1,0,0,0,0
Gm14703 ,X,ENSMUST00000145894.1,128,65,89,129,127,63,173,94,93,92,111,104,126,71,154,93
Gm14705 ,X,ENSMUST00000187253.1,0,0,0,0,0,0,0,0,0,0,0,0,0,0,0,0
Gm14707 ,X,ENSMUST00000152793.1,0,0,0,0,0,0,0,0,0,0,0,0,0,0,0,0
Gm14715 ,X,ENSMUST00000156823.1,104,153,346,107,147,195,168,123,1,0,0,0,0,0,0,5
Gm14718 ,X,ENSMUST00000138082.1,113,21,63,86,27,23,150,140,74.9042,21.8186,54.1804,76.5497,29.6147,14.1509,145.026,114.378
Gm14762 ,X,ENSMUST00000105109.1,0,0,0,0,0,0,0,0,6,3,40,32,5,7,53,25
Gm14764 ,X,ENSMUST00000147130.1,0,0,1,0,7,1,0,2,0,2,0,0,7,1,0,5
Gm14773 ,X,ENSMUST00000125932.1,0,0,0,0,0,0,0,0,0,0,0,0,0,0,0,0
Gm14798 ,X,ENSMUST00000139695.1,84,46,63,56,48,50,102,100,40,26,36,34,30,25,68,77
Gm14808 ,X,ENSMUST00000129259.1,0,0,0,0,0,0,0,0,0,0,0,0,0,0,0,0
Gm14809 ,X,ENSMUST00000152025.1,0,2,0,0,0,0,0,0,0,3,0,0,0,0,0,0
Gm14812 ,X,ENSMUST00000156494.1,3.19235,2.6738,1.4683,1.13093,6.319,0,0,3.41639,31,8,10,33,17,3,57,41
Gm14817 ,X,ENSMUST00000148522.1,6.68026,0,7.82893,2,2,0,18.8645,5,3,1,3,0,2,0,17,7
Gm14820 ,X,ENSMUST00000188632.1,0,0,0,0,0,0,0,0,0,0,0,1.60387,0,0,0,0
Gm14858 ,X,ENSMUST00000138614.1,7,0,2,2,0,1,37,1,21,3,5,13,5,0,54,7
Gm14862 ,X,ENSMUST00000115553.2,21,7,10,19,2,6,26,26,59.8651,14,22.128,49.4603,22.1029,21.2703,87.0862,105.993
Gm14866 ,X,ENSMUST00000149206.1,30,9,22.1996,35,6,11,78,33,27,7,13.7445,21,5,8,82,34
Gm14902 ,X,ENSMUST00000145576.1,18,9,22,21,3,14,38,38,15,5,24,18,5,13,42,40
Gm14929 ,X,ENSMUST00000152079.1,49.2159,10.7949,11.4623,33.5464,6.34474,12.6113,66.5794,64.7946,323.098,86.7061,197.32,247.948,89.5974,118.324,365.612,257.831
Gm14936 ,X,ENSMUST00000137765.1,2,0,0,6,2,0,0,1,6,0,0,5,5,0,0,0
Gm15008 ,X,ENSMUST00000147429.1,34,9,6,5,6,0,39,27,33,6,3,7,3,2,32,22
Gm15046 ,X,ENSMUST00000130153.1,0,0,0,0,0,0,0,0,0,0,0,0,0,0,0,0
Gm15063 ,X,ENSMUST00000152648.1,2,1,0.0019788,0,0,0.265177,3.35965,5,0,3.75502,0,0,0.515068,3.25186,2.92777,4.85597
Gm15138 ,X,ENSMUST00000151778.1,0,0,0,0,0,0,0,0,0,0,0,0,0,0,0,0
Gm15156 ,X,ENSMUST00000148217.1,0,0,0,0,0,0,0,0,0,0,0,0,0,0,0,0
Gm15169 ,X,ENSMUST00000126095.1,92.1958,32.2127,54.1418,85.3489,25,34.2605,177.884,146.651,111.845,37.7166,61.7408,98.5031,25.5349,25.2123,137.289,137.879
Gm15201 ,X,ENSMUST00000136472.1,0,0,1,0,4,0,0,0,0,0,1,0,0,0,0,0
Gm15202 ,X,ENSMUST00000154188.1,0,0,0,0,0,0,0,0,0,0,0,0,0,0,0,0
Gm15226 ,X,ENSMUST00000156526.1,1,4,9,13,5,2,6,17,17,4,6,40,6,0,56,35
Gm15228 ,X,ENSMUST00000142044.1,342,0,51,101,6,7,47,34,212,0,63,95,5,0,28,15
Gm15230 ,X,ENSMUST00000153701.1,0,0,0,0,0,0,14,8,0,0,0,0,0,0,10,6
Gm15232 ,X,ENSMUST00000146929.1,473.517,64.8257,206.531,322.232,69.1181,75.1307,448.103,298.301,254.469,21.5318,80.1982,115.58,19.0374,33.1031,96.984,104.616
Gm15239 ,X,ENSMUST00000150690.1,3,0,7,4,0,0,9,3,2,0,1,0,0,0,4,1
Gm15241 ,X,ENSMUST00000125700.1,20.568,2,15.2478,12,5,2,13,19,29.4071,0,29.9924,18.8334,3.67068,2.00166,41.5506,31.6509
Gm15243 ,X,ENSMUST00000151101.1,0,0,0,0,0,0,0,0,2,4,6,3,3,3,4,4
Gm15245 ,X,ENSMUST00000129410.1,5,5,5,1,0,2,9,9,6,7,11,4,1,1,3,14
Gm15246 ,X,ENSMUST00000149873.1,6,4,47,13,3,1,8,0,6,3,27,13,4,3,9,0
Gm15261 ,X,ENSMUST00000136779.1,106.062,56.6646,68.3778,112.058,35.2887,69.1289,167.324,218.322,45.0162,29,45.2951,51.108,13.1885,40.0228,87.3173,99.3463
Gm15295 ,X,ENSMUST00000139874.1,0,0,0,0,0,0,0,0,0,0,0,0,0,0,0,0
Gm15384 ,X,ENSMUST00000138832.1,92.8022,44.4314,56.387,97.6862,18.1395,12.3252,175.975,133.639,192,84,143,194,63,43,297,263
Gm16189 ,X,ENSMUST00000123707.1,0,0,2,1,2,1,4,3,0,0,3,1,0,1,7,3
Gm1720 ,X,ENSMUST00000135086.1,0,0,0,0,0,0,2,0,0,0,0,0,0,0,4,0
Gm20489 ,X,ENSMUST00000117736.1,2575.37,682.248,1260.02,2632.78,806.277,632.096,4515.12,4197.02,1675.16,392.939,738.012,1698.31,508.373,391.599,2860.13,2692.34
Gm21986 ,X,ENSMUST00000113671.2,227.348,89.1648,116.481,230.804,66.3701,51.9239,422.347,262.448,236.96,83.0629,97.9809,261.947,60.3702,42.6958,430.485,267.578
Gm22023 ,X,ENSMUST00000104354.1,0,0,1,0,0,7,1,0,0,0,0,0,0,1,0,0
Gm22025 ,X,ENSMUST00000122734.1,0,0,0,0,0,0,0,0,0,0,0,0,0,0,0,0
Gm22057 ,X,ENSMUST00000083387.1,0,0,0,0,0,0,0,0,0,0,0,0,0,0,0,0
Gm22062 ,X,ENSMUST00000082563.1,0,0,0,0,0,0,0,0,0,0,0,0,0,0,0,0
Gm22083 ,X,ENSMUST00000157586.1,0,0,0,0,2,0,3,7,0,0,0,0,4,0,4,6
Gm22090 ,X,ENSMUST00000158335.1,7,0,0,0,0,0,0,0,9,0,0,0,0,0,0,0
Gm22139 ,X,ENSMUST00000158747.1,0,0,0,0,0,0,0,0,0,0,0,0,0,0,0,0
Gm22143 ,X,ENSMUST00000157401.1,0,0,0,0,0,0,0,0,0,0,0,0,0,0,0,0
Gm22160 ,X,ENSMUST00000158405.1,0,0,0,0,0,0,0,0,0,0,0,0,0,0,0,0
Gm22225 ,X,ENSMUST00000157358.1,0,0,0,0,0,0,0,0,0,0,0,0,0,0,0,0
Gm22248 ,X,ENSMUST00000082482.1,0,0,0,0,0,0,0,0,0,0,0,0,0,0,0,0
Gm22257 ,X,ENSMUST00000158687.1,0,0,0,0,0,0,0,0,0,0,0,0,0,0,0,0
Gm22266 ,X,ENSMUST00000104011.2,0,1,0,0,0,0,0,0,0,0,0,0,0,0,0,0
Gm22287 ,X,ENSMUST00000083197.1,8,4,11,4,5,4,37,10,6,4,12,5,5,7,35,13
Gm22294 ,X,ENSMUST00000083308.1,0,0,0,0,0,0,0,0,0,0,0,0,0,0,0,0
Gm22332 ,X,ENSMUST00000158072.1,0,0,0,0,0,0,0,0,0,0,0,0,0,0,0,0
Gm22359 ,X,ENSMUST00000082884.1,0,0,0,0,0,0,0,0,0,0,0,0,0,0,0,1
Gm22364 ,X,ENSMUST00000083097.1,0,0,0,0,0,0,0,0,0,0,0,0,0,0,0,0
Gm22368 ,X,ENSMUST00000102416.1,0,3,3,0,3,0,3,0,0,0,6.0842,2.03778,1.01416,5.07018,0,2.06383
Gm22413 ,X,ENSMUST00000175465.2,0,0,0,0,0,1,0,0,0,0,0,0,0,0,0,0
Gm22430 ,X,ENSMUST00000158546.1,1,0,1,0,0,0,1,0,3,0,0,1,1,0,1,0
Gm22435 ,X,ENSMUST00000158552.1,13,1,1,11,2,1,4,7,6,1,3,2,0,0,1,3
Gm22464 ,X,ENSMUST00000175273.1,90.4723,43.6864,95.8733,83.8297,56.7531,35.4096,121.543,101.512,66.3103,39.1662,75.1398,62.1588,51.26,36.0261,138.522,98.9965
Gm22472 ,X,ENSMUST00000104115.1,0,0,0,0,0,0,0,0,0,0,0,0,0,0,0,0
Gm22522 ,X,ENSMUST00000158271.1,0,0,0,0,0,0,0,0,0,0,0,0,0,0,0,0
Gm22528 ,X,ENSMUST00000158818.1,0,0,0,0,0,0,0,0,0,0,0,0,0,0,0,0
Gm22539 ,X,ENSMUST00000158167.1,0,0,0,0,0,0,0,0,0,0,0,0,0,0,0,0
Gm22552 ,X,ENSMUST00000157796.1,4,1,1,0,0,0,5,0,2,1,5,0,0,2,6,1
Gm22590 ,X,ENSMUST00000104247.1,0,0,2,0,0,0,0,0,0,0,2,0,0,0,0,0
Gm22592 ,X,ENSMUST00000104242.1,0,0,0,0,0,0,0,0,0,0,0,0,0,0,0,0
Gm22612 ,X,ENSMUST00000158293.1,0,0,0,0,0,0,0,0,0,0,0,0,0,0,0,0
Gm22636 ,X,ENSMUST00000158142.1,0,0,0,2,0,0,0,0,0,0,0,2,0,0,0,0
Gm22650 ,X,ENSMUST00000175138.1,0,0,0,0,0,0,0,0,0,0,0,0,0,0,0,0
Gm22666 ,X,ENSMUST00000158717.1,0,0,0,0,0,0,0,0,0,0,0,0,0,0,0,0
Gm22686 ,X,ENSMUST00000082847.2,0,0,0,0,0,0,0,0,0,0,0,0,0,0,0,0
Gm22746 ,X,ENSMUST00000082494.1,0,0,0,0,0,0,0,0,0,0,1.12337,0,0,0,0,0
Gm22783 ,X,ENSMUST00000104089.1,0,0,0,0,0,0,0,0,0,0,0,0,0,0,0,0
Gm22785 ,X,ENSMUST00000104087.1,0,0,0,0,0,0,0,0,0,0,0,0,0,0,0,0
Gm22843 ,X,ENSMUST00000157710.1,0,0,2,0,0,0,0,1,0,0,0,0,0,0,0,2
Gm23000 ,X,ENSMUST00000157083.1,0,0,0,0,0,0,0,0,0,0,0,0,0,0,0,0
Gm23028 ,X,ENSMUST00000158773.1,0,0,0,0,0,0,0,0,0,0,0,0,0,0,0,0
Gm23068 ,X,ENSMUST00000158239.1,0,0,0,0,0,0,0,0,0,0,0,0,0,0,0,0
Gm23082 ,X,ENSMUST00000157852.1,0,0,0,0,0,0,0,0,0,0,0,0,0,0,0,0
Gm23121 ,X,ENSMUST00000157653.1,0,0,0,0,0,0,0,0,0,0,0,0,0,0,0,0
Gm23124 ,X,ENSMUST00000157650.1,0,0,0,0,0,0,0,0,0,0,0,0,0,0,0,0
Gm23197 ,X,ENSMUST00000158809.1,0,0,0,0,0,0,0,0,0,0,0,0,0,0,0,0
Gm23199 ,X,ENSMUST00000158812.1,0,0,0,0,0,0,0,0,0,0,0,0,0,0,0,0
Gm23258 ,X,ENSMUST00000158319.1,0,0,0,0,0,0,0,0,0,0,0,0,0,0,0,0
Gm23277 ,X,ENSMUST00000157914.1,0,0,0,0,0,0,0,0,0,0,0,0,0,0,0,0
Gm23280 ,X,ENSMUST00000157905.1,0,0,0,0,0,0,0,0,0,0,0,0,0,0,0,0
Gm23320 ,X,ENSMUST00000104462.1,0,0,0,0,0,0,0,0,0,0,0,0,0,0,0,0
Gm23322 ,X,ENSMUST00000104464.1,0,0,0,1,0,0,0,2,0,0,0,2,0,0,0,2
Gm23325 ,X,ENSMUST00000157422.1,0,0,1,0,0,0,0,0,0,0,1,0,0,0,0,0
Gm23378 ,X,ENSMUST00000082942.1,0,0,0,0,0,0,0,0,0,0,0,0,0,0,0,0
Gm23381 ,X,ENSMUST00000157676.1,0,0,0,0,0,0,0,0,0,0,0,0,0,0,0,0
Gm23385 ,X,ENSMUST00000158592.1,0,0,0,1,0,0,0,0,0,0,0,0,0,0,0,0
Gm23404 ,X,ENSMUST00000082543.1,0,0,0,0,0,0,0,0,0,0,0,0,0,0,0,0
Gm23454 ,X,ENSMUST00000083332.1,0,0,0,0,0,0,0,0,0,0,0,0,0,0,0,0
Gm23461 ,X,ENSMUST00000083265.1,0,0,2,0,0,0,0,0,0,0,9,0,0,0,0,0
Gm23501 ,X,ENSMUST00000157744.1,0,0,0,0,0,0,0,4,0,0,0,0,0,0,0,3
Gm23556 ,X,ENSMUST00000157821.1,0,0,0,0,0,0,0,0,0,0,0,0,0,0,0,0
Gm23557 ,X,ENSMUST00000157820.1,0,0,0,0,0,0,0,0,0,0,0,0,0,0,0,0
Gm23586 ,X,ENSMUST00000157657.1,0,0,0,0,0,0,0,0,0,0,0,0,0,0,0,0
Gm23613 ,X,ENSMUST00000082596.1,0,0,0,0,0,2,0,0,0,0,0,0,0,4,0,0
Gm23615 ,X,ENSMUST00000082602.1,0,0,2,0,0,0,0,0,0,0,1,0,0,0,0,0
Gm23628 ,X,ENSMUST00000082464.1,0,1,3,0,0,0,3,5,0,3,3,1,0,0,3,5
Gm23656 ,X,ENSMUST00000122626.1,6,0,0,19,2,0,25,11,2,0,0,15,1,0,10,10
Gm23671 ,X,ENSMUST00000157472.1,0,0,0,0,0,0,0,0,0,0,0,0,0,0,0,0
Gm23678 ,X,ENSMUST00000083157.1,0,0,4,0,0,0,0,0,0,0,0,0,0.487948,0,0,0
Gm23679 ,X,ENSMUST00000083161.1,0,0,0,0,0,0,0,0,0,0,0,0,0,0,0,0
Gm23718 ,X,ENSMUST00000157350.1,0,0,0,0,0,0,0,0,0,0,0,0,0,0,0,0
Gm23768 ,X,ENSMUST00000104440.1,0,0,0,0,0,0,0,0,0,0,0,0,0,0,0,0
Gm23786 ,X,ENSMUST00000200181.1,0,0,0,0,0,0,0,0,0,0,0,2,0,0,0,0
Gm23794 ,X,ENSMUST00000084009.1,0,0,0,0,0,0,0,0,0,0,0,0,0,0,0,0
Gm23806 ,X,ENSMUST00000175157.1,0,1,2,0,3,2,4,0,0,0,0,0,2,2,3,0
Gm23867 ,X,ENSMUST00000122649.1,0,0,0,0,0,0,0,0,0,0,0,0,0,0,0,0
Gm23945 ,X,ENSMUST00000179609.1,38.8589,6.92688,19.9297,20.9771,14.9632,9.98251,62.0525,38.1182,40.3083,14.6313,26.2246,22.174,18.5194,21.3762,61.3361,45.04
Gm23958 ,X,ENSMUST00000157207.1,0,0,0,0,0,0,0,0,0,0,0,0,0,0,0,0
Gm23985 ,X,ENSMUST00000157140.1,0,0,0,0,0,0,0,0,0,0,0,0,0,0,0,0
Gm24038 ,X,ENSMUST00000082872.2,0,0,0,0,0,0,0,0,0,0,0,0,0,0,0,0
Gm24061 ,X,ENSMUST00000157489.1,0,0,0,0,0,0,0,0,0,0,0,0,0,0,0,0
Gm24123 ,X,ENSMUST00000104106.1,0,0,0,0,0,0,0,0,0,0,0,0,0,0,0,0
Gm24281 ,X,ENSMUST00000104234.1,0,0,0,1,0,0,3,0,0,0,0,0,0,0,0,0
Gm24380 ,X,ENSMUST00000122696.1,0,0,0,0,0,0,0,0,0,0,0,0,0,0,0,0
Gm24438 ,X,ENSMUST00000157893.1,0,0,0,0,0,0,0,0,0,0,0,0,0,0,0,0
Gm24460 ,X,ENSMUST00000082731.1,0,0,0,1,0,0,0,0,0,0,0,1,0,0,0,0
Gm24470 ,X,ENSMUST00000104486.1,0,0,0,0,0,0,0,0,0,0,0,0,0,0,0,0
Gm24491 ,X,ENSMUST00000083799.1,0,0,0,0,0,0,0,0,0,0,0,0,0,0,1,0
Gm24509 ,X,ENSMUST00000157086.1,0,0,0,0,0,0,0,0,0,0,0,0,0,0,0,0
Gm24522 ,X,ENSMUST00000083964.1,0,0,0,0,0,0,0,0,0,0,0,0,0,0,0,0
Gm24595 ,X,ENSMUST00000122501.1,0,0,0,0,0,0,0,0,0,0,0,0,0,0,0,0
Gm24622 ,X,ENSMUST00000082619.1,0,0,0,0,0,0,0,0,0,0,0,0,0,0,0,0
Gm24624 ,X,ENSMUST00000082617.1,0,0,0,0,0,0,0,0,0,0,0,0,0,0,0,0
Gm24627 ,X,ENSMUST00000122764.2,0,0,0,0,0,0,0,0,0,0,0,0,0,0,0,0
Gm24675 ,X,ENSMUST00000158757.1,0,0,0,0,0,0,0,0,0,0,0,0,0,0,0,0
Gm24687 ,X,ENSMUST00000157758.1,0,0,0,0,0,0,0,0,0,0,0,0,0,0,0,0
Gm24706 ,X,ENSMUST00000082806.1,0,0,0,0,0,0,0,0,0,0,0,0,0,0,0,0
Gm24718 ,X,ENSMUST00000157521.1,0,0,0,0,0,0,0,0,34,5,13,22,2,6,69,53
Gm24763 ,X,ENSMUST00000083688.1,3,0,8,0,2,0,0,0,3,0,5,0,1,0,0,0
Gm24772 ,X,ENSMUST00000158507.1,0,0,0,0,0,0,0,0,0,0,0,0,0,0,0,0
Gm24809 ,X,ENSMUST00000175318.2,337.415,92.2813,215.382,360.24,121.849,99.6566,581.156,480.142,597.195,152.995,344.49,526.533,227.116,175.638,952.038,745.763
Gm24812 ,X,ENSMUST00000175315.2,6.00042,0,0,3.00013,0,1,0,3.00007,1.00007,0,0,1.00004,1,1,0,1.00003
Gm24824 ,X,ENSMUST00000175097.1,15.0915,0.503364,9.55869,20.3852,2.23855,1.62391,20.8755,36.6266,0,0,3,0,0,0,0,0
Gm24831 ,X,ENSMUST00000116778.1,0,0,0,0,1,0,0,0,0,0,0,0,0,0,0,0
Gm24907 ,X,ENSMUST00000116932.1,0,0,0,0,0,0,0,0,0,0,0,0,0,0,0,0
Gm24993 ,X,ENSMUST00000157411.1,0,0,0,0,0,0,0,0,0,0,0,0,0,0,0,0
Gm25006 ,X,ENSMUST00000083813.1,0,0,3,0,0,0,0,0,0,0,2,0,0,0,0,0
Gm25023 ,X,ENSMUST00000082977.1,0,0,0,0,0,0,0,0,0,0,0,1.01256,0,0,0,0
Gm25047 ,X,ENSMUST00000122667.1,0,0,1,0,0,1,0,0,0,0,0,0,0,3,0,0
Gm25061 ,X,ENSMUST00000104665.1,0,0,0,0,0,0,0,0,0,0,0,0,0,0,0,0
Gm25078 ,X,ENSMUST00000082530.1,0,0,0,0,0,0,0,0,0,0,0,0,0,0,0,0
Gm25097 ,X,ENSMUST00000104042.1,0,0,0,0,0,0,0,0,0,0,0,0,0,0,0,0
Gm25107 ,X,ENSMUST00000122472.1,0,0,0,0,0,0,0,0,0,0,0,0,0,0,0,0
Gm25170 ,X,ENSMUST00000104191.1,0,0,0,0,0,0,0,0,0,0,0,0,0,0,0,0
Gm25202 ,X,ENSMUST00000082838.1,2.07974,0,0,0,0,0,3.08643,1.03661,0,0,0,0,0,0,1.05428,1.05948
Gm25226 ,X,ENSMUST00000158198.1,0,0,0,0,0,0,0,0,0,0,0,0,0,0,0,0
Gm25246 ,X,ENSMUST00000175476.1,0,0,0,0,0,5.71586,0,0,0,0,2,0,2,3,0,0
Gm25299 ,X,ENSMUST00000175283.1,33.6188,24.137,34.3349,31.355,29.1845,17.607,44.8827,34.5827,289.244,144.66,243.698,275.714,150.309,101.067,450.556,346.116
Gm25332 ,X,ENSMUST00000158038.1,0,0,0,0,0,0,0,0,0,0,0,0,0,0,0,0
Gm25366 ,X,ENSMUST00000158845.1,0,0,0,0,0,0,0,0,0,0,0,0,0,0,0,0
Gm25367 ,X,ENSMUST00000158846.1,0,0,0,0,0,0,0,0,0,0,0,0,0,0,0,0
Gm25393 ,X,ENSMUST00000157336.1,0,0,0,0,0,0,0,0,0,0,0,0,0,0,0,0
Gm25421 ,X,ENSMUST00000104218.1,0,0,0,0,0,0,0,0,0,0,0,0,0,0,0,0
Gm25429 ,X,ENSMUST00000157607.1,0,0,0,2,0,0,0,0,0,0,0,3,0,0,0,0
Gm25481 ,X,ENSMUST00000083221.1,3,5,0,0,0,6,1,0,3,4,0,0,0,6,2,0
Gm25520 ,X,ENSMUST00000158389.1,15,5,26,31,7,8,57,42,19,5,23,20,9,5,46,30
Gm25552 ,X,ENSMUST00000158081.1,0,0,0,0,0,0,0,0,0,0,0,0,0,0,0,0
Gm25553 ,X,ENSMUST00000158076.1,0,0,0,0,0,0,0,0,0,0,0,0,0,0,0,0
Gm25557 ,X,ENSMUST00000158084.1,0,0,0,0,0,0,0,0,0,0,0,0,0,0,0,0
Gm25624 ,X,ENSMUST00000157222.1,0,0,0,0,0,0,0,0,0,0,0,0,0,0,0,0
Gm25629 ,X,ENSMUST00000084001.1,3,0,0,0,0,0,0,0,1,0,0,0,0,0,0,0
Gm25642 ,X,ENSMUST00000175137.1,0,0,0,0,0,0,0,0,0,0,0,0,0,0,0,0
Gm25651 ,X,ENSMUST00000083782.1,0,0,0,0,0,0,0,0,0,0,0,0,0,0,0,1
Gm25770 ,X,ENSMUST00000158566.1,0,0,0,0,0,0,0,0,0,0,0,0,0,0,0,0
Gm25793 ,X,ENSMUST00000083287.1,0,0,0,1,0,0,0,0.000516912,0,0,0,0,0,0,0,0
Gm25795 ,X,ENSMUST00000104421.1,0,0,0,0,0,0,0,0,0,0,0,0,0,0,0,0
Gm25797 ,X,ENSMUST00000082640.1,0,0,0,0,0,0,0,0,0,0,0,0,0,0,0,0
Gm25812 ,X,ENSMUST00000082751.1,1,0,0,0,0,0,3.11317,0,1,1,0,0,0,0,4.07286,0
Gm25825 ,X,ENSMUST00000157091.2,1,0,0,0,0,0,0,0,3,0,0,0,0,0,0,0
Gm25828 ,X,ENSMUST00000157087.1,0,0,0,0,0,0,0,0,0,0,0,0,0,0,0,0
Gm25851 ,X,ENSMUST00000082794.1,0,0,0,0,0,0,0,0,0,0,0,0,0,0,0,0
Gm25885 ,X,ENSMUST00000157779.1,0,0,0,0,0,0,0,2,0,0,0,0,0,0,0,2
Gm25895 ,X,ENSMUST00000083714.1,0,0,0,0,0,0,0,0,0,0,0,0,0,0,0,0
Gm25915 ,X,ENSMUST00000104265.1,0,0,0,0,0,0,0,0,0,0,0,0,0,0,0,0
Gm26000 ,X,ENSMUST00000157991.1,0,0,0,0,0,0,0,0,0,0,0,0,0,0,0,0
Gm26007 ,X,ENSMUST00000158798.1,0,0,0,0,0,0,0,0,0,0,0,0,0,0,0,0
Gm26020 ,X,ENSMUST00000122729.1,0,0,8,4,2,5,0,2,0,0,6,5,3,5,0,2
Gm26024 ,X,ENSMUST00000158657.1,0,0,14,0,0,0,0,0,0,0,12,0,0,0,0,0
Gm26029 ,X,ENSMUST00000158659.1,0,0,0,0,0,0,0,0,0,0,0,0,0,0,0,0
Gm26041 ,X,ENSMUST00000158148.1,0,0,0,0,0,0,0,0,0,0,0,0,0,0,0,0
Gm26065 ,X,ENSMUST00000083380.1,0,0,0,0,0,0,6,0,0,0,0,0,0,0,1,0
Gm26099 ,X,ENSMUST00000157248.1,0,0,0,0,0,0,0,0,0,0,0,0,0,0,0,0
Gm26108 ,X,ENSMUST00000083973.1,4,2,6,4,0,2,10,13,1,1,3,5,0,0,9,5
Gm26111 ,X,ENSMUST00000083969.1,0,0,0,0,0,0,0,0,0,0,0,0,0,0,0,0
Gm26131 ,X,ENSMUST00000082725.1,0,0,0,0,0,0,0,0,0,0,0,0,0,0,0,0
Gm26151 ,X,ENSMUST00000157425.1,0,0,0,0,0,0,0,0,0,0,0,0,0,0,0,0
Gm26152 ,X,ENSMUST00000157427.1,0,0,0,0,0,0,0,0,0,0,0,0,0,0,0,0
Gm26174 ,X,ENSMUST00000158415.1,0,0,0,0,0,0,0,0,0,0,0,0,0,0,0,0
Gm26182 ,X,ENSMUST00000157688.1,0,1,0,0,2,0,0,0,0,2,0,0,0,0,1,0
Gm26194 ,X,ENSMUST00000175036.1,0,0,1,0,1,0,2,3,0,0,0,0,1,0,5.02865,3
Gm26209 ,X,ENSMUST00000103852.1,0,0,1,3,0,0,0,1,0,0,0,1,0,0,0,0
Gm26276 ,X,ENSMUST00000157099.1,0,0,0,0,0,0,0,0,0,0,0,0,0,0,0,0
Gm26312 ,X,ENSMUST00000157769.1,0,0,0,0,0,0,0,0,0,0,0,0,0,0,0,0
Gm26314 ,X,ENSMUST00000083891.1,0,0,0,0,0,0,0,0,0,0,0,0,0,0,0,1
Gm26318 ,X,ENSMUST00000176507.1,65.2794,17.1835,36.0472,63.4948,20.2144,27.5616,160.363,102.386,78.7068,32.6381,39.7154,69.8299,24.1985,26.9973,171.905,142.137
Gm26351 ,X,ENSMUST00000157532.1,0,0,0,0,0,0,0,0,0,0,0,0,0,0,0,0
Gm26368 ,X,ENSMUST00000157826.1,0,0,0,0,0,0,0,0,0,0,0,0,0,0,0,0
Gm26401 ,X,ENSMUST00000158502.1,0,0,0,1,0,0,0,0,0,0,0,1,0,0,0,0
Gm26415 ,X,ENSMUST00000157673.1,16,10,9,27,15,2,56,39,13,6,8,23,15,5,58,40
Gm26417 ,X,ENSMUST00000104274.1,0,0,0,0,0,0,0,0,0,0,0,0,0,0,0,0
Gm26437 ,X,ENSMUST00000082595.1,0,0,0,0,0,0,0,0,0,0,0,0,0,0,0,0
Gm26441 ,X,ENSMUST00000082590.1,0,0,0,0,0,0,0,0,0,0,0,1.01349,0,0,3,4.03913
Gm26487 ,X,ENSMUST00000158022.1,0,0,0,1,0,0,0,0,0,0,0,3,0,0,0,0
Gm26618 ,X,ENSMUST00000181123.1,0,0,0,0,0,0,0,0,0,0,0,0,0,0,0,0
Gm26726 ,X,ENSMUST00000181889.1,0,0,0,0,0,0,0,0,0,0,0,0,0,0,0,0
Gm26952 ,X,ENSMUST00000181996.1,31,4,17,27,7,9,60.4784,67,39.2936,10.872,12.1693,28.7998,8.79811,13.2967,70.7118,71.4288
Gm26992 ,X,ENSMUST00000182089.1,26.1824,2.39657,11.858,13.568,0.472256,0.15747,5.29483,4.2094,0,0,0,0,0,0,0,0
Gm27191 ,X,ENSMUST00000145973.2,0,0,0,0,0,0,0,0,0,0,0,0,0,0,0,0
Gm27285 ,X,ENSMUST00000183875.1,8,5,6,11,2,2,13,20,10,6,10,11,0,1,12,12
Gm27321 ,X,ENSMUST00000185021.1,3,0,4,5,5,0,3,5,2,0,2,1,0,0,2,0
Gm27414 ,X,ENSMUST00000185033.1,0,0,0,0,0,0,0,0,0,0,0,0,0,0,0,0
Gm27428 ,X,ENSMUST00000184289.1,0,0,0,0,0,0,0,0,0,0,0,0,0,0,0,0
Gm27490 ,X,ENSMUST00000184754.1,0,0,0,0,0,0,0,0,0,0,0,0,0,0,0,0
Gm27520 ,X,ENSMUST00000184872.1,0,1,0,0,3,0,1,2,6,7,1,3,1,4,2,6
Gm27554 ,X,ENSMUST00000185074.1,0,0,0,0,0,0,0,0,0,0,0,0,0,0,0,0
Gm27659 ,X,ENSMUST00000183472.1,0,0,0,0,0,0,0,0,0,0,0,0,0,0,0,0
Gm27733 ,X,ENSMUST00000184803.1,11,7,2,6,1,3,4,1,14,8,2,6,1,4,4,2
Gm27798 ,X,ENSMUST00000184989.1,66,36,72,51,30,37,114,59,38,18,42,29,16,19,55,40
Gm27828 ,X,ENSMUST00000184108.1,0,0,0,0,0,0,0,0,0,0,0,0,0,0,0,0
Gm27838 ,X,ENSMUST00000184829.1,0,0,0,0,0,0,0,0,0,0,0,0,0,0,0,1
Gm27843 ,X,ENSMUST00000184273.1,0,0,0,0,0,0,0,0,0,0,0,0,0,0,0,0
Gm27875 ,X,ENSMUST00000184425.1,6,9,7,8,13,9,2,4,1,2,1,1,5,1,0,0
Gm27927 ,X,ENSMUST00000183791.1,11,2,4,2,4,3,6,3,8.4099,2,7,4,3,2,2.15439,6
Gm27979 ,X,ENSMUST00000185126.1,0,0,0,0,0,0,0,0,0,0,0,0,0,0,0,0
Gm27980 ,X,ENSMUST00000184094.1,0,0,0,0,0,0,3,0,0,0,0,0,0,0,1,0
Gm27987 ,X,ENSMUST00000184023.1,5,4,5,2,5,0,6,3,2,1,1,3,1,0,4,2
Gm28269 ,X,ENSMUST00000189511.1,0,0,0,0,0,0,0,0,0,0,0,0,0,0,0,0
Gm28579 ,X,ENSMUST00000186143.1,1,0,0,0,0,0,0,0,0,0,0,0,0,0,0,0
Gm28730 ,X,ENSMUST00000186426.1,0,0,0,0,0,0,0,0,0,0,0,0,0,1,0,0
Gm364 ,X,ENSMUST00000114725.2,11,1,0,0,0,0,0,0,3,0,0,0,0,0,0,0
Gm36995 ,X,ENSMUST00000126170.3,261.118,376.633,460.403,327.794,554.145,260.228,473.297,345.787,88.4432,110.84,145.459,85.7945,150.599,57.9538,171.712,100.264
Gm379 ,X,ENSMUST00000178160.2,0,0,0,0,0,0,0,0,0,0,0,0,0,0,0,0
Gm382 ,X,ENSMUST00000096332.1,0,0,2,0,0,0,0,0,0,0,0,0,0,0,0,0
Gm44 ,X,ENSMUST00000172155.1,0,0,0,0,0,0,0,0,0,0,0,0,0,0,0,0
Gm44351 ,X,ENSMUST00000200090.1,0,0,0,0,1,0,0,0,0,0,0,0,1,0,0,0
Gm44376 ,X,ENSMUST00000197570.1,0,0,0,0,0,0,0,0,0,0,0,0,0,0,0,0
Gm44378 ,X,ENSMUST00000117001.2,5.16929,3.34361,1.00136,5.82516,0.4052,2.87997,11.9921,7.04394,12.6414,0.904629,8.03868,7.96591,0,2.25148,9.81678,6.712
Gm44477 ,X,ENSMUST00000199661.1,0,0,0,0,0,0,0,0,0,0,0,0,0,0,0,0
Gm44485 ,X,ENSMUST00000199569.1,2,1,0,1,0,0,1,1,0,1,0,2,0,0,1,0
Gm44490 ,X,ENSMUST00000198566.1,0,0,0,0,0,0,0,0,0,0,0,0,0,0,0,0
Gm44500 ,X,ENSMUST00000200242.1,7.85881,2.31515,5.0652,5.60023,3.45277,1.84798,12.7751,8.17401,58.1046,8.78754,12.18,38.1275,14.0793,12.3179,89.4857,56.7728
Gm4907 ,X,ENSMUST00000163718.2,0,0,0,0,0,0,0,0,2,2,1,0,0,0,1,0
Gm4985 ,X,ENSMUST00000118300.1,0,0,0,0,0,0,0,0,0,0,0,0,0,0,0,0
Gm5127 ,X,ENSMUST00000101297.3,7,1,28,23,26,0,19,38,12,6,21,24,20,6,53,42
Gm5938 ,X,ENSMUST00000126279.1,8,1,5,7,0,2,10,5,0,0,0,0,0,0,0,0
Gm5941 ,X,ENSMUST00000096371.2,0,0,0,0,0,0,0,0,0,0,0,0,0,0,0,0
Gm614 ,X,ENSMUST00000101358.2,7.01827,0,4.04993,6.01526,0,1.00358,11.0273,5.01636,5.01992,1.00585,0,2.00524,0,0,5.0156,4.01352
Gm6377 ,X,ENSMUST00000139259.1,34.9852,13,3.06444,25.1502,6.10966,10.2961,84.3051,65.0835,139,15,29,88,35,51,225,171
Gm648 ,X,ENSMUST00000081133.4,0,0,5,0,1,0,0,3,0,0,7,0,2,0,0,0
Gm6760 ,X,ENSMUST00000114682.3,0,0,0,0,0,0,7,0,0,0,0,0,0,0,4,0
Gm6787 ,X,ENSMUST00000123120.1,133,232.517,291.53,120.568,308.033,168.089,176.571,150.604,161,278.56,371,135.109,390.123,194,241.574,200
Gm6938 ,X,ENSMUST00000123014.1,0,0,0,0,1,0,0,0,0,0,0,0,0,0,0,0
Gm732 ,X,ENSMUST00000155294.1,0,0,0,0,0,0,0,0,0,0,0,0,0,0,0,0
Gm7598 ,X,ENSMUST00000130251.1,200.387,90.9819,122.776,161.143,79.6642,63.2354,282.506,203.873,163.981,65.2001,120.672,116.565,67.353,68.4693,241.567,159.688
Gm773 ,X,ENSMUST00000126937.1,0,0,1,0,0,0,0,0,386,343,553,326,589,275,507,328
Gm8817 ,X,ENSMUST00000171902.2,4,1,3,3,0,2,7,12,2,0,5,5,0,1,7,8
Gm9 ,X,ENSMUST00000101636.2,0,0,0,0,0,0,0,0,0,0,0,0,0,0,0,0
Gnl3l ,X,ENSMUST00000156233.1,20,10,37,12,24,13,40,16,18,8,34,13,17,9,28,20
Gpc3 ,X,ENSMUST00000114857.1,0,0,0,0,0,0,0,0,0,0,0,0,0,0,0,0
Gpc4 ,X,ENSMUST00000033450.2,0,0,0,3,0,0,0,0,0,0,0,4,0,0,0,1
Gpkow ,X,ENSMUST00000129845.1,201,289,306,261,399,221,320,398,58,87,67,65,96,48,83,123
Gpm6b ,X,ENSMUST00000129731.1,0,7,12,1,6,3,19,13,0,0,9,0,6,1,0,5
Gpr101 ,X,ENSMUST00000057645.5,0,0,0,0,0,0,0,0,0,0,0,0,0,0,0,0
Gpr119 ,X,ENSMUST00000053970.3,0,0,0,0,0,0,0,0,0,0,0,0,0,0,0,0
Gpr143 ,X,ENSMUST00000151819.7,2,0,0,0,0,0,0,0,0,0,0,1,0,0,0,0
Gpr165 ,X,ENSMUST00000137479.1,0,0,0,0,0,0,0,0,0,2,1,3,0,4,12,4
Gpr173 ,X,ENSMUST00000137840.1,0,0,0,1,0,0,0,0,0,0,0,1,0,0,0,0
Gpr174 ,X,ENSMUST00000178838.1,424,269,339,561,500,160,1659,1237,190,151,196,239,231,84,682,543
Gpr34 ,X,ENSMUST00000096492.3,49,2,0,20,6,4,25,0,23,0,0,10,1,1,18,0
Gpr50 ,X,ENSMUST00000131554.2,0,0,0,0,0,0,0,0,0,0,0,0,0,0,0,0
Gpr82 ,X,ENSMUST00000053659.1,83,6,21,40,0,16,2,6,79,6,23,46,0,20,2,6
Gprasp1 ,X,ENSMUST00000166554.1,500.198,271.928,155.17,455.829,234.232,83.6437,920.482,892.03,236.87,119.403,69.7958,228.762,104.611,28.6952,386.271,426.894
Gprasp2 ,X,ENSMUST00000173804.7,57.8023,33.0717,11.8296,85.1713,39.7684,23.3563,90.5178,110.97,42.1298,34.5965,9.20424,79.2375,31.3894,22.3048,72.7286,98.1064
Gria3 ,X,ENSMUST00000165288.1,0,3,17,0,2,11,0,1,0,4,3,0,0,0,0,0
Gripap1 ,X,ENSMUST00000144946.1,464,77,72,396,101,35,468,512,415,61,65,332,79,31,468,432
Grpr ,X,ENSMUST00000033730.2,11.8524,1.20654,2.29131,2.33131,2.25467,2.13222,12.7036,10.4896,10.7967,3.15215,4.06134,4.46728,0,2.2198,17.1456,16.8427
Gspt2 ,X,ENSMUST00000137033.1,0,0,0,0,0,0,0,0,0,0,0,0,0,0,0,0
Gucy2f ,X,ENSMUST00000042530.3,4,1,3,2,2,2,9,1,0,0,0,0,0,0,0,0
H2bfm ,X,ENSMUST00000059808.4,2,0,2,0,6,2,0,0,1,0,3,0,9,2,0,0
Haus7 ,X,ENSMUST00000131140.1,115,79,59,57,110,56,97,71,76,68,52,50,101,49,76,60
Hccs ,X,ENSMUST00000112115.1,1036.87,2290,2386.97,1217,2631.99,1579.98,1440.8,1213,551,1172,1136,623,1197,740,768,663
Hcfc1 ,X,ENSMUST00000128325.1,131,159,210,107,204,129,116,152,63,70,101,51,82,46,47,63
Hdac6 ,X,ENSMUST00000033501.14,201,537,803,188,656,567,299,283,3,18,23,10,22,18,12,15
Hdac8 ,X,ENSMUST00000154024.1,9,11,32,11,17,15,28,19,10,12,41,8,10,19,25,19
Hdx ,X,ENSMUST00000038472.6,525.639,684.637,502.713,585.821,715.805,384.589,712.502,645.676,365.865,384.192,326.302,311.511,468.793,225.978,423.008,391.319
Heph ,X,ENSMUST00000135212.1,0,0,0,0,0,0,0,0,0,0,0,0,0,0,0,0
Hmgb3 ,X,ENSMUST00000132145.1,60,45,83,41,103,73,108,44,37,28,45,36,50,38,56,44
Hmgn5 ,X,ENSMUST00000033597.8,302,307,946,283,497,509,510,329,288,312,972,268,468,452,434,308
Hprt ,X,ENSMUST00000026723.8,965,1659,2435,848,2458,1544,1266,1033,604,1105,1650,479,1575,1005,774,745
Hs6st2 ,X,ENSMUST00000142983.1,0,0,0,0,0,0,0,0,0,0,0,0,0,0,0,0
Hsd17b10 ,X,ENSMUST00000140804.1,266,231,277,268,299,148,331,238,211,187,215,185,212,105,249,197
Hsf3 ,X,ENSMUST00000179832.7,1,0,0,0,0,0,0,3,0,0,0,0,0,0,0,0
Htatsf1 ,X,ENSMUST00000134785.1,369.195,289.494,322.848,306.065,331.489,218.6,679.322,661.13,463.934,233.762,267.517,323.415,264.152,169.458,647.63,491.383
Htr2c ,X,ENSMUST00000112831.2,0,0,0,0,0,0,0,0,0,0,0,0,2,1,0,0
Huwe1 ,X,ENSMUST00000139245.1,21,38,31,33,25,12,61,59,10,15,22,16,14,12,32,30
Idh3g ,X,ENSMUST00000145341.1,432,323,544,487,532,348,718,490,118,116,186,115,160,113,194,151
Ids ,X,ENSMUST00000130519.1,63,61,115,84,79,57,118,145,11,18,42,25,24,9,14,44
Igbp1 ,X,ENSMUST00000144881.1,176.324,73.1663,139.212,39.1096,58.1855,85.2315,120.271,97.8344,179.919,43.72,103,31.1173,37,55.0121,95.6866,75
Igsf1 ,X,ENSMUST00000135492.1,0,0,0,0,0,0,0,0,0,0,0,0,0,0,0,0
Ikbkg ,X,ENSMUST00000180230.7,992.563,616.839,1002.91,1130.53,698.206,484.68,1637.43,1195.39,51,71,107,80,78,62,127,141
Il13ra1 ,X,ENSMUST00000033418.7,2,4,7,8,18,1,8,6,2,5,10,5,16,4,10,7
Il13ra2 ,X,ENSMUST00000112827.1,0,0,0,0,0,0,0,0,18.8998,14,24.2211,21.0204,7,14,27,16.4055
Il1rapl1 ,X,ENSMUST00000078875.7,0,0,0,0,0,0,2,0,0,0,0,0,0,0,3,0
Il1rapl2 ,X,ENSMUST00000075471.3,0,1,1,0,0,0,0,0,0,0,1,0,0,0,0,0
Il2rg ,X,ENSMUST00000127538.1,2273.62,558.752,1066.93,2482.2,679.723,543.9,4723.86,3707.97,916.817,139.055,300.988,881.688,188.627,189.401,1862.86,1432.64
Iqsec2 ,X,ENSMUST00000168786.7,4,2,8,0,4,0,2,11,1,2,1,0,4,0,0,1
Irak1 ,X,ENSMUST00000128759.1,95,21,24,59,19,19,52,71,103,19,27,49,26,24,39,73
Irs4 ,X,ENSMUST00000067841.7,0,0,0,0,0,0,0,0,0,0,0,0,0,0,0,0
Itgb1bp2 ,X,ENSMUST00000143946.1,4,18,19,14,7,7,13,5,4,5,4,6,4,2,2,0
Itm2a ,X,ENSMUST00000033591.5,132,197,482,63,225,393,171,175,52,87,163,31,75,133,41,63
Jade3 ,X,ENSMUST00000043693.6,15,107,17,36,79,28,50,18,5,52,6,15,39,15,24,10
Jpx ,X,ENSMUST00000235019.1,23,12,30,16,10,5,54,51,8,15,14,25,19,9,15,24
Kantr ,X,ENSMUST00000154085.1,299.233,145.812,458.113,286.845,472.325,210.904,408.283,384.077,729.956,250.716,780.904,675.865,768.485,362.76,890.451,762.341
Kcnd1 ,X,ENSMUST00000125440.1,2,0,0,0,0,0,0,0,0,0,0,0,0,0,0,0
Kcne1l ,X,ENSMUST00000134825.2,0,0,0,0,0,0,0,0,0,0,0,0,0,0,0,0
Kctd12b ,X,ENSMUST00000112572.2,73.5157,22.8056,36.2715,65.9516,15.6073,17.8257,92.4702,85.4521,61.4604,12.9225,42.3277,45.3252,10.1171,18.4064,52.5649,49.7025
Kdm5c ,X,ENSMUST00000155793.1,147,174,168,159,197,106,167,229,122,141,155,155,164,90,144,183
Kif4 ,X,ENSMUST00000145319.1,0,37,139,0,67,97,0,4,0,28,94,0,42,63,0,3
Kis2 ,X,ENSMUST00000154488.1,0,0,0,0,0,0,0,0,0,0,0,0,0,0,0,0
Klf8 ,X,ENSMUST00000039545.4,31,4,71,41,9,0,86,88,19,4,56,27,13,0,53,74
Klhl13 ,X,ENSMUST00000035973.4,0,0,0,0,10,0,0,0,0,0,0,0,2,0,0,0
Klhl15 ,X,ENSMUST00000170594.7,38,32,15,31,43,47,62,64,1276,322,554,882,443,265,1334,714
Klhl34 ,X,ENSMUST00000087157.4,0,0,0,0,0,0,0,0,0,0,0,0,0,0,0,0
Klhl4 ,X,ENSMUST00000133447.1,0,0,0,0,0,0,0,0,0,0,0,0,0,0,0,0
L1cam ,X,ENSMUST00000146790.1,3,0,0,5,0,0,5,3,6,0,0,7,0,0,6,7
Lage3 ,X,ENSMUST00000114152.1,292,421,553,305,531,289,565,348,150,213,272,172,265,140,283,180
Lamp2 ,X,ENSMUST00000144663.1,196.429,41.0987,95.7807,168.839,84.06,96.4838,325.119,165.998,170.524,44.5065,89.2268,156.766,73.638,85.267,304.864,139.545
Lancl3 ,X,ENSMUST00000069763.2,0,0,0,0,1,0,0,0,0,0,0,0,1,0,0,0
Las1l ,X,ENSMUST00000139717.1,856.613,460.097,642.958,664.748,657.562,269.635,1095.46,824.097,797.716,310.833,522.061,622.837,479.902,263.607,987.06,750.805
Ldoc1 ,X,ENSMUST00000075983.5,4,0,0,0,0,0,0,0,5,0,0,0,0,0,0,0
Lhfpl1 ,X,ENSMUST00000123443.1,0,0,0,0,0,0,0,0,0,0,0,0,1,0,0,0
Lonrf3 ,X,ENSMUST00000126147.1,0,0,0,0,0,0,0,0,0,0,0,0,1,0,0,0
Lpar4 ,X,ENSMUST00000060576.7,34,18,38,35,9,11,34,49,30,14,27,31,8,10,44,46
Lrch2 ,X,ENSMUST00000112819.8,1,0,0,0,1,0,0,0,0,0,0,0,0,0,0,0
Magea10 ,X,ENSMUST00000088481.4,0,0,0,0,0,0,2,0,0,0,0,0,0,0,6,2
Magea4 ,X,ENSMUST00000048675.1,0,0,0,0,0,0,0,0,0,0,0,0,0,0,0,0
Mageb18 ,X,ENSMUST00000088137.2,0,0,0,0,0,0,0,0,0,0,0,0,0,0,0,0
Mageb5 ,X,ENSMUST00000082048.2,0,0,0,7,0,0,0,0,0,0,0,4,0,0,0,0
Maged1 ,X,ENSMUST00000138146.1,70,37,68,51,21,45,79,47,0,2,13,1,2,2,1,0
Maged2 ,X,ENSMUST00000112697.9,0,45,180,45,134,65,26,15,0,3,24,0,13,14,10,2
Magee1 ,X,ENSMUST00000033578.6,123,46,125,92,86,49,123,144,62,33,62,55,44,27,76,86
Magee2 ,X,ENSMUST00000033575.6,118.317,83.4353,91.972,128.523,68.5326,29.1161,162.687,102.752,19.7435,21.1969,24.4215,9.98361,15.4556,2.2174,18.7499,12.2914
Mageh1 ,X,ENSMUST00000051484.4,9,31,14,7,37,16,27,1,2,18,8,0,22,2,7,0
Magix ,X,ENSMUST00000115695.3,0,0,0,0,0,0,0,0,0,0,0,0,0,0,0,0
Magt1 ,X,ENSMUST00000033583.13,1391.52,1698.54,3123.58,1362.71,2007.88,1436.95,2227.15,1479.26,68,84,241,88,137,122,106,91
Mamld1 ,X,ENSMUST00000114629.3,41.5756,1.00329,13.0432,18.1228,1.00869,3.0038,68.2609,38.1969,17.7935,0,8.51248,28.9591,15.6671,7.56604,24.0909,18.7628
Maoa ,X,ENSMUST00000026013.5,479.805,190.494,393.111,468.115,232.806,188.366,717.357,606.274,453.306,246.305,384.603,419.754,193.627,167.501,660.991,548.218
Maob ,X,ENSMUST00000173143.1,0,0,0,0,0,0,5,0,0,0,0,0,0,0,1,0
Map3k15 ,X,ENSMUST00000033665.8,229,191,303,276,273,163,242,276,154,132,171,157,154,105,173,179
Map7d2 ,X,ENSMUST00000112470.2,0,0,0,1,2,0,0,0,0,0,0,0,0,0,2,0
Mbnl3 ,X,ENSMUST00000156028.1,2,18,20,7,20,15,8,5,3,14,22,6,22,13,5,6
Mbtps2 ,X,ENSMUST00000179062.7,134,105,123,92,163,46,267,110,120.312,71.8515,101.938,111.047,82.3355,43.4959,218.286,140.761
Mcf2 ,X,ENSMUST00000033478.4,1,0,3,0,0,0,0,1,1,0,1,0,0,0,0,2
Mecp2 ,X,ENSMUST00000170481.8,787,841,1088,884,1124,547,1128,959,152,36,107,124,59,15,236,121
Med12 ,X,ENSMUST00000137664.1,232.331,73.8144,147.579,283.056,86.5415,65.1204,367.043,277.739,202.712,47.0604,105.15,219.625,51.2144,49.4081,330.268,208.696
Med14 ,X,ENSMUST00000076016.5,114,67,92,80,52,53,103,48,82,39,66,48,35,41,57,33
Mid1ip1 ,X,ENSMUST00000156321.1,28.5806,43.007,36.4818,19,78.3522,27.9844,39.0008,36.482,30.52,45.569,23.3495,14,56.4092,25.9426,24.3733,30.0045
Mid2 ,X,ENSMUST00000112993.1,0,0,11,0,0,0,6,0,8.98944,2.82216,3.05848,6.84238,2.25611,1.48198,9.94065,11.2455
Mir105 ,X,ENSMUST00000104655.1,0,0,0,0,0,0,0,0,0,0,0,0,0,0,0,0
Mir106a ,X,ENSMUST00000083522.1,0,0,0,0,0,0,0,0,0,0,0,0,0,0,0,0
Mir1198 ,X,ENSMUST00000116995.1,7,0,5,8,0,0,12,27,3,0,4,12,0,0,13,28
Mir1264 ,X,ENSMUST00000175381.1,0,0,0,0,0,0,0,0,0,0,0,0,0,0,0,0
Mir1298 ,X,ENSMUST00000116681.1,0,0,0,0,0,0,0,0,0,0,0,0,0,0,0,0
Mir188 ,X,ENSMUST00000083464.1,0,0,0,4,0,0,0,0,0,0,0,2,0,0,0,0
Mir18b ,X,ENSMUST00000103923.2,0,0,0,0,0,0,0,0,0,0,0,0,0,0,0,0
Mir1912 ,X,ENSMUST00000175298.1,0,0,0,0,0,0,2,0,0,0,0,0,0,0,0,0
Mir1970 ,X,ENSMUST00000157839.1,8,2,1,0,0,0,10,0,6,3,0,0,0,0,10,0
Mir19b-2 ,X,ENSMUST00000083539.1,0,0,0,0,0,0,0,0,0,0,0,0,0,0,0,0
Mir201 ,X,ENSMUST00000083470.1,0,0,0,0,0,0,0,0,0,0,0,0,0,0,0,0
Mir20b ,X,ENSMUST00000102087.1,0,0,0,0,0,0,0,0,0,0,0,0,0,0,0,0
Mir2137 ,X,ENSMUST00000158732.1,0,0,0,0,0,0,0,0,0,0,0,0,0,0,0,0
Mir221 ,X,ENSMUST00000083488.1,0,0,0,0,1,0,0,0,0,0,0,0,1,0,0,0
Mir222 ,X,ENSMUST00000083537.1,0,0,0,0,0,0,0,0,0,0,0,0,0,0,0,0
Mir223 ,X,ENSMUST00000102112.1,0,0,0,0,0,0,0,0,0,0,0,0,0,0,0,0
Mir224 ,X,ENSMUST00000083608.1,0,0,0,0,0,0,0,0,0,0,0,0,0,0,0,0
Mir3112 ,X,ENSMUST00000175431.1,2,11,19,1,21,11,3,5,4,13,11,1,17,11,6,8
Mir3113 ,X,ENSMUST00000175478.1,4,16,9,16,14,5,6,8,23,30,16,27,29,12,20,15
Mir322 ,X,ENSMUST00000083484.1,0,0,0,0,0,0,0,0,0,0,0,0,0,0,0,0
Mir325 ,X,ENSMUST00000083491.1,0,0,0,0,0,0,0,0,0,0,0,0,0,0,0,0
Mir3475 ,X,ENSMUST00000175361.1,0,0,0,0,0,0,0,0,0,0,0,0,0,0,0,0
Mir351 ,X,ENSMUST00000083569.1,3,0,0,0,0,0,0,0,0,0,0,0,0,0,0,0
Mir361 ,X,ENSMUST00000083576.1,0,0,0,1,0,0,0,0,1,0,0,0,0,0,0,0
Mir362 ,X,ENSMUST00000093592.1,0,0,0,0,0,0,0,0,0,0,0,0,0,0,0,0
Mir3620 ,X,ENSMUST00000184710.1,0,0,0,0,0,0,0,0,0,0,0,0,0,0,0,0
Mir374b ,X,ENSMUST00000102314.1,3,0,4,0,0,1,4,2,2,0,3,0,0,0,2,0
Mir374c ,X,ENSMUST00000197862.1,0,0,0,0,0,0,0,0,0,0,0,0,0,0,0,0
Mir384 ,X,ENSMUST00000083565.1,0,0,0,0,0,0,0,0,0,0,0,0,0,0,0,0
Mir421 ,X,ENSMUST00000083575.3,2,4,4,1,1,2,5,4,3,2,3,1,1,2,4,3
Mir448 ,X,ENSMUST00000083516.1,0,0,0,0,0,0,0,0,0,0,0,0,0,0,0,0
Mir450-1 ,X,ENSMUST00000083552.1,0,0,0,0,0,0,0,0,0,0,0,0,0,0,0,0
Mir450-2 ,X,ENSMUST00000102444.1,0,0,0,0,0,0,0,0,0,0,0,0,0,0,0,0
Mir450b ,X,ENSMUST00000102095.1,0,0,0,2,0,0,0,0,0,0,0,1,0,0,0,0
Mir452 ,X,ENSMUST00000093629.1,1,0,0,0,0,0,0,0,1,0,0,0,0,0,0,0
Mir463 ,X,ENSMUST00000093570.1,0,0,0,0,0,0,0,0,0,0,0,0,0,0,0,0
Mir465 ,X,ENSMUST00000093563.1,0,0,0,0,3,0,0,0,0,0,0,0,1,0,0,1
Mir465b-2 ,X,ENSMUST00000104662.1,0,0,0,1,0,0,0,0,0,0,0,0,0,0,0,0
Mir465d ,X,ENSMUST00000196314.1,0,0,0,0,0,0,0,0,0,0,0,0,0,0,0,0
Mir470 ,X,ENSMUST00000093565.1,0,0,0,0,0,0,0,0,0,0,0,0,0,0,0,0
Mir471 ,X,ENSMUST00000093596.1,0,0,0,0,0,0,0,0,0,0,0,0,0,0,0,0
Mir500 ,X,ENSMUST00000093600.2,0,0,0,0,0,0,0,0,0,0,0,0,0,0,0,0
Mir501 ,X,ENSMUST00000102296.1,0,0,0,0,0,0,0,0,0,0,0,0,0,0,0,0
Mir503 ,X,ENSMUST00000102168.1,0,0,0,0,0,0,0,0,0,0,0,0,0,0,0,0
Mir504 ,X,ENSMUST00000093602.2,0,0,0,0,0,0,0,0,0,0,0,0,0,0,0,0
Mir509 ,X,ENSMUST00000196089.1,0,0,0,0,0,0,0,0,0,0,0,0,0,0,0,0
Mir5116 ,X,ENSMUST00000175046.1,0,0,0,0,0,0,0,0,0,0,0,0,0,0,0,0
Mir5132 ,X,ENSMUST00000175166.1,0,0,0,0,0,0,0,1,0,0,0,0,0,0,0,0
Mir532 ,X,ENSMUST00000093630.1,0,0,0,0,0,0,0,0,0,0,0,0,0,0,0,0
Mir542 ,X,ENSMUST00000102186.1,0,0,0,0,0,0,0,0,0,0,0,0,0,0,0,0
Mir547 ,X,ENSMUST00000102051.1,0,0,0,0,0,0,0,0,0,0,0,0,0,0,0,0
Mir5617 ,X,ENSMUST00000176786.1,0,0,0,0,0,0,0,0,0,0,0,0,0,0,0,0
Mir6382 ,X,ENSMUST00000184055.1,0,0,0,0,0,0,0,0,0,0,0,0,0,0,0,0
Mir6383 ,X,ENSMUST00000184545.1,0,0,0,0,0,0,0,0,0,0,0,0,0,0,0,0
Mir6384 ,X,ENSMUST00000196833.1,0,0,0,0,0,0,0,0,0,0,0,0,0,0,0,0
Mir652 ,X,ENSMUST00000102057.1,0,0,0,0,0,0,0,0,0,0,0,0,0,0,0,0
Mir672 ,X,ENSMUST00000102331.1,0,0,0,0,0,0,0,0,0,0,0,0,0,0,0,0
Mir676 ,X,ENSMUST00000102443.1,0,0,0,0,0,0,0,0,0,0,0,0,0,0,0,0
Mir7091 ,X,ENSMUST00000184075.1,0,0,0,0,0,1,0,1,0,0,0,1,0,1,0,2
Mir7092 ,X,ENSMUST00000199697.1,3,0,0,1,0,2,3,0,4,0,0,0,0,1,4,0
Mir7093 ,X,ENSMUST00000184195.1,0,0,0,0,0,0,0,0,0,0,0,0,0,0,0,0
Mir717 ,X,ENSMUST00000102259.1,0,0,0,0,0,0,0,0,0,0,0,0,0,0,0,0
Mir718 ,X,ENSMUST00000102173.1,0,0,0,0,0,0,0,0,0,0,0,0,0,0,0,0
Mir741 ,X,ENSMUST00000103931.1,0,0,0,0,0,0,0,0,0,0,0,0,0,0,0,0
Mir742 ,X,ENSMUST00000103904.1,0,0,0,0,0,0,0,0,0,0,0,0,0,0,0,0
Mir743 ,X,ENSMUST00000103939.1,0,0,0,0,0,0,0,0,0,0,0,0,0,0,0,0
Mir743b ,X,ENSMUST00000104751.2,0,0,0,0,0,0,0,0,0,0,0,0,0,0,0,0
Mir764 ,X,ENSMUST00000103259.1,0,0,0,0,0,0,0,0,0,0,0,0,0,0,0,0
Mir7646 ,X,ENSMUST00000196502.1,1,1,0,1,4,0,7,2,1,1,0,1,1,0,10,1
Mir767 ,X,ENSMUST00000103256.1,0,0,0,0,0,0,0,0,0,0,0,0,0,0,0,0
Mir7673 ,X,ENSMUST00000184567.1,0,0,0,1,1,0,0,1,0,0,0,0,0,0,0,0
Mir871 ,X,ENSMUST00000104763.2,0,0,0,0,0,0,0,0,0,0,0,0,0,0,0,0
Mir878 ,X,ENSMUST00000104680.1,0,0,0,0,0,0,0,0,0,0,0,0,0,0,0,0
Mir880 ,X,ENSMUST00000104809.1,0,0,0,0,0,0,0,0,0,0,0,0,0,0,0,0
Mir881 ,X,ENSMUST00000104844.1,0,0,0,0,0,0,0,0,0,0,0,0,0,0,0,0
Mir883a ,X,ENSMUST00000104824.1,0,0,0,0,0,0,0,0,0,0,0,0,0,1,0,0
Mir883b ,X,ENSMUST00000104830.1,0,0,0,0,0,0,0,0,0,0,0,0,0,0,0,0
Mir98 ,X,ENSMUST00000083602.2,0,0,0,0,0,0,0,0,0,0,0,0,0,0,0,0
Mirlet7f-2 ,X,ENSMUST00000083668.1,0,0,0,0,0,0,0,0,0,0,0,0,0,0,0,0
Mmgt1 ,X,ENSMUST00000059899.2,301.885,827.765,716.557,395.098,946.758,486.61,548.178,548.352,258.091,636.585,629.691,323.262,716.813,387.838,487.905,413.791
Morc4 ,X,ENSMUST00000165274.1,0,0,0,0,0,0,0,0,0,0,0,0,0,0,0,0
Mospd1 ,X,ENSMUST00000023836.3,157,85,239,178,165,112,174,224,50,16,45,36,58,14,39,47
Mospd2 ,X,ENSMUST00000154681.1,2,7,6,0,3,3,14,5,3,6,7,0,2,2,3,6
Mpp1 ,X,ENSMUST00000127023.1,27,27,51,25,38,26,35,26,23,24,36,36,36,28,34,32
Msl3 ,X,ENSMUST00000129860.1,145,179,313,159,218,188,244,198,90,112,192,108,143,119,139,143
Msn ,X,ENSMUST00000135027.1,938,503,705,903,473,440,1564,1327,3347,2396,3442,3721,2437,1931,4135,4719
Mtcp1 ,X,ENSMUST00000147830.1,114,103,228,142,182,93,104,171,94,69,152,111,156,75,80,140
Mtm1 ,X,ENSMUST00000061970.11,187,351,299,270,509,106,316,188,58,89,69,91,126,25,100,40
Mtmr1 ,X,ENSMUST00000146213.7,65,85,79,57,85,49,38,68,261,361,357,247,358,233,282,187
Mycs ,X,ENSMUST00000058404.4,0,0,1,0,1,0,6,0,0,0,2,0,4,0,4,0
n-R5s10 ,X,ENSMUST00000083824.1,0,0,0,0,0,0,0,0,0,0,0,0,0,0,0,0
n-R5s12 ,X,ENSMUST00000083785.1,0,0,0,0,0,0,0,0,0,0,0,0,0,0,0,0
n-R5s13 ,X,ENSMUST00000093707.1,0,0,1,0,0,0,0,0,0,0,2,0,0,0,0,0
n-R5s14 ,X,ENSMUST00000122688.1,0,0,0,0,0,0,0,0,0,0,0,0,0,0,0,0
n-R5s15 ,X,ENSMUST00000122635.1,0,0,2,2,0,0,0,2,0,0,3,1,0,0,0,3
n-R5s16 ,X,ENSMUST00000104555.1,0,0,0,0,0,0,0,0,0,0,0,0,0,0,0,0
n-R5s18 ,X,ENSMUST00000122740.1,0,0,0,0,0,0,0,0,0,0,0,0,0,0,0,0
n-R5s2 ,X,ENSMUST00000101968.1,0,0,0,0,0,0,0,0,0,1,0,0,3,0,0,0
n-R5s3 ,X,ENSMUST00000083879.1,0,0,0,0,0,0,0,0,0,0,0,0,0,1,0,0
n-R5s5 ,X,ENSMUST00000083134.1,0,0,0,0,0,0,0,0,0,0,0,0,0,0,0,0
n-R5s6 ,X,ENSMUST00000122663.1,0,0,0,0,0,0,0,0,0,0,0,0,0,0,0,0
n-R5s7 ,X,ENSMUST00000083755.1,0,0,0,0,0,0,0,0,0,0,0,0,0,0,0,0
n-R5s8 ,X,ENSMUST00000104121.1,0,0,0,0,0,0,0,0,0,0,0,0,0,0,0,0
n-R5s9 ,X,ENSMUST00000104432.1,0,0,0,0,0,0,0,0,0,0,0,0,0,0,0,0
Naa10 ,X,ENSMUST00000153929.1,54,86,98,60,151,46,81,76,51,86,100,61,133,44,60,72
Nap1l2 ,X,ENSMUST00000121720.1,9,0,0,0,2,0,0,0,4,1,0,0,1,0,0,0
Nap1l3 ,X,ENSMUST00000079490.5,75.1145,50,87.8312,52,60.6491,78.1156,55.6861,68.2714,42.3108,19.4107,40.7991,19.0039,15.291,21.489,28.6246,16.2197
Ndp ,X,ENSMUST00000040134.7,44.4749,7,16,52.4316,9,5,79,62,16.9794,5.45753,4.39244,33.4967,4.17429,5.13912,33.4901,33.9758
Ndufa1 ,X,ENSMUST00000016571.7,531,342,1051,389,847,525,611,435,518,390,1054,415,869,546,608,450
Ndufb11 ,X,ENSMUST00000116621.1,1424,1032,2140,1095,1707,1149,1738,1168,758,543,1022,587,823,580,873,576
Nhs ,X,ENSMUST00000081569.6,0,0,0,0,0,0,0,1,0,0,0,0,0,0,0,1
Nhsl2 ,X,ENSMUST00000129185.1,0,12,33,4,15,22,0,0,0,6,14,1,8,13,0,0
Nkap ,X,ENSMUST00000152906.1,280,186,359,237,279,135,387,253,161,82,162,127,129,83,224,146
Nkrf ,X,ENSMUST00000057093.7,20,14,11,21,14,16,30,9,21,14,15,17,16,11,24,4
Nlgn3 ,X,ENSMUST00000144860.1,0,0,2,0,0,0,0,0,0,0,0,0,0,0,0,0
Nox1 ,X,ENSMUST00000159259.2,2,112,426,1,105,275,0,1,0,16,74,0,20,56,4,0
Nr0b1 ,X,ENSMUST00000026036.4,0,0,0,0,0,0,0,0,0,0,0,0,0,0,0,0
Nrk ,X,ENSMUST00000064937.13,0,0,2,0,0,0,1,1,198.824,71.6158,129.929,168.635,65.6814,59.7985,291.587,175.348
Nsdhl ,X,ENSMUST00000155663.1,57,75,111,35,95,57,34,28,32,29,47,13,33,32,13,18
Nudt10 ,X,ENSMUST00000103006.3,0,1,0,0,0,0,0,21,2,2.0141,0,1,0,0,0,24.0534
Nup62cl ,X,ENSMUST00000124075.1,0,0,0,0,0,0,0,0,0,0,0,0,0,0,0,0
Nxf2 ,X,ENSMUST00000143059.1,0,9,21,0,12,18,0,0,0,7,21,0,10,13,0,0
Nxf3 ,X,ENSMUST00000138878.1,0,0,0,0,0,0,0,0,0,0,0,0,0,0,0,0
Nxf7 ,X,ENSMUST00000033784.12,0,0,0,0,0,0,0,0,0,0,0,0,0,0,0,0
Nxt2 ,X,ENSMUST00000112913.1,226.478,205.205,414.258,181.255,341.008,250.278,221.545,244.146,60,57,119,42,90,72,56,49
Nyx ,X,ENSMUST00000050434.5,129.107,70.0497,92.0662,148.109,43.0062,38.0286,194.304,152.203,6.00916,3.00346,4.00316,6.00686,1.00028,1.00072,10.0097,12.0083
Ocrl ,X,ENSMUST00000115013.1,78,51,93,49,75,25,55,20,347.969,78.9758,213.392,264.494,89.7551,145.824,414.966,296.334
Ofd1 ,X,ENSMUST00000049501.8,460,241,277,291,264,138,390,457,279,130,140,171,145,62,203,258
Ogt ,X,ENSMUST00000147635.1,1803,778,1404,1612,875,670,2568,2182,1202,539,866,1137,573,426,1733,1589
Olfr1320 ,X,ENSMUST00000096449.1,0,0,0,0,0,0,0,0,0,0,0,0,0,0,0,0
Olfr1321 ,X,ENSMUST00000088876.4,0,0,0,0,0,0,0,0,0,0,0,0,0,0,0,0
Olfr1322 ,X,ENSMUST00000070304.2,0,0,0,0,0,0,0,0,0,0,0,0,0,0,0,0
Olfr1323 ,X,ENSMUST00000057071.1,0,0,0,0,0,0,0,0,0,0,1,0,0,0,0,0
Olfr1324 ,X,ENSMUST00000219631.1,0,0,0,0,0,0,0,0,0,0,0,0,0,0,0,0
Olfr1325 ,X,ENSMUST00000054541.2,0,0,0,0,0,0,0,0,0,0,0,0,0,0,0,0
Olfr1326-ps1 ,X,ENSMUST00000059880.6,114,54,56,112,105,39,166,158,0,0,0,0,0,0,0,0
Ophn1 ,X,ENSMUST00000154920.1,0,0,0,0,0,0,0,0,9,8,7,14,4,6,19,18
Opn1mw ,X,ENSMUST00000127445.1,0,0,0,0,0,0,0,0,0,0,0,0,0,0,0,0
Otc ,X,ENSMUST00000115528.2,0,0,0,0,0,1,0,0,0,0,0,0,0,5,0,0
Otud5 ,X,ENSMUST00000148841.1,53.633,40,25.2415,53.5869,27.2229,24.1979,43.5341,40.5243,140.328,55.6373,85,116.605,48.2082,53,155.547,127.954
Otud6a ,X,ENSMUST00000060241.2,0,0,0,0,0,0,0,0,0,0,0,0,0,0,0,0
P2ry10 ,X,ENSMUST00000118666.7,997,518,779,1172,608,411,2355,1745,416,209,312,460,244,166,853,714
P2ry4 ,X,ENSMUST00000053373.1,542.579,175.698,367.062,524.499,273.358,175.318,843.259,652.501,147.54,53.6809,119.028,166.796,58.6923,57.5242,236.532,176.111
Pabpc5 ,X,ENSMUST00000113366.1,0,0,0,3,0,0,0,0,0,0,0,3,0,0,0,0
Pak3 ,X,ENSMUST00000172330.2,6,0,1,1,3,0,4,0,4,0,1,2,3,1,1,0
Pbdc1 ,X,ENSMUST00000119477.1,302,535,826,257,1110,477,399,300,495.164,391.231,879.376,366.175,621.437,403.347,453.133,441.211
Pbsn ,X,ENSMUST00000114041.2,0,0,0,0,0,0,0,0,0,0,0,0,0,0,0,0
Pcdh11x ,X,ENSMUST00000050239.15,0,0,0,1,0,0,1,4,0,0,0,1,1,0,1,3
Pcdh19 ,X,ENSMUST00000193485.1,0,0,0,0,0,0,0,0,0,0,0,0,0,0,0,0
Pcsk1n ,X,ENSMUST00000041096.3,0,0,0,0,0,0,0,0,0,0,0,0,0,0,0,0
Pcyt1b ,X,ENSMUST00000113933.8,35.3012,8.04066,61.3432,41.413,23.0898,19.0555,50.493,43.2909,0,0,1,0,1,2,0,0
Pdha1 ,X,ENSMUST00000127535.1,11,16,27,16,28,11,26,25,8,15,26,15,23,9,30,24
Pdk3 ,X,ENSMUST00000154717.1,29,205,218,62,255,150,70,74,12,66,60,14,70,40,26,15
Pdzd11 ,X,ENSMUST00000151548.1,77,130,262,87,175,173,108,86,43,59,172,58,97,104,56,50
Pdzd4 ,X,ENSMUST00000114438.2,11.3197,0,14.1711,5,3,3,26.1355,16,7,0,6,2,2,2,18,8
Pfkfb1 ,X,ENSMUST00000154528.1,7,3,5,3,7,2,0,1,5,4,9,4,8,1,0,2
Pgr15l ,X,ENSMUST00000033556.3,1,0,1,0,0,0,0,2,14,3,19,15,5,1,24,11
Pgrmc1 ,X,ENSMUST00000073339.6,296,347,520,363,328,192,518,552,265,322,450,334,275,180,465,492
Phex ,X,ENSMUST00000079945.10,910.541,348.855,765.313,924.677,369.913,267.997,1616.81,1028.98,0,0,0,0,0,1,0,2
Phf6 ,X,ENSMUST00000179014.1,74.2207,96.4647,118.033,58.6412,121.523,81.7896,115.295,83.9245,46.2355,52.2709,70.2912,41.5198,66.1855,42.1945,61.5945,47.8177
Phf8 ,X,ENSMUST00000168501.7,609,469,803,721,480,466,792,902,299,187,338,294,148,189,348,325
Phka1 ,X,ENSMUST00000113611.2,430,261,497,477,266,281,549,492,107,59,94,110,54,83,132,149
Phka2 ,X,ENSMUST00000112380.8,197,132,264,178,106,79,235,194,18,9,26,4,6,5,10,6
Piga ,X,ENSMUST00000155849.1,39,28,67,19,44,15,59,37,22,30,34,16,33,9,36,24
Pih1h3b ,X,ENSMUST00000044806.2,0,0,0,0,1,0,0,0,0,0,0,0,0,0,0,0
Pim2 ,X,ENSMUST00000145177.1,104,2499,1945,122,2997,1216,113,118,53,1432,1077,68,1622,604,78,62
Pin4 ,X,ENSMUST00000144367.1,155.902,113.969,230.941,132.637,288.881,109.914,190.567,124.724,152,91,211,119.947,261.948,106.989,188.729,98.9426
Pir ,X,ENSMUST00000123343.1,1,35,89.8468,0,38,20,0,5.30273,50.6301,37.1762,57.5074,28.088,17.0568,22.1746,82.5587,54.4574
Pja1 ,X,ENSMUST00000167246.1,570,332,386,575,481,279,820,656,407,232,275,386,318,192,555,450
Plac1 ,X,ENSMUST00000174390.1,0,0,0,0,0,0,0,0,0,0,0,0,0,0,0,0
Platr21 ,X,ENSMUST00000126591.1,0,0,0,0,0,0,0,1,0,0,0,0,0,0,0,1
Plp1 ,X,ENSMUST00000144880.1,9,3,2,7,0,0,12,10,1,0,0,5,0,0,9,11
Pls3 ,X,ENSMUST00000126599.1,0,0,0,0,0,0,0,0,0,0,0,0,0,0,0,1
Plxna3 ,X,ENSMUST00000137484.1,17,6,4,11,8,2,27,21,11,5,1,6,1,0,11,9
Plxnb3 ,X,ENSMUST00000155096.1,0,0,0,0,0,0,4,0,0,0,0,0,0,0,1,0
Pnck ,X,ENSMUST00000144187.1,0,0,0,0,0,0,0,0,0,0,0,0,0,0,0,0
Pnma5 ,X,ENSMUST00000114540.3,0,6,0,0,10,4,4,11,0,0,0,0,3,1,1,2
Pof1b ,X,ENSMUST00000039887.3,0,0,0,0,0,0,0,2,0,0,0,0,0,0,0,2
Pola1 ,X,ENSMUST00000142479.1,12,13,52,18,41,41,19,11,216.664,97.4234,152.962,191.4,101.191,70.9998,372.16,241.369
Porcn ,X,ENSMUST00000139744.1,0,0,0,0,0,0,0,0,0,0,0,0,0,0,0,0
Pou3f4 ,X,ENSMUST00000078229.4,82.8489,36.5021,29.5601,82.901,13.6537,29.5545,186.743,164.922,57.5382,21.9374,25.3733,64.9501,15.8113,10.9412,98.1806,80.9097
Ppef1 ,X,ENSMUST00000135856.1,76.4031,15.7702,38.3086,55.3054,21.0916,19.0881,93.9508,80.5064,0,0,0,0,0,0,0,0
Ppp1r3f ,X,ENSMUST00000123090.2,114.355,49.2864,48,111.811,67.5291,25.4775,140.127,86.388,91.7882,38.8052,47.2919,89.4339,71.3871,30.6707,116.025,88.2455
Pqbp1 ,X,ENSMUST00000154552.1,594,471,675,585,659,359,962,808,462,326,470,424,459,265,697,599
Praf2 ,X,ENSMUST00000033489.7,257,300,521,195,360,251,344,279,112,101,131,84,95,64,102,92
Prame ,X,ENSMUST00000033786.5,0,0,0,0,0,0,0,0,0,0,0,0,0,0,0,0
Prdx4 ,X,ENSMUST00000123915.1,25,74,194,25,95,110,26,15,23,64,176,28,79,104,26,11
Prickle3 ,X,ENSMUST00000153994.1,29,7,26,37,13,9,65,89,17,2,10,26,7,3,38,41
Prkx ,X,ENSMUST00000114044.1,108.572,122.447,76.4526,138.091,143,83.2265,238.222,222.401,65.0835,41.2275,31.141,79.4112,59.505,51.3511,122.352,137.015
Prps1 ,X,ENSMUST00000033809.3,478.885,855.168,1297.69,485.563,1264.82,592.975,741.569,548.242,151.636,321.778,488.665,177.872,490.314,229.437,220.446,237.299
Prps2 ,X,ENSMUST00000145456.1,165,153,433,112,177,248,174,170,64,81,187,58,70,99,77,78
Prr32 ,X,ENSMUST00000040002.3,0,0,0,0,0,0,0,0,0,0,0,0,0,0,0,0
Prrg1 ,X,ENSMUST00000114024.8,2,7,2,12,5,0,3,1,1,4,0,0,3,0,0,0
Prrg3 ,X,ENSMUST00000170096.7,6.06979,0,5.00746,3.21463,1.00103,0,11.4847,3.50894,243.015,27.9217,81.8365,167.701,55.3803,25.749,393.784,252.327
Ptchd1 ,X,ENSMUST00000141356.1,0,0,0,0,0,0,0,0,0,0,0,0,0,0,0,0
Rab33a ,X,ENSMUST00000033430.2,0,2,0,1,0,0,0,1,0,1,0,0,0,0,0,1
Rab39b ,X,ENSMUST00000033545.5,14,10,9.99802,3,12,8.73482,11.6404,2,18,6.24498,10,3,17.4849,9.74814,8.07223,4.14403
Rab9 ,X,ENSMUST00000149315.1,39,27,63,31,42,27,49,52,175,123,281,146,189,121,205,189
Rab9b ,X,ENSMUST00000058814.6,68.7401,33.7044,39.5359,48.8979,28.0641,7.36754,123.358,71.783,55.0927,24.3429,27.3954,44.8675,21.3877,17.247,109.748,46.8721
Rai2 ,X,ENSMUST00000061514.7,0,0,0,0,0,0,0,1,0,0,0,0,0,0,0,1
Rap2c ,X,ENSMUST00000053593.7,211,103,140,182,146,109,274,247,164,73,103,132,101,89,213,203
Rbbp7 ,X,ENSMUST00000143681.1,197,655,651,205,764,434,225,249,131,486,453,138,570,286,177,164
Rbm10 ,X,ENSMUST00000064911.6,771,902,1005,751,1070,607,1036,960,595,723,808,603,824,462,768,748
Rbm3 ,X,ENSMUST00000145450.1,379,845,1076,363,1281,704,699,519,199,393,521,135,618,316,329,259
Rbm3os ,X,ENSMUST00000133616.1,4,4,8,13,14,6,34,19,6,3,10,12,13,1,50,18
Rbm41 ,X,ENSMUST00000087400.11,24,16,11,29,11,5,43,44,13,5,8,16,8,1,18,15
Rbmx ,X,ENSMUST00000133346.1,52,79,111,64,128,64,95,112,47,63,83,61,88,41,70,80
Rbmx2 ,X,ENSMUST00000139150.1,49,63,96,43,109,48,60,67,44,40,77,25,81,38,51,53
Renbp ,X,ENSMUST00000150241.1,11,25,40,16,19,23,45,25,14,21,33,19,21,17,34,28
Reps2 ,X,ENSMUST00000101102.1,12.7337,1.03134,30.4412,3.11908,1.00542,0,10.9022,2.12276,0,0,5,0,0,0,0,0
Rgn ,X,ENSMUST00000023832.6,0,0,1,0,0,0,0,0,0,0,1,0,0,0,0,0
Rhox1 ,X,ENSMUST00000115210.1,0,0,0,0,0,1,0,0,0,0,0,0,0,1,0,0
Rhox10 ,X,ENSMUST00000115150.3,0,0,0,0,0,0,0,0,0,0,0,0,0,0,0,0
Rhox11 ,X,ENSMUST00000054147.10,0,0,0,0,0,0,0,0,0,0,0,0,0,0,0,0
Rhox12 ,X,ENSMUST00000115146.8,0,0,0,0,0,0,0,0,0,0,0,0,0,0,0,0
Rhox13 ,X,ENSMUST00000152730.3,0,0,6,0,0,0,0,0,0,0,2,0,0,0,0,0
Ribc1 ,X,ENSMUST00000133517.1,1,4,0,1,8,0,4,0,2,2,0,0,6,1,1,0
Ripply1 ,X,ENSMUST00000101217.3,1.02013,2.00769,0,2.00439,0,1.00331,2.02194,0,30,17,18,33,12,14,38,24
Rlim ,X,ENSMUST00000135101.1,785.86,153.284,364.729,618.196,164.908,117.94,1169.75,882.526,1114.91,190.993,535.923,1001.41,227.364,197.331,2068.57,1735.29
Rnf113a1 ,X,ENSMUST00000046433.6,49,16,63,29,61,25,36,49,43,26,71,23,62,15,45,49
Rnf128 ,X,ENSMUST00000113029.3,0,0,0,0,0,3,0,0,0,0,0,0,0,3,0,0
Rnf138rt1 ,X,ENSMUST00000059320.3,0,0,0,0,0,0,0,0,0,0,0,0,0,0,0,0
Rp2 ,X,ENSMUST00000133619.1,212,86,162,170,180,100,170,130,149.383,80,114,129,170,66,127,87.649
Rpgr ,X,ENSMUST00000143532.1,3,3,1,0,7,4,0,6,1,2,0,0,5,2,0,1
Rpl36a ,X,ENSMUST00000152266.1,576.126,397.359,882.467,606.846,897.695,412.633,982.106,558.604,550.112,404.416,865.308,579.262,813.948,422.364,947.634,564.409
Rpl39 ,X,ENSMUST00000131149.1,138,104,231,116,272,139,212,161,110,94,233,118,249,126,212,167
Rps4x ,X,ENSMUST00000152739.1,1195,1310,1819,1082,2026,984,2008,1508,444,436,618,369,692,343,690,534
Rps6ka3 ,X,ENSMUST00000156648.7,43,28,61,34,30,23,59,47,14,7,9,9,0,7,19,19
Rragb ,X,ENSMUST00000144175.2,16,17,9,14,19,8,40,46,9,12,17,15,17,7,35,51
Rs1 ,X,ENSMUST00000150170.1,10.7213,0,3.6793,1.05928,1.21289,0,5.32078,2.85753,12.6388,2.11453,14.4541,13.2119,4.04337,3.02484,22.2063,13.8275
S100g ,X,ENSMUST00000038769.2,7,0,3,24,1,1,9,19,9,0,1,10,0,0,2,13
Samt3 ,X,ENSMUST00000047945.1,0,0,0,0,0,0,0,3,0,0,0,0,0,0,0,1
Samt4 ,X,ENSMUST00000026029.1,0,0,0,0,1,0,0,0,0,0,0,0,2,0,0,0
Sash3 ,X,ENSMUST00000033427.6,4576,1695,4202,5166,1712,1851,6392,5628,1777,718,1535,1905,616,757,2275,2273
Sat1 ,X,ENSMUST00000123337.1,426,182,416,397,201,229,631,435,317,130,330,272,114,169,453,299
Satl1 ,X,ENSMUST00000026601.2,8,1,1,0,3,0,2,0,14,1,2,1,4,2,6,2
Scml1 ,X,ENSMUST00000238615.1,0,0,0,0,0,0,0,2,0,0,0,0,0,0,0,0
Scml2 ,X,ENSMUST00000112345.7,3,1,2,0,27,0,0,0,0,0,0,0,0,0,0,0
Serpina7 ,X,ENSMUST00000152457.1,0,0,0,0,0,0,0,0,0,0,0,0,0,0,0,0
Sh3bgrl ,X,ENSMUST00000133614.7,126.015,105,216.936,94.8498,118.89,141.704,180.695,132.916,43,83,136,47,58,79,62,63
Sh3kbp1 ,X,ENSMUST00000130987.1,664,609,1075,811,654,564,944,777,327,315,527,403,301,274,381,383
Shroom2 ,X,ENSMUST00000101141.8,19,5,9,16,4,4,21,19,0,0,0,0,0,0,0,0
Shroom4 ,X,ENSMUST00000089520.2,31.5741,10.1723,14.6164,25.3809,15.0717,7.26468,47.9981,27.043,89.6039,28.569,47.9878,97.1597,22.9835,17.9772,128.442,84.4991
Slc10a3 ,X,ENSMUST00000037967.5,117.92,85.1575,89.4249,120.232,122.206,65.4583,188.336,182.39,131,100,104,151,137,75,213,156
Slc16a2 ,X,ENSMUST00000148684.2,0,0,1,0,0,0,0,0,0,0,1,0,0,0,0,0
Slc25a14 ,X,ENSMUST00000177710.1,80,104,134,107,91,45,55,34,61,70,96,74,72,33,56,35
Slc25a43 ,X,ENSMUST00000133699.1,296.939,82.2031,134.083,252.786,84.1244,84.6956,498.341,300.249,266.183,71.9401,137.737,214.133,72.7299,79.5621,481.261,265.692
Slc25a53 ,X,ENSMUST00000113070.8,1686.83,539.341,563.156,1959.45,604.103,402.89,2710.92,2411.37,22,2,7,23,7,3,22,11
Slc35a2 ,X,ENSMUST00000208718.1,45,27,64,43,25,29,61,52,22,7,22,17,7,19,23,15
Slc38a5 ,X,ENSMUST00000115590.1,33.6684,11.219,23.5568,31.5955,4.34704,5.57104,39.5103,39.6734,0,0,0,0,0,0,0,0
Slc6a14 ,X,ENSMUST00000033414.7,1,0,0,0,0,0,0,0,1,0,0,0,0,0,0,0
Slc6a8 ,X,ENSMUST00000114467.8,3,0,4,0,0,0,0,0,0,0,0,0,0,0,0,0
Slc7a3 ,X,ENSMUST00000073927.4,0,159,82,1,243,70,17,4,0,20,9,0,29,6,2,0
Slc9a6 ,X,ENSMUST00000202670.1,87,86,105,47,78,68,74,80,59,55,75,36,46,45,56,64
Slc9a7 ,X,ENSMUST00000130938.1,273,162,329,384,165,178,527,460,130,77,168,174,72,81,240,236
Slitrk2 ,X,ENSMUST00000166241.1,34700.4,10421.9,28906.6,30205.5,17367.3,11426.3,51317,23343,0,0,0,0,0,0,0,0
Slitrk4 ,X,ENSMUST00000156121.1,0,0,0,0,0,0,0,0,0,0,0,0,0,0,0,0
Smarca1 ,X,ENSMUST00000140756.1,0,0,0,0,0,0,0,0,0,0,0,0,0,0,0,0
Smc1a ,X,ENSMUST00000141457.1,71,76,113,79,90,51,72,89,41,33,50,42,44,20,36,39
Smim9 ,X,ENSMUST00000165080.1,0,0,0,0,0,0,0,0,0,0,0,0,1,0,0,0
Smpx ,X,ENSMUST00000190091.6,0,0,0,0,0,0,0,0,0,0,0,0,0,0,0,0
Sms ,X,ENSMUST00000123770.1,159,128,171,157,252,121,172,176,125,78,132,140,186,94,153,142
Snora35 ,X,ENSMUST00000104579.1,0,0,0,0,0,0,0,0,0,0,0,0,0,0,0,0
Snora69 ,X,ENSMUST00000083708.1,1,2,0,4,1,0,4,2,1,2,0,2,3,0,3,2
Snora70 ,X,ENSMUST00000083047.1,0,0,0,0,0,0,0,0,63,17,13,31,18,13,107,57
Snord61 ,X,ENSMUST00000083176.4,1,0,0,0,0,0,0,0,0,0,0,1,0,0,0,0
Snx12 ,X,ENSMUST00000130826.1,76,80,92,30,60,58,110,62,65,76,84,34,56,45,87,55
Sowahd ,X,ENSMUST00000060057.1,0,0,0,0,0,0,0,0,0,0,0,0,0,0,0,0
Sox3 ,X,ENSMUST00000135107.3,0,0,0,0,0,0,0,0,0,0,0,0,0,0,0,0
Spaca5 ,X,ENSMUST00000040437.5,0,0,0,0,0,0,0,0,0,0,0,0,0,0,0,0
Spin2c ,X,ENSMUST00000049999.8,0,28,34,3,23,16,55,15,0,10,12,2,16,3,14,7
Spin4 ,X,ENSMUST00000096367.4,0,0,4,0,0,0,0,0,0,1,3,0,0,0,0,0
Srpk3 ,X,ENSMUST00000139630.1,653,76,168,438,45,105,819,672,429,52,116,299,42,76,508,484
Srpx ,X,ENSMUST00000147334.1,2,0,0,0,0,0,0,0,1,0,0,0,0,0,0,0
Srpx2 ,X,ENSMUST00000113304.1,1,1,0,0,0,0,0,0,0,0,0,0,0,0,0,0
Ssr4 ,X,ENSMUST00000166518.7,443,600,1661,372,987,676,588,449,480,558,1542,389,858,648,637,494
Ssxa1 ,X,ENSMUST00000072593.8,0,0,0,0,0,0,0,0,0,0,0,0,0,0,0,0
Stag2 ,X,ENSMUST00000115072.7,663,683,790,859,863,436,920,867,104,82,71,113,101,49,138,90
Stard8 ,X,ENSMUST00000127361.1,1,3,3,3,6,4,11,4,2,3,4,1,6,0,10,4
Stk26 ,X,ENSMUST00000136741.1,87,67,70,75,50,41,94,50,71,87,152,130,108,79,160,197
Suv39h1 ,X,ENSMUST00000127617.1,41,102,118,67,70,109,82,83,42,105,107,61.3961,69,104,74,76
Syap1 ,X,ENSMUST00000134629.1,68,78,81,77,80,53,104,82,32,51,58,48,65,31,61,47
Syn1 ,X,ENSMUST00000081893.6,7,1,4,0,3,10,11,0,5,1,4,0,4,7,7,0
Syp ,X,ENSMUST00000134355.1,0,0,2,0,2,0,0,0,0,0,2,0,1,0,0,0
Sytl4 ,X,ENSMUST00000174542.1,0,0,0,1,0,0,0,0,0,0,0,0,0,0,0,0
Sytl5 ,X,ENSMUST00000086165.3,1,0,0,8,0,0,0,0,0,0,1,4,0,0,0,0
Taf1 ,X,ENSMUST00000101341.8,891.345,497.063,830.708,846.78,577.285,351.479,1311.62,1115.49,36,26,55,33,36,18,64,57
Taf7l ,X,ENSMUST00000131311.1,0,0,0,1,0,0,4,0,0,1,0,0,0,0,4,0
Taf9b ,X,ENSMUST00000134547.1,11,12,30,12,5,20,9,16,8,3,28,9,5,12,13,15
Taz ,X,ENSMUST00000156788.1,250,63,119,251,75,50,390,433,222,60,104,254,69,45,353,397
Tbc1d25 ,X,ENSMUST00000172020.7,379,113,203,214,186,95,441,398,191,52,75,97,92,55,197,198
Tbc1d8b ,X,ENSMUST00000123430.1,0,6,12,7,6,9,2,4,0,1,3,1,1,3,0,3
Tbl1x ,X,ENSMUST00000133893.1,181,292,293,191,350,174,172,254,196,293,293,183,341,155,225,246
Tbx22 ,X,ENSMUST00000168403.1,0,0,0,0,0,0,0,0,0,0,1,0,0,0,0,0
Tceal1 ,X,ENSMUST00000055104.5,20,18,31,44,38,17,69,56,33,17,48,54,48,18,80,70
Tceal3 ,X,ENSMUST00000128040.1,0,0,0,0,0,0,0,0,0,0,0,0,0,0,0,0
Tceal5 ,X,ENSMUST00000131510.1,0,0,0,0,0,0,0,0,0,0,0,0,0,0,0,0
Tceal7 ,X,ENSMUST00000113116.2,0,0,0,0,0,0,0,0,0,0,0,0,0,0,0,0
Tceal8 ,X,ENSMUST00000163584.7,91.6212,51.2882,120.734,134.132,97.6723,65.7285,144.91,82.7962,3,3,6,2,10,3,1,1
Tceanc ,X,ENSMUST00000180322.1,24,18,31,48,25,30,64,52,27,16,18,22,28,22,43,53
Tcp11x2 ,X,ENSMUST00000078605.6,0,0,0,0,0,0,0,0,0,0,0,0,0,0,0,0
Tenm1 ,X,ENSMUST00000016294.7,12.1852,2,0,8.0411,3,0,12.1726,2.0736,254.545,74.6498,153.33,248.536,92.2141,65.1946,413.339,269.979
Tex13a ,X,ENSMUST00000096314.2,0,0,0,0,0,0,0,0,0,0,0,0,0,0,0,4
Tex28 ,X,ENSMUST00000078060.3,0,0,0,0,0,0,0,0,0,0,0,0,0,0,0,0
Tfe3 ,X,ENSMUST00000133456.1,40,37,29,27,29,7,83,85,30,30,33,32,44,7,68,82
Tgif2lx2 ,X,ENSMUST00000072518.7,0,0,0,0,0,0,0,0,0,0,0,0,0,0,0,0
Timm17b ,X,ENSMUST00000150541.1,452,499,772,421,705,379,564,465,385,413,701,349,577,325,439,374
Timm8a1 ,X,ENSMUST00000054213.4,139,458,224,131,825,162,176,136,142,410,225,124,814,161,177,127
Timp1 ,X,ENSMUST00000009530.4,0,0,0,0,0,0,0,0,0,0,0,0,0,0,0,0
Tktl1 ,X,ENSMUST00000156959.1,0,0,0,0,0,0,1,0,0,0,0,0,0,0,0,0
Tlr13 ,X,ENSMUST00000040065.3,6,3,4,3,1,1,3,1,7,2,4,1,1,2,2,0
Tlr7 ,X,ENSMUST00000149507.1,19,6,19,14,8,10,39,12,15,5,13,12,10,8,26,9
Tlr8 ,X,ENSMUST00000049023.2,0,0,0,7,0,0,0,0,0,0,0,0,0,0,0,0
Tmem164 ,X,ENSMUST00000112888.1,336.46,613.962,892.21,547.969,942,631.504,820.175,514.571,45,20,39,39,35,16,139,84
Tmem185a ,X,ENSMUST00000134954.1,38,25,45,27,50,29,54,39,52,25,49,29,51,23,54,32
Tmem255a ,X,ENSMUST00000139358.1,0,0,0,0,3,5,0,4,0,0,0,0,1,2,0,2
Tmem28 ,X,ENSMUST00000096363.2,0,0,0,0,0,0,0,0,0,0,1,0,0,0,1,0
Tmem29 ,X,ENSMUST00000163233.1,143,63,215,95,103,76,102,104,0,1,5,2,0,0,0,0
Tmem35a ,X,ENSMUST00000037687.7,0,0,0,0,0,0,0,0,0,0,0,6,0,0,2,3
Tmem47 ,X,ENSMUST00000171953.7,0,0,0,0,0,0,0,0,66.9036,13.6999,44.7813,41.7504,16.0218,17.1357,95.4528,75.903
Tmsb4x ,X,ENSMUST00000112175.1,26490,9087,24483,23117,11775,13895,32532,25752,25329,8927,23945,22100,11411,13421,30945,24628
Tnmd ,X,ENSMUST00000033602.8,0,0,2,0,0,0,0,0,0,0,1,0,0,0,0,0
Trap1a ,X,ENSMUST00000054534.3,15.5735,4,5,19.5515,2.32346,3,25.5214,27,26.1651,14.396,28,21.1768,12.3641,10,59.5741,27.2053
Trappc2 ,X,ENSMUST00000112194.1,214,202,332.383,220.599,291.963,153,335.215,174.517,105.532,94,161.237,102.867,137.31,100,136.412,82.34
Trex2 ,X,ENSMUST00000033738.7,0,0,0,0,0,0,0,0,0,0,0,0,0,0,0,0
Trmt2b ,X,ENSMUST00000087540.3,188.39,231.774,291.827,203.902,235.705,181.527,291.146,191.622,103,85,124,91,90,83,199,106
Trpc5 ,X,ENSMUST00000148240.1,0,0,0,0,2,0,2,0,0,0,0,0,1,0,3,0
Tsc22d3 ,X,ENSMUST00000152048.1,193,2,6,205,3,4,366,275,185,2,4,162,3,4,333,239
Tsga8 ,X,ENSMUST00000049420.3,0,0,0,0,0,0,0,0,0,0,0,0,0,0,0,0
Tsix ,X,ENSMUST00000211291.1,52.8176,23.6034,29.142,19.432,35.5277,11.8425,77.7052,25.7906,2667.74,495,1381,1887,768.689,562,2869.65,1774.66
Tspan6 ,X,ENSMUST00000177468.1,3,3,13,4,13,8,1,3,1,3,16,1,7,7,2,3
Tspan7 ,X,ENSMUST00000149982.1,178.595,71.6618,126.946,128.794,69.9651,73.0732,298.132,154.237,163.883,53.3049,96.8652,99.7442,46.1738,50.5678,247.4,152.366
Tspyl2 ,X,ENSMUST00000177748.1,61,16,40,52,37,15,110,39,77,24,31,61,50,19,136,39
Tsr2 ,X,ENSMUST00000026295.9,161,148,239,200,299,95,283,198,37,53,68,70,116,26,53,53
Tsx ,X,ENSMUST00000033691.4,10,0,0,0,0,0,7,2,6,0,0,1,0,1,7,5
Txlng ,X,ENSMUST00000131463.1,298,105,219,299,189,84,556,380,9,3,6,3,6,1,18,7
Uba1 ,X,ENSMUST00000136915.1,462,601,707,517,814,427,649,508,260,315,369,290,409,215,319,269
Ube2a ,X,ENSMUST00000201050.1,276,452,738,286,632,392,389,280,206,358,577,199,525,366,317,241
Ube2dnl1 ,X,ENSMUST00000059509.2,0,0,0,0,0,4,0,0,0,0,0,0,0,0,0,0
Ube2dnl2 ,X,ENSMUST00000062695.1,0,0,0,0,0,0,0,0,0,0,0,0,0,0,0,0
Ubl4a ,X,ENSMUST00000178691.1,143.08,185.843,331.575,110.768,300.794,158.542,239.664,205.61,56,72,148,45,132,52,99,90
Ubqln2 ,X,ENSMUST00000060714.9,71,24,48,57,33,24,83,77.0145,107,95,85,96,88,59,120,110
Upf3b ,X,ENSMUST00000133481.1,792.57,222.403,561.368,792.851,368.447,248.916,1056.58,700.877,963.655,266.224,620.285,953.349,398.804,285.608,1366.9,937.95
Uprt ,X,ENSMUST00000087867.5,88.4248,114.592,234.537,138.656,182.729,110.259,162.808,151.906,107.275,69.6627,143.158,165.66,99.169,66.5115,191.103,124.55
Usp11 ,X,ENSMUST00000149960.1,688,210,511,716,201,284,629,731,366,89,265,363,101,135,265,401
Usp26 ,X,ENSMUST00000069509.3,121,15,74,90,58,30,140,47,4,0,1,0,0,0,12,0
Usp27x ,X,ENSMUST00000191497.1,52.2962,29.7845,38.4127,55.5782,55.3414,22.2647,91.398,91.5794,28.1061,38,22,35.5862,24.3148,14,43.6433,40.6677
Usp51 ,X,ENSMUST00000095755.3,2,3,1,2,3,0,0,2,2,4,1,2,5,0,0,3
Utp14a ,X,ENSMUST00000152624.1,137,136,132,141,263,72,144,202,80,85,79,79,168,50,108,121
Uxt ,X,ENSMUST00000147205.1,55,56,67,38,86,42,59,44,36,29,41,26,42,27,40,29
Vbp1 ,X,ENSMUST00000123419.1,126,199,314,143,314,132,214,190,93,123,192,104,210,97,114,131
Vegfd ,X,ENSMUST00000124851.1,36.0514,67.6574,120.407,41.3127,66.8995,60.1469,52.9044,21.252,29.1142,56.9621,113.736,32.4315,71.7859,48.7975,44.1818,16.8251
Vgll1 ,X,ENSMUST00000114745.8,0,0,0,0,0,2,0,0,0,0,0,0,0,0,0,0
Vsig4 ,X,ENSMUST00000146830.1,0,0,0,0,0,0,0,0,0,0,0,0,0,0,0,0
Was ,X,ENSMUST00000146029.1,443.213,195.095,300.593,419.074,217.445,161.603,842.537,631.776,785.824,498.846,611.314,705.375,460.109,357.354,1187.16,978.433
Wdr13 ,X,ENSMUST00000130050.1,13,2,3,10,0,4,8,15,12,1,3,8,1,5,8,12
Wdr45 ,X,ENSMUST00000209077.1,47,8,27,41,8,12,50,66,75,20,44,74,14,17,91,113
Wnk3 ,X,ENSMUST00000096285.4,13,2,4,6.00694,2.00642,1,25.0363,12,21,0,4,2.00413,0,0,10.0434,3
Xiap ,X,ENSMUST00000026978.6,569.512,343.121,520.918,507.517,278.109,250.298,1198.27,697.339,519.42,301.307,408.183,438.713,259.243,223.337,1050.55,620.953
Xist ,X,ENSMUST00000153883.3,158,91,100,93,47,28,90,76,32.5901,41,41,47,41,29,32.8456,46
Xkrx ,X,ENSMUST00000148722.1,17,2,8,12,0,2,32,35,15,1,5,15,2,4,35,35
Xpnpep2 ,X,ENSMUST00000156654.1,2,0,0,8,0,1,5,3,2,0,0,2,0,1,1,1
Yipf6 ,X,ENSMUST00000124010.1,12,5,14,15,6,10,31,36,46,53,62,52,27,48,133,129
Yy2 ,X,ENSMUST00000065806.4,0,0,0,0,0,0,0,0,59,56,53,45,60,22,102,40
Zbtb33 ,X,ENSMUST00000049740.2,146,87,214,87,145,82,261,156,1,7,0,2,6,2,2,5
Zc3h12b ,X,ENSMUST00000127461.2,0,0,0,0,0,2,2,3,234.335,56.4642,124.723,163.354,56.2909,56.4749,385.561,241.487
Zc4h2 ,X,ENSMUST00000044382.6,44,73,106,43,89,30,80,50,31,43,75,29,73,19,56,41
Zcchc12 ,X,ENSMUST00000115256.1,1,0,0,0,0,0,0,0,0,0,0,0,0,0,0,0
Zcchc13 ,X,ENSMUST00000033692.8,0,0,0,0,0,0,0,0,0,0,0,0,0,0,0,0
Zcchc18 ,X,ENSMUST00000033804.4,2572,793,1709,2529,796,875,3821,3626,2277,728.735,1532.39,2309,700.802,781.703,3449,3294
Zdhhc15 ,X,ENSMUST00000042070.5,0,10,0,0,1,0,0,0,0,11,0,0,1,0,0,0
Zdhhc9 ,X,ENSMUST00000149416.1,50,9,26,29,17,3,58,42,27,5,23,14,7,4,40,19
Zfp182 ,X,ENSMUST00000138123.1,94,15,84,125,6,29,202,102,70,11,74,109,6,34,165,86
Zfp185 ,X,ENSMUST00000164800.7,0,0,0,0,7,2,0,0,0,0,0,0,4,0,0,0
Zfp275 ,X,ENSMUST00000139996.1,2,14,9,12,7,3,10,11,0,1,0,2,1,0,1,1
Zfp280c ,X,ENSMUST00000150501.1,32,34,22,21,49,29,32,32,27,47,24,18,36,23,34,30
Zfp300 ,X,ENSMUST00000139060.1,0,2,0,0,12,2,3,0,0,1,0,0,11,2,6,0
Zfp36l3 ,X,ENSMUST00000071711.3,10,0,0,0,0,0,0,0,14,0,0,0,0,0,0,0
Zfp449 ,X,ENSMUST00000101560.3,18.4699,39.0043,62.7455,14.3923,31.6532,30.8845,43.1992,15.8297,10.768,19.9884,50.0756,6.38617,22.4145,26.1265,25.0993,9.62058
Zfp711 ,X,ENSMUST00000113409.7,0,0,0,0,0,0,0,0,0,0,0,0,0,0,0,1
Zfp92 ,X,ENSMUST00000086470.2,0,0,3,0,0,0,1,0,0,0,2,0,0,0,1,0
Zic3 ,X,ENSMUST00000088629.3,0,0,0,0,0,0,0,0,0,0,0,0,0,0,0,0
Zmat1 ,X,ENSMUST00000064659.5,394,72,158,286.297,135,63,352.276,412,135.019,28.897,51.4229,95.0502,31.4559,10.2862,137.482,172.514
Zmym3 ,X,ENSMUST00000134005.1,11,15,21,16,17,17,8,18,14,13,21,9,12,16,7,16
Zrsr2 ,X,ENSMUST00000127370.2,554,229,331,420,293,155,642,424,244,92,118,158,129,58,275,222
Zxdb ,X,ENSMUST00000101388.3,176.163,26.904,48.0843,171.977,45,62,154.822,149.705,87,10.6156,12.6997,78,13,21.778,69.9493,76.0976
