name,chr,Samp1_B6,Samp2_B6,Samp3_B6,Samp4_B6,Samp5_B6,Samp1_Cas,Samp2_Cas,Samp3_Cas,Samp4_Cas,Samp5_Cas
62,1600025M17Rik,X,0,0,0,0,0,0,0,0,0,0
76,1700003E24Rik,X,0,0,0,0,0,0,0,0,0,0
105,1700010D01Rik,X,0,0,0,0,0,0,0,0,0,0
117,1700011M02Rik,X,0,0,0,0,0,0,0,0,0,0
129,1700013H16Rik,X,0,0,0.800686027788609,0,0.245072390708129,0,0,0,0,0
241,1700036O09Rik,X,0,0,0,0,0,0,0,0,0,0
329,1700084M14Rik,X,0,0,0,0,0,0,0,0,0,0
428,1810030O07Rik,X,28.4652531770781,28.4091716169648,26.8229819309184,27.7535191462277,29.8988316663918,9.62821010542546,6.38925339748549,4.60414695516252,2.84292013384468,1.77176689453558
450,2010106E10Rik,X,0,0,0,0,0,0,0,0,0,0
453,2010204K13Rik,X,0,0,0,0.264319229964074,0,0,0,0,0,0
454,2010308F09Rik,X,0,0,0,0,0,0,0,0,0,0
545,2610002M06Rik,X,8.8242284848942,12.6549946293752,16.4140635696665,11.8943653483833,6.86202693982762,4.81410505271273,6.38925339748549,2.63094111723572,3.79056017845957,2.95294482422596
614,3010001F23Rik,X,0,0,0,0,0,0,0,0,0,0
675,4921511C20Rik,X,0,0,0,0,0,0,0,0,0,0
697,4930402K13Rik,X,0,0,0,0,0,0,0,0,0,0
719,4930415L06Rik,X,0,0,0,0,0,0,0,0,0,0
765,4930447F04Rik,X,0,0,0,0,0,0,0,0,0,0
776,4930453H23Rik,X,0,0,0,0,0,0,0,0,0,0
803,4930480E11Rik,X,0,0,0,0,0,0,0,0,0,0
845,4930513O06Rik,X,0,0,0,0,0,0,0,0,0,0
848,4930515L19Rik,X,0,0,0,0,0,0,0,0,0,0
918,4930555B12Rik,X,0,0,0,0,0,0,0,0,0,0
930,4930558G05Rik,X,0,0,0,0,0,0,0,0,0,0
949,4930567H17Rik,X,0,0,0,0,0,0,0,0,0,0
953,4930570D08Rik,X,0,0,0,0,0,0,0,0,0,0
991,4930595M18Rik,X,0,0,0,0,0,0,0,0,0,0
998,4931400O07Rik,X,0,0,0,0,0,0,0,0,0,0
1017,4932411N23Rik,X,0,0,0,0,0,0,0,0,0,0
1021,4932429P05Rik,X,0,0,0,0,0,0,0,0,0,0
1027,4933400A11Rik,X,0,0,0,0,0,0,0,0,0,0
1034,4933403O08Rik,X,0,0,0,0,0,0,0,0,0,0
1082,4933428M09Rik,X,0,0,0,0.264319229964074,0,0,0,0,0,0
1097,4933436I01Rik,X,0,0,0,0,0,0,0,0,0,0
1121,5330434G04Rik,X,0,0,0,0,0,0,0,0,0,0
1132,5530601H04Rik,X,6.54700823072796,5.16530393035724,6.40548822230887,4.75774613935333,3.92115825133007,11.0036686919148,7.60625404462559,10.8526321085974,7.58112035691915,4.72471171876154
1134,5730405O15Rik,X,0,0,0.400343013894305,0,0,1.03159393986701,0.912750485355071,0.328867639654465,0.315880014871631,1.18117792969038
1136,5730412P04Rik,X,0,0,0,0,0.245072390708129,0,0,0.328867639654465,0,0
1164,6030498E09Rik,X,0,0,0,0,0,0,0,0,0,0
1198,8030474K03Rik,X,1.70791519062468,0,0,0,0,0.343864646622338,0,0,0,0
1279,9530051G07Rik,X,0,0.258265196517862,0.400343013894305,0.264319229964074,0.245072390708129,0,0,0,0,0
1321,A230072C01Rik,X,3.70048291302015,2.84091716169648,3.60308712504874,1.05727691985629,2.20565151637316,0,0,0,0.315880014871631,0
1322,A230072E10Rik,X,1.70791519062468,0.774795589553586,0.800686027788609,0.264319229964074,1.22536195354065,1.03159393986701,0.304250161785024,0.657735279308931,1.26352005948652,0.295294482422596
1378,A630012P03Rik,X,0,0,0,0,0,0,0,0,0,0
1500,Abcb7,X,24.7647702640579,26.6013152413398,34.0291561810159,30.1323922159044,28.428397322143,5.15796969933507,3.65100194142028,2.63094111723572,1.89528008922979,2.36235585938077
1513,Abcd1,X,17.6484569697884,16.2707073806253,14.8126915140893,27.4891999162637,17.1550673495691,8.94048081218079,9.73600517712075,9.20829391032503,0.631760029743262,1.47647241211298
1591,Ace2,X,54.3686335682191,49.5869177314295,58.0497370146742,56.2999959823477,60.2878081141998,7.2211575790691,4.25950226499033,10.8526321085974,6.63348031230425,9.15412895510048
1617,Acot9,X,12.2400588661436,16.787237773661,12.4106334307234,12.1586845783474,15.9297053960284,1.37545858648935,1.21700064714009,2.95980875689019,2.84292013384468,2.06706137695817
1636,Acsl4,X,1664.07870073198,1530.22128936833,1613.78268900794,1599.65997974257,1494.69651092888,295.723596095211,265.306141076541,251.254876696012,186.685088789134,206.410843213395
1673,Actrt1,X,0,0,0,0,0,0,0,0,0,0
1777,Adgrg2,X,0,0.258265196517862,0,0,0,0,0,0,0,0
1835,Aff2,X,0,0,0,0,0,0,0,0,0,0
1878,Agtr2,X,0,0,0,0,0,0,0,0,0,0
1917,Aifm1,X,2.84652531770781,3.61571275125007,3.60308712504874,0,0.490144781416259,1.71932323311169,0.912750485355071,1.31547055861786,0.315880014871631,0.295294482422596
1943,Akap14,X,0,0,0,0,0,0,0,0,0,0
1944,Akap17b,X,0.853957595312342,0.774795589553586,2.40205808336583,1.58591537978444,1.22536195354065,0.687729293244676,0.912750485355071,0,1.26352005948652,0.590588964845192
1946,Akap4,X,0,0,0,0,0,0,0,0,0,0
1982,Alas2,X,0,0,0.400343013894305,0,0,0,0,0,0,0
2013,Alg13,X,13.0940164614559,5.94009951991083,8.4072032917804,7.92957689892221,9.06767845620078,2.06318787973403,1.21700064714009,1.31547055861786,0.315880014871631,0.295294482422596
2058,Amelx,X,0,0,0,0,0,0,0,0,0,0
2059,Amer1,X,35.012261407806,25.3099892587505,29.6253830281785,21.674176857054,30.388976447808,8.59661616555845,5.1722527503454,10.5237644689429,9.1605204312773,11.2211903320586
2068,Ammecr1,X,7.68561835781108,8.78101668160731,3.60308712504874,5.81502305920962,6.37188215841136,0.687729293244676,0.304250161785024,1.31547055861786,2.21116010410142,2.06706137695817
2072,Amot,X,3.98513544479093,8.78101668160731,3.20274411115444,7.40093843899407,11.2733299725739,1.03159393986701,0.608500323570047,0.328867639654465,0.947640044614893,1.18117792969038
2212,Ap1s2,X,20.4949822874962,12.9132598258931,17.6150926113494,13.4802807281678,10.0479680190333,4.47024040609039,3.95525210320531,6.24848515343484,3.47468016358794,2.95294482422596
2251,Apln,X,3.13117784947859,1.80785637562503,3.20274411115444,0.792957689892221,1.47043434424878,1.03159393986701,0.608500323570047,1.97320583792679,0,0
2281,Apoo,X,5.40839810364483,4.64877353732152,5.60480219452027,8.19389612888629,4.1662306420382,0,0,0,0,0
2282,Apool,X,6.83166076249874,4.90703873383938,4.80411616673166,2.37887306967666,4.41130303274633,0,0,0,0,0.295294482422596
2302,Ar,X,0,0.258265196517862,0,0,0,0,0.304250161785024,0,0,0
2303,Araf,X,58.9230740765516,61.2088515747333,79.6682597649666,51.0136113830662,56.3666498628697,11.0036686919148,9.73600517712075,9.20829391032503,5.0540802379461,6.49647861329711
2357,Arhgap36,X,0,0.258265196517862,0,0.264319229964074,0,0,0,0,0,0
2359,Arhgap4,X,5.97770316718639,7.489690699018,12.0102904168291,10.837088428527,11.5184023632821,3.78251111284572,1.21700064714009,1.97320583792679,1.26352005948652,0.295294482422596
2364,Arhgap6,X,25.3340753275995,37.44845349509,26.8229819309184,31.9826268256529,20.3410084287747,9.62821010542546,7.30200388284057,3.94641167585358,2.84292013384468,5.61059516602932
2390,Arhgef6,X,28.4652531770781,34.3492711368756,28.4243539864956,37.0046921949703,30.1439040570999,11.6913979851595,9.73600517712075,10.1948968292884,7.26524034204752,5.90588964845192
2392,Arhgef9,X,0.853957595312342,1.54959117910717,2.40205808336583,2.37887306967666,1.96057912566503,0.343864646622338,0.304250161785024,0,0,0
2408,Arl13a,X,0,0,0,0,0,0,0,0,0,0
2441,Armcx1,X,12.5247113979144,14.7211162015181,10.4089183612519,16.3877922577726,16.1747777867365,9.28434545880312,9.43175501533573,5.59074987412591,3.79056017845957,5.31530068360673
2442,Armcx2,X,1.13861012708312,1.03306078607145,2.00171506947152,3.17183075956889,4.90144781416259,1.03159393986701,0.608500323570047,0.657735279308931,1.89528008922979,2.65765034180336
2443,Armcx3,X,10.5321436755189,14.4628510050003,8.00686027788609,14.0089191880959,16.9099949588609,9.9720747520478,10.9530058242608,15.1279114241054,19.5845609220411,11.5164848144812
2444,Armcx4,X,1.99256772239546,1.54959117910717,0.800686027788609,0.792957689892221,0.490144781416259,1.03159393986701,1.52125080892512,0.328867639654465,0.947640044614893,0
2445,Armcx5,X,8.25492342135264,5.4235691268751,5.20445918062596,4.75774613935333,5.14652020487072,1.37545858648935,0.304250161785024,0.657735279308931,0.631760029743262,0
2446,Armcx6,X,0,1.03306078607145,0.400343013894305,0.528638459928147,1.96057912566503,0.343864646622338,1.52125080892512,0.328867639654465,1.26352005948652,1.47647241211298
2462,Arr3,X,0,0.258265196517862,0.400343013894305,0.264319229964074,0.245072390708129,0,0,0,0,0
2482,Arx,X,0,0,0,0,0,0,0,0,0,0
2491,Asb11,X,3.41583038124937,2.32438676866076,1.60137205557722,1.32159614982037,1.22536195354065,0,0.912750485355071,0.328867639654465,0.631760029743262,0
2492,Asb12,X,0,0,0,0,0,0,0,0,0,0
2507,Asb9,X,0,0,0,0,0,0,0,0,0,0
2601,Atp11c,X,28.4652531770781,24.5351936691969,34.0291561810159,19.8239422473055,24.5072390708129,2.7509171729787,2.12975113249516,2.63094111723572,3.15880014871631,2.95294482422596
2615,Atp1b4,X,0,0,0,0,0,0,0,0,0,0
2621,Atp2b3,X,0,0,0.400343013894305,0.264319229964074,0,0,0,0,0,0
2640,Atp6ap1,X,0.853957595312342,1.29132598258931,10.0085753473576,0.528638459928147,1.22536195354065,1.03159393986701,0.304250161785024,1.64433819827233,0.315880014871631,0
2642,Atp6ap2,X,174.492001975489,176.136864025182,182.956757349697,176.829564845965,171.795745886399,11.3475333385372,14.2997576038961,10.5237644689429,14.2146006692234,14.4694296387072
2665,Atp7a,X,15.9405417791637,22.2108069005361,33.6288131671216,29.8680729859403,21.5663703823154,5.84569899257974,6.08500323570047,10.5237644689429,5.36996025281773,2.36235585938077
2683,Atrx,X,192.425111477048,200.672057694379,266.228104239713,230.750687758636,238.45543615901,48.828779820372,60.2415320334347,75.3106894808726,60.6489628553532,68.8036144044649
2697,AU015836,X,0.284652531770781,0,0.400343013894305,1.05727691985629,0.245072390708129,1.03159393986701,1.82550097071014,1.64433819827233,1.89528008922979,0
2728,Avpr2,X,0,0,0,0,0,0,0,0,0,0
2737,Awat1,X,0,0,0,0,0,0,0,0,0,0
2738,Awat2,X,0.569305063541561,1.03306078607145,1.60137205557722,2.11455383971259,1.22536195354065,0,0,0,0,0.295294482422596
2759,B230119M05Rik,X,0,0,0,0,0,0,0,0,0,0
2819,B630019K06Rik,X,23.9108126687456,19.3698897388396,18.415778639138,21.9384960870181,24.9973838522292,2.06318787973403,0.912750485355071,0.657735279308931,1.57940007435816,2.65765034180336
2938,BC065397,X,3.98513544479093,4.13224314428579,8.4072032917804,3.96478844946111,4.65637542345446,2.40705252635637,1.52125080892512,1.31547055861786,0.315880014871631,1.77176689453558
2945,Bcap31,X,126.670376637997,145.661570836074,117.300503071031,172.336137936576,173.756325012064,67.3974707379782,83.9730446526665,63.1425868136573,9.1605204312773,9.74471791994567
2984,Bcor,X,63.1928620531133,79.5456805275015,73.2627715426577,96.4765189368869,76.4625859009363,14.4423151581382,11.8657563096159,10.8526321085974,12.003440565122,15.6506075683976
2985,Bcorl1,X,14.8019316520806,13.4297902189288,12.0102904168291,10.0441307386348,9.80289562832517,1.03159393986701,3.04250161785024,2.30207347758126,1.57940007435816,1.77176689453558
3008,Bex1,X,3.70048291302015,1.54959117910717,1.20102904168291,17.4450691776289,15.194488223904,23.0389313236966,30.1207660167173,24.9939406137394,11.3716805353787,15.9459020508202
3009,Bex2,X,63.4775145848841,68.9568074702692,135.315938696275,141.939426490708,132.829235763806,8.59661616555845,6.69350355927052,16.4433819827233,13.5828406394801,15.355313085975
3010,Bex4,X,57.7844639494685,36.4153927090185,49.6425337228938,202.732849382445,169.835166760734,25.7898484966753,24.9485132663719,25.9805435327028,20.2163209517844,22.1470861816947
3016,Bgn,X,15.3712367156222,11.1054034502681,8.8075463056747,6.34366151913777,7.10709933053575,2.7509171729787,0.608500323570047,1.97320583792679,0.947640044614893,0
3019,Bhlhb9,X,13.0940164614559,15.4959117910717,23.2198948058697,13.7445999581318,17.4001397402772,1.71932323311169,3.65100194142028,1.31547055861786,0.947640044614893,0.885883447267788
3059,Bmp15,X,0,0,0,0,0,0,0,0,0,0
3074,Bmx,X,0,0,0.400343013894305,0.264319229964074,0.245072390708129,0,0,0,0,0
3118,Brcc3,X,20.779634819267,20.9194809179468,24.0205808336583,26.1676037664433,26.467818196478,12.0352626317818,10.6487556624758,7.23508807239824,9.1605204312773,10.6306013672135
3143,Brs3,X,0,0,0,0,0,0,0,0,0,0
3146,Brwd3,X,48.3909304010327,62.5001775573226,74.4638005843407,72.6877882401203,79.1583821987258,7.90888687231377,8.21475436819564,4.93301459481698,5.36996025281773,8.56353999025528
3176,Btk,X,0,0,0,0,0,0,0,0,0,0
3220,C1galt1c1,X,1.13861012708312,0.516530393035724,2.80240109726013,0.264319229964074,1.22536195354065,0,0,0,0,0
3270,C430049B03Rik,X,0.569305063541561,1.03306078607145,0.400343013894305,0.528638459928147,0.490144781416259,0.343864646622338,0.912750485355071,1.97320583792679,0.315880014871631,0.590588964845192
3317,Cacna1f,X,0,0,0,0.264319229964074,0.245072390708129,0,0,0,0,0
3409,Capn6,X,1.99256772239546,1.29132598258931,2.00171506947152,2.37887306967666,5.14652020487072,0.687729293244676,0,1.31547055861786,0,1.77176689453558
3434,Car5b,X,11.3861012708312,11.6219338433038,12.0102904168291,8.72253458881443,6.61695454911949,5.50183434595741,3.95525210320531,1.31547055861786,2.52704011897305,1.77176689453558
3458,Cask,X,102.759563969252,93.7502663359839,113.297072932088,102.820180456025,101.705042143874,19.6002848574733,18.8635100306715,11.5103673879063,11.0558005205071,12.9929572265942
3534,Ccdc120,X,105.321436755189,120.609846773842,104.089183612519,79.031449759258,70.5808485239412,16.1616383912499,14.2997576038961,12.1681026672152,10.1081604758922,10.0400124023683
3562,Ccdc160,X,0,0.516530393035724,0,0,0,0,0,0,0,0
3589,Ccdc22,X,0,0,0,0,0,0,0,0,0,0
3684,Ccnb3,X,0,0,0,0,0,0,0,0,0,0
3788,Cd40lg,X,0,0,0,0,0.245072390708129,0,0,0,0,0
3819,Cd99l2,X,83.118539277068,77.4795589553586,94.4809512790559,80.3530459090784,76.9527306823526,5.84569899257974,7.30200388284057,4.93301459481698,2.84292013384468,2.06706137695817
3901,Cdk16,X,56.9305063541561,72.0559898284835,70.4603704453976,65.2868498011262,60.7779528956161,13.4107212182712,10.9530058242608,9.53716154997949,6.63348031230425,6.79177309571971
3924,Cdkl5,X,41.559269638534,62.7584427538405,44.4380745422678,21.674176857054,25.4875286336455,5.50183434595741,10.3445055006908,9.86602918963396,3.47468016358794,3.83882827149375
3938,Cdr1,X,0,0,0,0,0,0,0,0,0,0
3950,Cdx4,X,0,0,0,0,0,0,0,0,0,0
3995,Cenpi,X,0.569305063541561,0,0,0,0,0,0,0,0,0
4071,Cetn2,X,4.83909304010327,5.4235691268751,7.60651726399179,6.34366151913777,4.41130303274633,1.37545858648935,1.82550097071014,0.986602918963396,0.631760029743262,2.36235585938077
4104,Cfp,X,4.83909304010327,8.00622109205372,4.80411616673166,5.55070382924555,4.90144781416259,0,1.52125080892512,1.64433819827233,1.89528008922979,1.47647241211298
4143,Chic1,X,5.40839810364483,0.774795589553586,1.60137205557722,1.85023460974852,1.22536195354065,0,0,0.657735279308931,0,0.295294482422596
4154,Chm,X,16.2251943109345,16.5289725771432,20.8178367225038,14.27323841806,14.2141986610715,2.40705252635637,2.73825145606521,1.97320583792679,0.631760029743262,1.18117792969038
4178,Chrdl1,X,0.284652531770781,0,0,0.264319229964074,0.245072390708129,0,0,0,0,0
4213,Chst7,X,1.13861012708312,1.29132598258931,0.800686027788609,0.264319229964074,0,0,0,0.328867639654465,0,0
4242,Cited1,X,0,0.516530393035724,0.400343013894305,0.528638459928147,1.22536195354065,0,0,0,0.315880014871631,0.590588964845192
4270,Clcn5,X,51.5221082505113,55.5270172513403,41.6356734450077,62.6436575014855,53.1807087836641,13.0668565716488,13.9955074421111,17.1011172620322,8.84464041640567,15.0600186035524
4286,Cldn2,X,1.4232626588539,0.774795589553586,0.400343013894305,1.05727691985629,3.43101346991381,0,0,0.328867639654465,0.315880014871631,0
4291,Cldn34a,X,0,0,0,0,0,0,0,0,0,0
4292,Cldn34b4,X,0,0,0,0,0,0,0,0,0,0
4293,Cldn34c4,X,0,0,0,0,0,0,0,0,0,0
4294,Cldn34d,X,0,0,0,0,0,0,0,0,0,0
4386,Cmc4,X,1.13861012708312,1.54959117910717,0.400343013894305,0,0.245072390708129,0,0,0,0,0
4410,Cnga2,X,0.853957595312342,0.516530393035724,1.60137205557722,1.32159614982037,0.735217172124388,0.687729293244676,0,0,0,0
4420,Cnksr2,X,0,0,0,0,0,0,0,0,0,0
4514,Col4a5,X,113.576360176541,137.913614940538,98.8847244318932,69.7802767105155,66.9047626633193,13.0668565716488,23.4272624574468,14.141308505142,8.21288038666241,8.56353999025528
4515,Col4a6,X,23.6261601369748,30.4752931891077,12.4106334307234,8.72253458881443,11.0282575818658,4.47024040609039,4.56375242677535,0.328867639654465,1.26352005948652,0.885883447267788
4606,Cox7b,X,0.853957595312342,0.774795589553586,3.20274411115444,0.792957689892221,1.22536195354065,0,0,0,0,0.295294482422596
4660,Cpxcr1,X,0,0,0,0,0,0,0,0,0,0
4805,Cstf2,X,4.26978797656171,6.71489510946441,8.00686027788609,7.40093843899407,5.39159259557885,0,0,0,0,0
4809,Ctag2,X,0,0,0,0,0,0,0,0,0,0
4840,Ctps2,X,55.2225911635315,58.109669216519,62.8538531814058,58.6788690520244,67.1498350540274,6.53342828582442,9.12750485355071,6.57735279308931,5.68584026768936,8.56353999025528
4884,Cul4b,X,1.99256772239546,2.58265196517862,2.80240109726013,7.66525766895814,10.2930404097414,12.7229919250265,8.51900452998066,6.57735279308931,2.21116010410142,3.54353378907115
4917,Cxcr3,X,0,0.258265196517862,0,0.264319229964074,0.245072390708129,0,0,0,0,0
4936,Cybb,X,0,0.258265196517862,0,0,0,0,0.608500323570047,0,0,0
4944,Cylc1,X,0,0,0,0,0,0,0,0,0,0
5016,Cypt1,X,0,0,0,0,0,0,0,0,0,0
5018,Cypt14,X,0,0,0,0,0,0,0,0,0,0
5019,Cypt15,X,0,0,0,0,0,0,0,0,0,0
5020,Cypt2,X,0,0,0,0,0,0,0,0,0,0
5021,Cypt3,X,0,0,0,0,0,0,0,0,0,0
5024,Cysltr1,X,0,0,0,0,0,0,0,0,0,0
5110,Dach2,X,0,0,0,0,0,0,0,0,0,0
5155,Dcaf12l1,X,0.284652531770781,0,0,0,0,1.03159393986701,0.304250161785024,0,0,0
5156,Dcaf12l2,X,0,0,0,0,0,0,0,0,0,0
5202,Dcx,X,0,0,0,0.264319229964074,0.490144781416259,0,0,0,0,0
5240,Ddx3x,X,1044.67479159877,1001.03590170323,1128.16661315415,1171.72714643074,1212.37311683312,112.787604092127,127.17656762614,152.594584799672,31.2721214722915,35.4353378907115
5341,Dgat2l6,X,0,0,0,0,0.245072390708129,0,0,0,0,0
5352,Dgkk,X,0,0,0.400343013894305,0,0,0,0,0,0,0
5395,Diaph2,X,8.25492342135264,9.55581227116089,14.8126915140893,21.9384960870181,20.831153210191,32.3232767824998,28.5995152077922,36.5043080016457,12.003440565122,9.74471791994567
5414,Dkc1,X,12.5247113979144,15.2376465945539,19.6168076808209,19.5596230173415,15.9297053960284,1.37545858648935,2.12975113249516,0.328867639654465,0.631760029743262,1.47647241211298
5428,Dlg3,X,38.1434392572846,41.8389618358936,40.0343013894305,32.5112652855811,30.6340488385162,52.6112909332177,48.9842760473888,58.2095722188404,48.6455222902312,50.4953564942639
5465,Dmrtc1a,X,0,0,0,0,0,0,0,0,0,0
5536,Dnase1l1,X,34.1583038124937,39.256309870715,32.4277841254387,26.6962422263714,30.388976447808,2.7509171729787,2.73825145606521,2.30207347758126,2.52704011897305,1.77176689453558
5567,Dock11,X,0,0,0,0,0,0,0,0,0,0
5647,Drp2,X,1.4232626588539,0,0,0.264319229964074,1.47043434424878,0,0,0,0,0.295294482422596
5701,Dusp21,X,0,0,0,0,0,0,0,0,0,0
5713,Dusp9,X,2.27722025416625,1.54959117910717,0.400343013894305,1.85023460974852,1.71550673495691,0.687729293244676,0,1.31547055861786,1.26352005948652,0.885883447267788
5733,Dynlt3,X,211.212178573919,208.420013589915,202.973908044412,229.429091608816,237.720218986885,15.4739090980052,12.778506794971,11.1814997482518,8.52876040153404,8.56353999025528
5795,Ebp,X,46.3983626786373,66.3741555050905,33.6288131671216,52.5995267628507,59.3075185513673,5.84569899257974,10.9530058242608,6.24848515343484,6.31760029743262,7.97295102541009
5815,Eda,X,2.84652531770781,4.13224314428579,4.00343013894305,3.17183075956889,3.18594107920568,0.687729293244676,2.73825145606521,0.328867639654465,0,2.06706137695817
5816,Eda2r,X,0,0.516530393035724,0,0,0,0.343864646622338,0,0,0,0
5861,Efhc2,X,0,0,0,0,0.245072390708129,0,0,0,0,0
5871,Efnb1,X,129.801554487476,142.045858084824,119.302218140503,103.084499685989,87.245771092094,11.0036686919148,7.30200388284057,7.89282335170717,10.7399205056355,6.49647861329711
5880,Egfl6,X,1470.79963165962,1443.96071373137,1717.87187262046,1774.37499074883,1802.26236126758,200.816953627445,212.366612925946,227.905274280544,213.534890053223,269.60386245183
5908,Eif1ax,X,108.452614604667,122.159437952949,106.491241695885,89.3398997278569,92.6373636876729,23.7266606169413,11.5615061478309,17.7588525413411,14.8463606989667,21.8517916992721
5920,Eif2c5,X,0,0,0,0,0.245072390708129,0,0,0,0,0
5924,Eif2s3x,X,14.232626588539,16.787237773661,26.0222959031298,17.4450691776289,12.4986919261146,42.9830808277922,43.2035229734733,34.8599698033733,15.1622407138383,17.7176689453558
5968,Elf4,X,12.5247113979144,13.9463206119645,9.60823233346331,5.28638459928147,9.80289562832517,5.84569899257974,5.78075307391545,2.30207347758126,1.26352005948652,1.77176689453558
5972,Elk1,X,13.3786689932267,13.171525022411,16.4140635696665,11.6300461184192,12.9888367075309,3.78251111284572,5.1722527503454,5.91961751378038,3.79056017845957,5.02000620118413
6008,Emd,X,19.0717196286423,20.9194809179468,25.6219528892355,15.3305153379163,14.7043434424878,6.18956363920208,5.47650291213042,4.93301459481698,4.42232020820284,5.02000620118413
6048,Enox2,X,15.3712367156222,18.5950941492861,11.6099474029348,14.8018768779881,12.2536195354065,2.06318787973403,0.912750485355071,1.97320583792679,0.947640044614893,3.83882827149375
6124,Eras,X,0,0.258265196517862,0.400343013894305,0.792957689892221,1.47043434424878,0,0,0,0.315880014871631,0.295294482422596
6137,Ercc6l,X,1.13861012708312,1.03306078607145,0.400343013894305,0.792957689892221,1.96057912566503,0,0,0.328867639654465,0.631760029743262,0.885883447267788
6194,Esx1,X,0,0,0.400343013894305,0.528638459928147,0.490144781416259,0,0,0,0,0.295294482422596
6200,Etd,X,0,0,0,0,0,0,0,0,0,0
6284,F630028O10Rik,X,0,0,0,0,0.490144781416259,0,0,0,0,0
6292,F8,X,0.284652531770781,0.774795589553586,2.40205808336583,2.90751152960481,1.22536195354065,1.03159393986701,0,0,0,0.295294482422596
6295,F8a,X,5.97770316718639,9.03928187812517,8.4072032917804,5.81502305920962,6.12680976770323,1.03159393986701,0.912750485355071,0.986602918963396,0,0.295294482422596
6296,F9,X,0,0,0,0,0,0,0,0,0,0
6342,Fam120c,X,8.8242284848942,9.81407746767876,9.60823233346331,7.66525766895814,4.90144781416259,1.37545858648935,0.304250161785024,2.30207347758126,3.15880014871631,1.18117792969038
6344,Fam122b,X,3.70048291302015,4.13224314428579,6.80583123620318,2.37887306967666,3.18594107920568,0.343864646622338,0.608500323570047,0.657735279308931,0.947640044614893,0
6345,Fam122c,X,0,0,0,0,0,0,0,0,0,0
6405,Fam199x,X,40.9899645749924,29.1839672065184,38.8332723477476,25.9032845364792,23.7720218986885,8.59661616555845,8.21475436819564,10.1948968292884,8.84464041640567,10.0400124023683
6438,Fam3a,X,43.5518373609294,47.0042657662509,46.039446597845,52.3352075328866,61.5131700677405,15.4739090980052,20.3847608395966,15.7856467034143,5.68584026768936,2.36235585938077
6443,Fam47c,X,0,0,0,0,0,0,0,0,0,0
6445,Fam50a,X,6.54700823072796,9.03928187812517,8.4072032917804,7.66525766895814,7.10709933053575,52.95515557984,52.9395281505941,40.1218520378448,45.8026021563865,49.3141785645735
6475,Fam90a1b,X,0,0,0,0,0,0,0,0,0,0.295294482422596
6482,Fancb,X,3.70048291302015,3.87397794776793,4.80411616673166,7.92957689892221,9.31275084690891,3.09478181960104,1.82550097071014,1.31547055861786,1.57940007435816,3.24823930664855
6514,Fate1,X,0.284652531770781,0,0,0.528638459928147,0.490144781416259,0,0,0,0,0.590588964845192
6645,Fgd1,X,1.4232626588539,3.09918235821434,4.80411616673166,2.90751152960481,4.90144781416259,1.03159393986701,0.304250161785024,0,0.947640044614893,0
6654,Fgf13,X,0,0,0,0,0,0,0,0,0,0
6657,Fgf16,X,0,0,0,0,0,0,0,0,0,0
6693,Fhl1,X,19.9256772239547,31.766619171697,14.0120054863007,3.17183075956889,4.1662306420382,4.81410505271273,5.78075307391545,2.95980875689019,2.52704011897305,1.77176689453558
6738,Flna,X,321.088055837441,333.678633901078,379.124834157906,479.210763924866,427.896394176394,58.4569899257974,65.109534621995,64.4580573722752,64.4395230338127,65.8506695802389
6765,Fmr1,X,43.8364898927002,40.8059010498222,63.6545392091944,42.0267575642877,44.8482474995877,10.6598040452925,12.778506794971,15.1279114241054,8.84464041640567,16.2411965332428
6766,Fmr1nb,X,0,0,0,0,0.245072390708129,0,0,0,0,0
6828,Foxo4,X,50.668150655199,64.0497687364298,58.0497370146742,59.7361459718807,67.8850522261518,6.18956363920208,7.91050420641061,3.94641167585358,10.4240404907638,6.79177309571971
6833,Foxp3,X,0,1.29132598258931,1.20102904168291,0,0.490144781416259,1.37545858648935,0,0,0,0
6837,Foxr2,X,0,0,0,0,0,0,0,0,0,0
6862,Frmpd3,X,0,0,0,0,0,0,0,0,0,0
6863,Frmpd4,X,0,0,0,0,0,0,0,0,0,0
6890,Fthl17a,X,0,0,0,0,0,0,0,0,0,0
6894,Ftsj1,X,48.6755829328035,50.1034481244652,52.4449348201539,39.1192460346829,40.6820168575495,8.94048081218079,7.30200388284057,9.53716154997949,6.63348031230425,7.97295102541009
6896,Ftx,X,11.9554063343728,9.29754707464303,13.6116624724064,8.19389612888629,13.233909098239,7.56502222569143,5.1722527503454,5.26188223447145,1.26352005948652,4.72471171876154
6901,Fundc1,X,23.341507605204,17.0455029701789,14.412348500195,16.6521114877366,18.6255016938178,0,0,0,0,0
6902,Fundc2,X,0.284652531770781,1.29132598258931,5.20445918062596,3.70046921949703,2.45072390708129,5.84569899257974,4.86800258856038,5.26188223447145,5.0540802379461,6.49647861329711
6953,G6pdx,X,53.7993285046776,58.6261996095547,56.0480219452026,50.4849729231381,62.0033148491567,11.6913979851595,8.21475436819564,8.87942627067056,7.89700037179078,4.42941723633894
6969,Gabra3,X,0,0,0,0,0,0,0,0,0,0
6977,Gabre,X,3.98513544479093,3.87397794776793,6.00514520841457,19.2953037873774,26.7128905871861,5.15796969933507,1.82550097071014,5.26188223447145,1.57940007435816,2.36235585938077
6982,Gabrq,X,1.4232626588539,0.258265196517862,0.400343013894305,0.528638459928147,0,0.343864646622338,0,0,0,0
7051,Gata1,X,0,0,0,0,0,0,0,0,0,0
7116,Gdi1,X,81.6952766182141,90.3928187812517,96.8830093624217,53.656803682707,66.4146178819031,36.1057878953455,45.3332741059685,27.2960140913206,33.7991615912645,33.9588654785985
7120,Gdpd2,X,42.4132272338463,20.9194809179468,12.8109764446177,16.1234730278085,16.1747777867365,5.84569899257974,4.25950226499033,1.31547055861786,2.84292013384468,5.02000620118413
7131,Gemin8,X,11.670753802602,13.9463206119645,12.8109764446177,15.3305153379163,14.2141986610715,8.25275151893611,6.69350355927052,6.90622043274377,5.36996025281773,10.6306013672135
7203,Gja6,X,0.284652531770781,0,0,0,0,0,0,0,0,0
7205,Gjb1,X,9.39353354843576,4.39050834080365,12.4106334307234,3.43614998953296,4.90144781416259,1.37545858648935,0.608500323570047,0.657735279308931,0,0.295294482422596
7217,Gk,X,106.175394350501,96.8494486941983,119.302218140503,181.851630215283,188.460668454551,11.3475333385372,15.2125080892512,16.4433819827233,10.4240404907638,12.1070737793264
7224,Gla,X,0,0.516530393035724,0,3.70046921949703,6.61695454911949,13.7545858648935,13.9955074421111,9.86602918963396,19.2686809071695,15.0600186035524
7250,Glod5,X,0,0,0,0,0,0,0,0,0,0
7254,Glra2,X,0,0,0,0,0,0,0,0,0,0
7256,Glra4,X,0,0,0.400343013894305,0.264319229964074,0,0,0,0,0,0
7290,Gm10112,X,0,0,0,0,0,0,0,0,0,0
7344,Gm10477,X,0,0.258265196517862,0,0,0.490144781416259,0,0,0,0,0.295294482422596
7477,Gm1141,X,0.284652531770781,0.516530393035724,0.800686027788609,0,0,0,0,0,0,0.295294482422596
8248,Gm14379,X,0.284652531770781,0,0,0.264319229964074,0.490144781416259,0,0,0,0,1.18117792969038
8261,Gm14493,X,0,0,0,0,0,0,0,0,0,0
8267,Gm14549,X,0.284652531770781,0,0,0,0.245072390708129,0,0,0,0,0
8268,Gm14565,X,0,0,0,0,0,0,0,0,0,0
8269,Gm14569,X,0,0.258265196517862,0.800686027788609,1.05727691985629,0.490144781416259,0,0,0,0,0
8271,Gm14582,X,0,0,0,0,0,0,0,0,0,0
8275,Gm14634,X,0,0.258265196517862,0.400343013894305,1.58591537978444,0,0,0,0,0,0
8276,Gm14635,X,0,0,0,0,0,0,0,0,0,0
8277,Gm14636,X,0.284652531770781,0.516530393035724,0.400343013894305,0.264319229964074,0.980289562832517,0,0,0.328867639654465,0.315880014871631,2.36235585938077
8282,Gm14662,X,0,0,0,0,0,0,0,0,0,0
8283,Gm14664,X,0,0,0,0,0,0,0,0,0,0
8284,Gm14684,X,0,0,0,0,0,0,0,0,0,0
8285,Gm14696,X,0,0,0,0,0,0,0,0,0,0
8286,Gm14697,X,0,0,0,0,0,0,0,0,0,0
8287,Gm14703,X,0,0,0,0.264319229964074,0,0,0,0,0,0
8288,Gm14705,X,0,0,0,0,0,0,0,0,0,0
8289,Gm14707,X,0,0,0,0,0,0,0,0,0,0
8290,Gm14715,X,0,0,0,0,0,0,0,0,0,0
8291,Gm14718,X,0,0,0,0,0,0,0,0,0,0
8292,Gm14762,X,0,0.258265196517862,0,0,0,0,0,0,0,0
8293,Gm14764,X,0,0,0,0.264319229964074,0,0,0,0,0,0
8294,Gm14773,X,0,0,0,0,0,0,0,0,0,0
8295,Gm14798,X,0,0,0,0,0,0,0,0,0,0
8296,Gm14808,X,0,0,0,0,0,0,0,0,0,0
8297,Gm14809,X,0,0,0,0,0,0,0,0.328867639654465,0,0
8298,Gm14812,X,0,0,0,0,0,0,0,0,0,0
8299,Gm14817,X,0,0,0,0,0,0,0,0,0,0
8300,Gm14820,X,0,0,0,0.528638459928147,0.245072390708129,0,0,0,0,0
8301,Gm14858,X,0,0.516530393035724,0,0,0,0,0,0,0,0.295294482422596
8302,Gm14862,X,0,0,0,0,0,0,0,0,0,0
8303,Gm14866,X,0.284652531770781,0,0.400343013894305,0,0,0,0,0,0,0
8304,Gm14902,X,0,0,0,0,0,0,0,0,0,0
8305,Gm14929,X,0,0,0,0,0,0,0,0,0,0
8306,Gm14936,X,0,0,0,0,0,0,0,0,0,0
8313,Gm15008,X,0,0,0,0,0,0,0,0,0,0
8314,Gm15046,X,0,0,0,0,0,0,0,0,0,0
8317,Gm15063,X,0,0,0,0,0,0,0,0,0,0
8324,Gm15138,X,0,0,0,0,0,0,0,0,0,0
8325,Gm15156,X,0,0,0,0,0,0,0,0,0,0
8326,Gm15169,X,0,0,0,0,0,0,0,0,0,0
8330,Gm15201,X,0,0,0,0.528638459928147,0.980289562832517,0,0,0,0,0
8331,Gm15202,X,0,0,0,0,0,0,0,0,0,0
8336,Gm15226,X,0,0,0,0,0,0,0,0,0,0
8337,Gm15228,X,0,0.258265196517862,0,0,0.490144781416259,0.343864646622338,0,0,0,0
8338,Gm15230,X,0.569305063541561,3.87397794776793,1.20102904168291,0.264319229964074,0.735217172124388,0,0,0.657735279308931,0.631760029743262,0
8339,Gm15232,X,0,0,1.20102904168291,0,0,0,0,0,0,0
8340,Gm15239,X,0,0,0,0,0,0,0,0,0,0
8341,Gm15241,X,0,0,0,0,0,0,0,0,0,0
8342,Gm15243,X,0,0,0,0,0,0,0,0,0,0
8343,Gm15245,X,0,0,0,0,0,0,0,0,0,0
8344,Gm15246,X,0,0,0,0,0,0,0,0,0,0
8345,Gm15261,X,0,0,0.800686027788609,0.264319229964074,0,0,0,0.328867639654465,0,0
8353,Gm15295,X,0,0,0,0,0,0,0,0,0,0
8378,Gm15384,X,0,0,0,0,0,0,0,0,0,0
8728,Gm16189,X,0,0,0,0,0,0,0,0,0,0
8943,Gm1720,X,0,0.516530393035724,0.800686027788609,1.05727691985629,0.490144781416259,0,0,0,0,0
9114,Gm20489,X,0,0,0,0,0,0,0,0,0,0.295294482422596
9230,Gm21986,X,1.4232626588539,1.80785637562503,1.20102904168291,2.11455383971259,0.735217172124388,0,0,0.328867639654465,0.315880014871631,0
9245,Gm22023,X,0,0,0,0,0,0,0,0,0,0
9267,Gm22090,X,0,0,0,0,0,0,0,0,0,0
9278,Gm22139,X,0,0,0,0,0,0,0,0,0,0
9315,Gm22248,X,0,0,0,0,0,0,0,0,0,0
9317,Gm22266,X,0,0,0,0,0,0,0,0,0,0
9349,Gm22332,X,0,0,0,0,0,0,0,0,0,0
9362,Gm22359,X,0,0,0,0,0,0,0,0,0,0
9366,Gm22364,X,0,0,0,0,0,0,0,0,0,0
9384,Gm22430,X,0,0,0,0,0,0,0,0,0,0
9398,Gm22472,X,0,0,0,0,0,0,0,0,0,0
9421,Gm22522,X,0,0,0,0,0,0,0,0,0,0
9428,Gm22539,X,0,0,0,0,0,0,0,0,0,0
9449,Gm22590,X,0,0,0,0,0,0,0,0,0,0
9451,Gm22592,X,0,0,0,0,0,0,0,0,0,0
9484,Gm22686,X,0,0,0,0,0,0,0,0,0,0
9518,Gm22783,X,0,0,0,0,0,0,0,0,0,0
9520,Gm22785,X,0,0,0,0,0,0,0,0,0,0
9598,Gm23000,X,0,0,0,0,0,0,0,0,0,0
9631,Gm23082,X,0,0,0,0,0,0,0,0,0,0
9649,Gm23124,X,0,0,0,0,0,0,0,0,0,0
9670,Gm23199,X,0,0,0,0,0,0,0,0,0,0
9700,Gm23258,X,0,0,0,0,0,0,0,0,0,0
9710,Gm23277,X,0,0,0,0,0,0,0,0,0,0
9712,Gm23280,X,0,0,0,0,0,0,0,0,0,0
9725,Gm23320,X,0,0,0,0,0,0,0,0,0,0
9727,Gm23322,X,0,0,0,0,0,0,0,0,0,0
9730,Gm23325,X,0,0,0,0,0,0,0,0,0,0
9755,Gm23378,X,0,0,0,0,0,0,0,0,0,0
9760,Gm23404,X,0,0,0,0,0,0,0,0,0,0
9778,Gm23454,X,0,0,0,0,0,0,0,0,0,0
9819,Gm23557,X,0,0,0,0,0,0,0,0,0,0
9823,Gm23586,X,0,0,0,0,0,0,0,0,0,0
9836,Gm23613,X,0,0,0,0,0,0,0,0,0,0
9838,Gm23615,X,0,0,0,0.264319229964074,0,0,0,0,0,0
9843,Gm23628,X,0,0,0,0,0,0,0,0,0,0
9851,Gm23656,X,0,0,0,0,0,0,0,0,0,0
9893,Gm23768,X,0,0,0,0,0,0,0,0,0,0
9897,Gm23786,X,0,0,0,0,0,0,0,0,0,0
9949,Gm23958,X,0,0,0,0,0,0,0,0,0,0
9959,Gm23985,X,0,0,0,0,0,0,0,0,0,0
9981,Gm24038,X,0,0,0,0,0,0,0,0,0,0
9988,Gm24061,X,0,0,0,0,0,0,0,0,0,0
10006,Gm24123,X,0,0,0,0,0,0,0,0.328867639654465,0.315880014871631,0.295294482422596
10087,Gm24281,X,0,0,0,0,0.490144781416259,0,0,0,0,0
10157,Gm24460,X,0,0,0,0,0,0,0,0,0,0
10163,Gm24470,X,0,0,0,0,0,0,0,0,0,0
10171,Gm24491,X,0,0,0,0,0,0,0,0,0,0
10183,Gm24522,X,0,0,0,0,0,0,0,0,0,0
10212,Gm24595,X,0,0,0,0,0,0,0,0,0,0
10221,Gm24622,X,0,0,0,0,0,0,0,0,0,0
10223,Gm24624,X,0,0,0,0,0,0,0,0,0,0
10246,Gm24687,X,0,0,0,0,0,0,0,0,0,0
10255,Gm24718,X,0,0,0,0,0,0,0,0,0,0
10271,Gm24763,X,0,0,0,0,0,0,0,0,0,0
10291,Gm24809,X,0,0,0,0,0,0,0,0,0,0
10292,Gm24812,X,0,0,0,0,0,0,0,0,0,0
10295,Gm24831,X,0,0,0,0,0,0,0,0,0,0
10327,Gm24907,X,0,0.258265196517862,0.400343013894305,0.792957689892221,0.490144781416259,0,0,0,0,0.295294482422596
10360,Gm25006,X,0,0,0,0,0,0,0,0,0,0
10389,Gm25097,X,0,0,0,0,0,0,0,0,0,0
10393,Gm25107,X,0,0,0,0,0,0,0,0,0,0
10431,Gm25170,X,0,0,0,0,0,0,0,0,0,0
10445,Gm25202,X,0,0,0,0,0,0,0,0,0,0
10454,Gm25226,X,0,0,0,0,0.245072390708129,0,0,0,0,0
10523,Gm25421,X,0,0,0,0,0,0,0,0,0,0
10525,Gm25429,X,0,0,0,0,0,0,0,0,0,0
10536,Gm25481,X,0,0,0,0,0,0,0,0,0,0
10557,Gm25520,X,0,0,0,0,0,0,0,0,0,0
10565,Gm25552,X,0,0,0,0,0,0,0,0,0,0
10595,Gm25624,X,0,0,0,0,0,0,0,0,0,0
10606,Gm25651,X,0,0,0,0,0,0,0,0,0,0
10649,Gm25770,X,0,0,0,0.528638459928147,0,0,0,0,0,0
10660,Gm25795,X,0,0,0,0,0,0,0,0,0,0
10670,Gm25812,X,0,0,0,0,0,0,0,0,0,0
10678,Gm25828,X,0,0,0,0,0,0,0,0,0,0
10709,Gm25895,X,0,0,0,0,0,0,0,0,0,0
10720,Gm25915,X,0,0,0,0,0,0,0,0,0,0
10745,Gm26000,X,0,0,0,0,0,0,0,0,0,0
10749,Gm26007,X,0,0,0,0,0,0,0,0,0,0
10760,Gm26020,X,0,0,0,0,0,0,0,0,0,0
10763,Gm26029,X,0,0,0,0,0,0,0,0,0,0
10785,Gm26099,X,0,0,0,0,0,0,0,0,0,0
10789,Gm26108,X,0,0,0,0,0,0,0,0,0,0
10792,Gm26111,X,0,0,0,0,0,0,0,0,0,0
10799,Gm26131,X,0,0,0,0,0,0,0,0,0,0
10818,Gm26174,X,0,0,0,0,0,0,0,0,0,0
10822,Gm26182,X,0,0,0,0,0,0,0,0,0,0
10852,Gm26276,X,0,0,0,0,0,0,0,0,0,0
10864,Gm26312,X,0,0,0,0,0,0,0,0,0,0
10865,Gm26314,X,0,0,0,0,0,0,0,0,0,0
10878,Gm26351,X,0,0,0,0,0,0,0,0,0,0
10885,Gm26368,X,0,0,0,0,0,0,0,0,0,0
10894,Gm26401,X,0,0,0,0,0,0,0,0,0,0
10903,Gm26417,X,0,0,0,0,0,0,0,0,0,0
10910,Gm26437,X,0,0,0,0,0,0,0,0,0,0
10913,Gm26441,X,0,0,0,0,0,0,0,0,0,0
10931,Gm26487,X,0,0,0,0,0,0,0,0,0,0
10983,Gm26618,X,0,0,0,0,0,0,0,0,0,0
11033,Gm26726,X,0,0,0,0,0,0,0,0,0,0
11116,Gm26952,X,0,0,0,0,0,0,0,0,0,0
11133,Gm26992,X,0,0,0,0,0,0,0,0,0,0
11168,Gm27191,X,0,0,0,0,0,0,0,0,0,0
11204,Gm27414,X,0,0,0,0,0,0,0,0,0,0
11288,Gm28269,X,0.569305063541561,0.258265196517862,1.60137205557722,2.90751152960481,5.63666498628697,0,0,0,0.947640044614893,0.295294482422596
11356,Gm28579,X,0,0,0,0,0,0,0,0,0,0
11385,Gm28730,X,0.284652531770781,0.516530393035724,1.20102904168291,0.792957689892221,0,0,0,0,0,0
11722,Gm36995,X,0,1.03306078607145,0,0,0,0,0,0.328867639654465,0,0.295294482422596
11814,Gm379,X,0,0,0,0,0,0,0,0,0,0
11854,Gm382,X,0,0,0,0,0,0,0,0,0,0
12420,Gm5127,X,0,0,0,0,0,0,0,0,0,0
12473,Gm5938,X,0,0,0,0,0,0,0,0,0,0
12474,Gm5941,X,0,0,0,0,0,0,0,0,0,0
12483,Gm614,X,0,0,0,0.528638459928147,0,0,0,0,0,0
12491,Gm6377,X,0.569305063541561,0,0,1.05727691985629,1.47043434424878,0,0.304250161785024,0,0.315880014871631,0.295294482422596
12492,Gm648,X,0,0,0,0.792957689892221,0,0,0,0,0,0
12503,Gm6760,X,0,0,0,0,0,0,0,0,0,0
12504,Gm6787,X,0,0,0,0.264319229964074,0,0,0,0,0,0.295294482422596
12508,Gm6938,X,0,0,0,0,0,0,0,0,0,0
12512,Gm7073,X,0,0,0,0,0,0,0,0,0,0
12525,Gm7598,X,0.284652531770781,0.774795589553586,1.20102904168291,0,0.980289562832517,0,0,0,0.315880014871631,0
12529,Gm773,X,0,0,0,0,0,0.343864646622338,0,0.328867639654465,0,0
12549,Gm8817,X,0,0,0,0,0,0,0,0,0,0
12554,Gm9,X,0,0,0,0,0,0,0,0,0,0
12674,Gnl3l,X,17.6484569697884,19.1116245423218,20.0171506947152,11.6300461184192,12.4986919261146,6.18956363920208,8.51900452998066,4.93301459481698,9.79228046102056,7.67765654298749
12731,Gpc3,X,7.4009658260403,6.45662991294655,10.0085753473576,4.75774613935333,5.8817373769951,2.06318787973403,0,0.328867639654465,0.631760029743262,1.18117792969038
12732,Gpc4,X,25.6187278593703,23.2438676866076,26.8229819309184,31.1896691357607,31.3692660106406,8.94048081218079,8.21475436819564,15.7856467034143,5.0540802379461,6.49647861329711
12742,Gpkow,X,91.6581152301914,116.219338433038,97.283352376316,95.9478804769588,90.6767845620079,15.8177737446275,22.8187621338768,15.4567790637599,13.8987206543518,17.1270799805106
12744,Gpm6b,X,17.6484569697884,17.0455029701789,21.6185227502924,21.9384960870181,20.3410084287747,5.50183434595741,7.30200388284057,5.59074987412591,7.89700037179078,8.56353999025528
12750,Gpr101,X,0,0,0,0,0,0,0,0,0,0
12753,Gpr119,X,0,0,0,0,0,0,0,0,0,0
12762,Gpr143,X,0,0,0,0,0,0,0,0,0,0
12777,Gpr165,X,0,0,0,0,0,0,0,0,0,0
12780,Gpr173,X,0,0,0,0,0,0,0,0,0,0
12781,Gpr174,X,0,0,0,0,0,0,0,0,0,0
12797,Gpr34,X,0,0.516530393035724,0,0.528638459928147,0.735217172124388,0,0,0,0,0.295294482422596
12804,Gpr50,X,0,0,0,1.58591537978444,0.245072390708129,0,0,0,0.631760029743262,0
12813,Gpr82,X,0,0,0,0,0,0,0,0,0,0
12820,Gprasp1,X,95.3585981432115,106.405260965359,112.4963869043,84.5821535885036,79.4034545894339,25.445983850053,21.2975113249516,18.7454554603045,10.7399205056355,15.9459020508202
12821,Gprasp2,X,6.54700823072796,7.489690699018,6.40548822230887,3.43614998953296,3.43101346991381,1.03159393986701,0.912750485355071,0.657735279308931,0.631760029743262,0
12867,Gria3,X,0,0,0,0,0,0,0.304250161785024,0,0,0
12892,Gripap1,X,55.791896227073,62.2419123608047,68.8589983898204,56.8286344422759,58.817373769951,3.78251111284572,3.34675177963526,3.94641167585358,4.73820022307447,6.79177309571971
12909,Grpr,X,0,0,0,0,0,0,0,0,0,0
12930,Gspt2,X,4.26978797656171,3.61571275125007,4.40377315283735,2.11455383971259,2.94086868849755,0.687729293244676,1.21700064714009,0,0,0.885883447267788
12996,Gucy2f,X,0,0,0,0,0,0,0,0,0,0
13085,Haus7,X,9.96283861197733,7.23142550250014,16.0137205557722,10.0441307386348,10.0479680190333,2.06318787973403,2.12975113249516,2.63094111723572,1.57940007435816,2.95294482422596
13101,Hccs,X,45.2597525515541,30.2170279925899,45.2387605700564,38.8549268047188,29.1636144942674,3.43864646622338,3.34675177963526,3.28867639654465,3.79056017845957,3.24823930664855
13102,Hcfc1,X,144.034181076015,146.436366425628,135.716281710169,142.996703410564,139.201117922217,46.0778626473933,51.418277341669,50.6456165067877,45.4867221415149,44.8847613282346
13121,Hdac6,X,48.6755829328035,60.1757907886618,71.2610564731862,94.0976458672102,106.606489958036,5.84569899257974,3.04250161785024,1.31547055861786,5.68584026768936,5.90588964845192
13123,Hdac8,X,0.569305063541561,0.258265196517862,1.60137205557722,1.32159614982037,0.980289562832517,0,0,0.328867639654465,0.315880014871631,0.885883447267788
13133,Hdx,X,0,0,0,0,0,0,0,0,0,0
13161,Heph,X,0.284652531770781,0.516530393035724,3.60308712504874,1.85023460974852,0.980289562832517,0.343864646622338,0,0,0,0
13243,Hmgb3,X,70.3091753473828,64.3080339329477,81.2696318205438,82.7319189787551,76.7076582916445,1.03159393986701,0.912750485355071,0.328867639654465,0.947640044614893,0.295294482422596
13253,Hmgn5,X,29.3192107723904,33.8327407438399,25.2216098753412,23.7887306967666,25.7326010243536,3.78251111284572,4.25950226499033,6.24848515343484,1.57940007435816,5.61059516602932
13278,Hnrnph2,X,629.366747745196,607.439742210011,586.102172341262,520.180244569297,446.76696826092,0,0,0,0,0
13356,Hprt,X,74.2943107921738,81.0952717066087,75.6648296260236,76.6525766895814,64.6991111469461,6.18956363920208,8.51900452998066,8.22169099136164,6.94936032717588,5.90588964845192
13384,Hs6st2,X,0,0,0,0,0,0,0,0,0,0
13392,Hsd17b10,X,81.6952766182141,101.756487428038,86.0737479872755,94.6262843271384,98.7641734553761,11.6913979851595,17.0380090599613,14.7990437844509,11.6875605502503,17.1270799805106
13410,Hsf3,X,0,0,0.400343013894305,0,0,0,0,0,0,0
13441,Htatsf1,X,37.5741341937431,47.0042657662509,51.6442487923653,61.057742121701,65.9244731004868,7.90888687231377,12.1700064714009,11.1814997482518,10.1081604758922,14.7647241211298
13448,Htr2c,X,0,0,0,0,0,0,0,0,0,0
13464,Huwe1,X,255.33332099839,269.37059996813,315.069951934818,314.275564427284,320.799759436941,26.1337131432977,31.6420168256424,39.1352491188814,29.6927213979333,37.2071047852471
13508,Idh3g,X,127.808986765081,130.165659045002,118.901875126608,135.067126511642,139.936335094342,3.09478181960104,2.12975113249516,5.91961751378038,3.79056017845957,5.31530068360673
13513,Ids,X,245.655134918184,282.283859794023,246.210953544997,176.300926386037,158.56183678816,24.414389910186,34.6845184434927,24.6650729740849,15.7940007435816,15.9459020508202
13570,Igbp1,X,20.779634819267,27.1178456343755,25.2216098753412,21.1455383971259,20.5860808194829,7.90888687231377,9.73600517712075,6.57735279308931,6.31760029743262,5.90588964845192
13701,Igsf1,X,0.569305063541561,1.54959117910717,0.400343013894305,2.90751152960481,0.980289562832517,0,0,0,0,0
13717,Ikbkg,X,48.9602354645743,53.7191608757153,55.247335917414,42.0267575642877,47.7891161880852,19.2564202108509,17.6465093835314,21.0475289378858,10.7399205056355,17.7176689453558
13731,Il13ra1,X,2.56187278593703,2.0661215721429,6.40548822230887,4.22910767942518,4.41130303274633,0,0.304250161785024,0,0,0.295294482422596
13732,Il13ra2,X,0,0,0,0.264319229964074,0,0,0,0,0,0
13758,Il1rapl1,X,0,0,0,0,0,0,0,0,0,0
13759,Il1rapl2,X,0,0,0,0,0,0,0,0,0,0
13778,Il2rg,X,0.569305063541561,1.29132598258931,0.400343013894305,0.792957689892221,0,0,0,0,0,0
13902,Iqsec2,X,17.3638044380176,21.4360113109825,22.0188657641868,19.2953037873774,19.3607188659422,3.78251111284572,6.99775372105554,3.94641167585358,5.0540802379461,3.83882827149375
13905,Irak1,X,44.4057949562418,57.3348736269654,66.8572833203489,66.0798074910184,66.9047626633193,8.94048081218079,6.38925339748549,9.20829391032503,10.1081604758922,12.402368261749
13929,Irs4,X,0,0,0.400343013894305,0,0.245072390708129,0,0,0,0,0
13978,Itgb1bp2,X,0,1.54959117910717,0.400343013894305,0,0.735217172124388,0,0,0.657735279308931,0,0
13996,Itm2a,X,6.26235569895718,7.74795589553586,6.00514520841457,6.60798074910184,6.61695454911949,0.343864646622338,0.608500323570047,0.657735279308931,0,0
14024,Jade3,X,57.2151588859269,42.6137574254472,54.0463068757311,82.9962382087191,83.0795404500558,11.0036686919148,10.3445055006908,4.60414695516252,12.3193205799936,16.831785498088
14054,Jpx,X,18.21776203333,18.0785637562503,26.4226389170241,4.75774613935333,10.7831851911577,0,1.21700064714009,0.986602918963396,0,0.295294482422596
14072,Kantr,X,8.25492342135264,10.8471382537502,8.00686027788609,4.75774613935333,4.41130303274633,0,0,0,0,0
14115,Kcnd1,X,0,0,0.400343013894305,1.05727691985629,0,0.343864646622338,0.304250161785024,0,0,0.295294482422596
14120,Kcne1l,X,0.569305063541561,0,0,0,0,0,0,0,0,0
14199,Kctd12b,X,7.4009658260403,2.58265196517862,3.20274411115444,3.70046921949703,2.69579629778942,1.37545858648935,0.304250161785024,0.328867639654465,0.631760029743262,0.590588964845192
14232,Kdm5c,X,105.036784223418,93.2337359429482,110.494671834828,89.0755804978928,85.7753367478453,55.7060727528187,57.1990304155844,59.5250427774582,16.4257607733248,17.4223744629332
14283,Kif4,X,4.55444050833249,0.774795589553586,1.20102904168291,1.32159614982037,0.980289562832517,0,0,0,0,0
14298,Kis2,X,0,0,0,0,0,0,0,0,0,0
14324,Klf8,X,1.99256772239546,5.94009951991083,3.20274411115444,3.17183075956889,4.90144781416259,3.09478181960104,3.95525210320531,5.59074987412591,3.15880014871631,4.72471171876154
14340,Klhl13,X,16.5098468427053,12.9132598258931,19.2164646669266,10.837088428527,14.7043434424878,8.59661616555845,4.56375242677535,8.22169099136164,4.42232020820284,4.72471171876154
14342,Klhl15,X,18.21776203333,10.8471382537502,14.412348500195,19.0309845574133,13.7240538796552,2.40705252635637,4.86800258856038,5.26188223447145,2.52704011897305,2.06706137695817
14359,Klhl34,X,0,0,0,0,0,0,0,0,0,0
14363,Klhl4,X,0,0,0,0,0,0,0,0,0,0
14525,L1cam,X,22.4875500098917,22.2108069005361,19.6168076808209,18.5023460974852,20.0959360380666,5.84569899257974,2.43400129428019,1.97320583792679,2.84292013384468,1.77176689453558
14539,Lage3,X,21.6335924145793,19.6281549353575,15.2130345279836,20.6168999371978,19.8508636473585,0,0.912750485355071,0.328867639654465,0.315880014871631,0
14554,Lamp2,X,163.675205768199,158.574830661967,191.363960641478,198.503741703019,167.139370462944,28.540765669654,33.4675177963526,24.9939406137394,19.5845609220411,29.234153759837
14564,Lancl3,X,0.853957595312342,0.516530393035724,0.400343013894305,0,0,0,0,0,0,0
14577,Las1l,X,53.5146759729068,59.1427300025904,48.4415046812109,53.1281652227788,45.8285370624202,8.59661616555845,15.5167582510362,7.5639557120527,14.2146006692234,13.5835461914394
14643,Ldoc1,X,0,0,0,0,0,0,0,0,0,0
14687,Lhfpl1,X,0,0,0,0,0,0,0,0,0,0
14791,Lonrf3,X,0,0,0.400343013894305,0.264319229964074,0,0,0,0,2.21116010410142,2.36235585938077
14802,Lpar4,X,11.9554063343728,9.29754707464303,10.0085753473576,18.7666653274492,25.9776734150617,0,0.608500323570047,2.95980875689019,0.631760029743262,0.885883447267788
14821,Lrch2,X,0,0,0.400343013894305,0,0,0,0,0,0,0
15066,Magea10,X,0,0,0,0,0,0,0,0,0,0
15067,Magea4,X,0,0,0,0.528638459928147,0.245072390708129,0,0,0,0,0
15068,Mageb18,X,0,0,0,0,0,0,0,0,0,0
15069,Mageb5,X,0,0,0,0,0,0,0,0,0,0
15070,Maged1,X,235.407643774436,259.556522500451,245.009924503314,273.041764552888,293.351651677631,158.521602092898,161.861086069633,162.78948162896,174.36576820914,169.794327392993
15071,Maged2,X,46.3983626786373,42.0972270324115,34.8298422088045,65.2868498011262,66.4146178819031,6.18956363920208,6.08500323570047,4.93301459481698,7.89700037179078,8.85883447267788
15072,Magee1,X,7.11631329426952,6.97316030598227,6.80583123620318,3.96478844946111,4.1662306420382,0,2.43400129428019,1.31547055861786,1.26352005948652,0.590588964845192
15073,Magee2,X,0,0,0,0,0,0,0,0,0,0
15074,Mageh1,X,19.3563721604131,28.150906420447,26.0222959031298,33.0399037455092,28.1833249314349,8.94048081218079,9.12750485355071,5.91961751378038,11.6875605502503,8.56353999025528
15079,Magix,X,10.2474911437481,12.1384642363395,17.2147495974551,15.8591537978444,12.9888367075309,1.37545858648935,0.912750485355071,1.64433819827233,1.26352005948652,0.295294482422596
15082,Magt1,X,37.0048291302015,34.8658015299114,45.2387605700564,34.3614998953296,36.7608586062194,16.5055030378722,16.4295087363913,11.1814997482518,9.47640044614893,11.8117792969038
15096,Mamld1,X,2.84652531770781,1.54959117910717,2.80240109726013,4.22910767942518,5.8817373769951,0,0.608500323570047,0,0,2.36235585938077
15116,Maoa,X,9.67818608020654,9.29754707464303,10.8092613751462,9.77981150867073,14.2141986610715,1.71932323311169,0.912750485355071,2.30207347758126,0,1.18117792969038
15117,Maob,X,144.318833607786,138.171880137056,166.142350766136,137.710318811282,124.006629698313,12.0352626317818,6.69350355927052,5.91961751378038,6.63348031230425,7.67765654298749
15137,Map3k15,X,3.41583038124937,5.68183432339296,4.00343013894305,4.75774613935333,3.92115825133007,0,1.21700064714009,0,0,0.295294482422596
15157,Map7d2,X,0,0,0,0,0,0,0,0,0,0
15233,Mbnl3,X,1.70791519062468,5.4235691268751,2.40205808336583,6.34366151913777,6.86202693982762,1.03159393986701,0.304250161785024,0.328867639654465,0,0.590588964845192
15241,Mbtps2,X,13.9479740567683,17.8202985597325,18.415778639138,13.2159614982037,14.2141986610715,12.0352626317818,10.0402553389058,10.8526321085974,7.58112035691915,10.3353068847909
15255,Mcf2,X,0,0,0,0,0,0,0,0,0,0
15308,Mecp2,X,76.57153104634,74.1221114006264,110.494671834828,67.4014036408388,65.1892559283624,14.4423151581382,18.5592598688864,13.8124408654875,12.6352005948652,15.6506075683976
15313,Med12,X,55.791896227073,64.8245643259834,70.0600274315033,54.7140806025633,67.3949074447356,8.94048081218079,6.38925339748549,8.22169099136164,5.0540802379461,5.90588964845192
15317,Med14,X,37.0048291302015,28.9257020100005,40.4346444033248,21.9384960870181,28.428397322143,5.15796969933507,6.99775372105554,8.5505586310161,3.79056017845957,3.54353378907115
15474,Mid1ip1,X,0.569305063541561,0.258265196517862,37.6322433060646,0.264319229964074,2.45072390708129,1.71932323311169,1.82550097071014,0.657735279308931,2.84292013384468,4.72471171876154
15475,Mid2,X,56.9305063541561,46.2294701766973,51.6442487923653,40.7051614144674,42.1524512017982,24.414389910186,25.861263751727,22.0341318568492,23.3751211005007,24.2141475586529
15501,Mir105,X,0,0,0,0,0,0,0,0,0,0
15502,Mir106a,X,0,0,0,0,0,0,0,0,0,0
15516,Mir1198,X,0,0,0,0,0,0,0,0,0,0
15533,Mir1264,X,0,0,0,0,0,0,0,0,0,0
15542,Mir1298,X,0,0,0,0,0,0,0,0,0,0
15608,Mir188,X,0,0,0,0,0,0,0,0,0,0
15617,Mir18b,X,0,0,0,0,0,0,0,0,0,0
15624,Mir1906-2,X,0,0,0,0,0,0,0,0,0,0
15629,Mir1912,X,0,0,0,0,0,0,0,0,0,0
15677,Mir1970,X,0,0,0,0,0,0,0,0,0,0
15687,Mir19b-2,X,0,0,0,0,0,0,0,0,0,0
15694,Mir201,X,0,0,0,0,0,0,0,0,0,0
15704,Mir20b,X,0,0,0,0,0,0,0,0,0,0
15709,Mir2137,X,0,0,0,0,0,0,0,0,0,0
15727,Mir221,X,0.569305063541561,0,0.400343013894305,0,0.490144781416259,0,0,0,0,0
15728,Mir222,X,0,0,0,0,0,0,0,0,0,0
15729,Mir223,X,0,0,0,0,0,0,0,0,0,0
15730,Mir224,X,0,0,0,0,0,0,0,0,0,0
15832,Mir3112,X,0,0,0,0,0,0,0,0,0,0
15833,Mir3113,X,0,0,0,0,0,0,0,0,0,0
15836,Mir322,X,0,0,0,0,0,0,0,0,0,0
15839,Mir325,X,0,0,0,0,0,0,0,0,0,0
15873,Mir3475,X,0,0,0,0,0,0,0,0,0,0
15878,Mir351,X,0,0,0.400343013894305,0,0,0,0,0,0,0
15884,Mir361,X,0,0,0,0,0,0,0,0,0,0
15885,Mir362,X,0,0,0,0,0,0,0,0,0,0
15886,Mir3620,X,0,0,0,0,0,0,0,0,0,0
15887,Mir363,X,0,0,0,0,0,0,0,0,0,0
15893,Mir374b,X,0,0,0,0,0,0,0,0,0,0
15894,Mir374c,X,0,0,0,0,0,0,0,0,0,0
15909,Mir384,X,0,0,0,0,0,0,0,0,0,0
15926,Mir421,X,0,0,0,0,0,0,0,0,0,0
15934,Mir448,X,0,0,0,0,0,0,0,0,0,0
15938,Mir450-1,X,0,0,0,0,0,0,0,0,0,0
15939,Mir450-2,X,0,0,0,0,0,0,0,0,0,0
15940,Mir450b,X,0,0,0,0,0,0,0,0,0,0
15941,Mir452,X,0,0,0,0,0,0,0,0,0,0
15944,Mir463,X,0,0,0,0,0,0,0,0,0,0
15945,Mir465,X,0,0,0,0,0,0,0,0,0,0
15946,Mir465d,X,0,0,0,0,0,0,0,0,0,0
15964,Mir470,X,0,0,0,0,0,0,0,0,0,0
15965,Mir471,X,0,0,0,0,0,0,0,0,0,0
15983,Mir500,X,0,0,0,0,0,0,0,0,0,0
15984,Mir501,X,0,0,0,0,0,0,0,0,0,0
15985,Mir503,X,0,0,0,0,0.245072390708129,0,0,0,0,0
15986,Mir504,X,0,0,0,0,0,0,0,0,0,0
15988,Mir505,X,0,0,0,0,0,0,0,0,0,0
15989,Mir509,X,0,0,0,0,0,0,0,0,0,0
16004,Mir5116,X,0,0,0,0,0,0,0,0,0,0
16017,Mir5132,X,0,0,0,0,0,0,0,0,0,0
16022,Mir532,X,0,0,0,0,0,0,0,0,0,0
16026,Mir542,X,0,0,0,0,0,0,0,0,0,0
16030,Mir547,X,0,0,0,0,0,0,0,0,0,0
16035,Mir5617,X,0,0,0,0,0,0,0,0,0,0
16102,Mir6383,X,0,0,0,0,0,0,0,0,0,0
16103,Mir6384,X,0,0,0,0,0,0,0,0,0,0
16140,Mir652,X,0,0,0,0,0,0,0,0,0,0
16168,Mir672,X,0.569305063541561,0,0,0.264319229964074,0,0,0,0,0,0
16172,Mir676,X,0,0,0,0,0,0,0,0,0,0
16399,Mir7091,X,0,0,0,0,0,0,0,0,0,0
16400,Mir7092,X,0,0,0,0,0,0,0,0,0,0
16401,Mir7093,X,0,0,0,0,0,0,0,0,0,0
16409,Mir717,X,0,0,0,0,0,0,0,0,0,0
16410,Mir718,X,0,0,0,0,0,0,0,0,0,0
16447,Mir741,X,0,0,0,0,0,0,0,0,0,0
16448,Mir742,X,0,0,0,0,0,0,0,0,0,0
16449,Mir743,X,0,0,0,0,0,0,0,0,0,0
16458,Mir764,X,0,0,0,0,0,0,0,0,0,0
16459,Mir7646,X,0,0,0,0,0,0,0,0,0,0
16482,Mir767,X,0,0,0,0,0,0,0,0,0,0
16486,Mir7673,X,0,0,0,0,0,0,0,0,0,0
16542,Mir878,X,0,0,0,0,0,0,0,0,0,0
16544,Mir880,X,0,0,0,0,0,0,0,0,0,0
16545,Mir881,X,0,0,0,0,0,0,0,0,0,0
16547,Mir883a,X,0,0,0,0,0,0,0,0,0,0
16548,Mir883b,X,0,0,0,0,0,0,0,0,0,0
16554,Mir92-2,X,0,0,0,0,0,0,0,0,0,0
16558,Mir98,X,0,0,0,0,0,0,0,0,0,0
16570,Mirlet7f-2,X,0,0,0,0,0,0,0,0,0,0
16619,Mmgt1,X,45.5444050833249,37.1901882985721,42.036016458902,40.7051614144674,40.1918720761332,6.87729293244676,11.5615061478309,9.86602918963396,8.52876040153404,13.878840673862
16678,Morc4,X,42.6978797656171,44.6798789975901,35.6305282365931,44.1413114040003,37.0059309969275,20.9757434439626,16.7337588981763,16.1145143430688,13.5828406394801,17.7176689453558
16686,Mospd1,X,19.6410246921839,16.787237773661,17.6150926113494,18.7666653274492,15.194488223904,0.687729293244676,0.304250161785024,1.97320583792679,1.57940007435816,0.295294482422596
16687,Mospd2,X,26.1880329229118,34.3492711368756,42.8367024866906,29.3394345260122,26.2227458057698,24.7582545568083,18.8635100306715,22.0341318568492,15.4781207287099,15.355313085975
16706,Mpp1,X,13.9479740567683,21.4360113109825,21.6185227502924,17.4450691776289,12.0085471446983,1.03159393986701,0.608500323570047,0.986602918963396,1.26352005948652,1.18117792969038
16875,Msl3,X,23.0568550734332,28.4091716169648,21.2181797363981,26.9605614563355,21.0762256008991,5.50183434595741,5.1722527503454,1.31547055861786,3.15880014871631,2.06706137695817
16882,Msn,X,623.38904457801,858.215248028855,521.246604090385,410.487764134206,367.363513671486,82.8713798359834,119.570313581514,73.0086160032913,60.3330828404815,59.3541909669418
16909,Mtcp1,X,1.70791519062468,1.03306078607145,3.60308712504874,0.528638459928147,1.71550673495691,1.03159393986701,2.43400129428019,0.657735279308931,0,0.295294482422596
16928,Mtm1,X,55.5072436953022,50.619978517501,60.8521381119343,51.5422498429944,51.9553468301234,3.78251111284572,5.78075307391545,4.93301459481698,6.94936032717588,5.61059516602932
16929,Mtmr1,X,34.1583038124937,34.0910059403578,48.8418476951052,37.7976498848625,37.7411481690519,5.84569899257974,6.38925339748549,5.26188223447145,5.68584026768936,6.49647861329711
17000,Mycs,X,0,0,0,0,0,0,0,0,0,0
17093,n-R5s7,X,0,0,0,0,0,0,0,0,0,0
17103,Naa10,X,16.2251943109345,10.0723426641966,15.6133775418779,11.6300461184192,16.1747777867365,2.40705252635637,3.04250161785024,2.95980875689019,1.89528008922979,2.65765034180336
17146,Nap1l2,X,0,0,0,0,0,0,0,0,0,0
17147,Nap1l3,X,1.4232626588539,2.58265196517862,3.20274411115444,2.37887306967666,1.47043434424878,0.343864646622338,1.21700064714009,1.64433819827233,0.947640044614893,0.885883447267788
17232,Ndp,X,0,0,0,0,0,0,0,0,0,0
17241,Ndufa1,X,0,0,0.800686027788609,0,0,0,0.304250161785024,0,0,0.295294482422596
17264,Ndufb11,X,129.232249423934,142.304123281342,125.707706362812,181.587310985319,148.758941159835,28.540765669654,28.9037653695772,25.3228082533938,34.1150416061362,34.8447489258663
17404,Nhs,X,0,0.258265196517862,1.20102904168291,0.264319229964074,0,0,0,0,0,0.295294482422596
17406,Nhsl2,X,0.853957595312342,0.258265196517862,0.400343013894305,0,0.245072390708129,0.343864646622338,0,0,0,0
17434,Nkap,X,25.903380391141,20.9194809179468,24.8212668614469,20.6168999371978,14.2141986610715,3.78251111284572,5.47650291213042,3.28867639654465,3.15880014871631,2.65765034180336
17442,Nkrf,X,1.70791519062468,0.258265196517862,1.20102904168291,0.792957689892221,1.47043434424878,0,0,0,0,0
17461,Nlgn3,X,0.284652531770781,0.516530393035724,2.80240109726013,2.64319229964074,4.41130303274633,0,0.912750485355071,0.328867639654465,2.21116010410142,2.65765034180336
17556,Nox1,X,0,0,0,0,0,0,0,0,0,0
17615,Nr0b1,X,0,0,0,0,0,0,0,0,0,0
17663,Nrk,X,0,0,0,0,0,0,0,0,0,0
17680,Nsdhl,X,53.230023441136,50.8782437140188,78.0668877093894,71.630511320264,66.4146178819031,13.4107212182712,20.0805106778116,15.7856467034143,14.8463606989667,17.1270799805106
17737,Nudt10,X,1.4232626588539,1.54959117910717,2.00171506947152,0.264319229964074,0.980289562832517,2.7509171729787,2.43400129428019,3.28867639654465,1.26352005948652,2.36235585938077
17777,Nup62cl,X,0,0,0,0,0,0,0,0,0,0
17794,Nxf2,X,0,0,0,0,0,0,0,0,0,0
17795,Nxf3,X,0.284652531770781,0.516530393035724,0.400343013894305,0,0.490144781416259,0,0.608500323570047,0,0,0.885883447267788
17796,Nxf7,X,0,0,0,0,0,0,0,0,0,0
17808,Nxt2,X,29.6038633041612,31.2500887786613,35.2301852226988,39.383565264647,28.428397322143,1.71932323311169,3.04250161785024,0.986602918963396,3.15880014871631,5.61059516602932
17812,Nyx,X,0,1.54959117910717,3.20274411115444,3.17183075956889,3.18594107920568,0,0,0,0,0
17838,Ocrl,X,173.922696911947,135.589228171878,159.736862543828,136.388722661462,139.446190312926,27.1653070831647,17.6465093835314,24.6650729740849,22.4274810558858,15.0600186035524
17851,Ofd1,X,47.2523202739496,50.619978517501,46.039446597845,67.4014036408388,58.0821565978266,2.40705252635637,5.78075307391545,5.26188223447145,3.79056017845957,1.18117792969038
17860,Ogt,X,182.46227286507,196.798079746611,216.185227502925,103.877457375881,116.899530367778,48.1410505271273,51.418277341669,59.1961751378038,27.1656812789603,31.3012151367952
18055,Olfr1320,X,0,0,0,0,0,0,0,0,0,0
18056,Olfr1321,X,0,0,0,0,0,0,0,0,0,0
18057,Olfr1322,X,0,0,0,0,0,0,0,0,0,0
18058,Olfr1323,X,0,0,0,0,0,0,0,0,0,0
18059,Olfr1324,X,0,0,0,0,0,0,0,0,0,0
18060,Olfr1325,X,0,0,0,0,0,0,0,0,0,0
18061,Olfr1326-ps1,X,0,0,0,0,0,0,0,0,0,0
18670,Ophn1,X,36.7201765984307,23.5021328831254,32.4277841254387,33.8328614354014,30.1439040570999,7.56502222569143,4.25950226499033,4.60414695516252,6.63348031230425,6.79177309571971
18672,Opn1mw,X,0,0,0.400343013894305,0,0,0,0,0,0,0
18727,Otc,X,0,0,0,0,0,0,0,0,0,0
18744,Otud5,X,48.3909304010327,37.1901882985721,42.8367024866906,37.5333306548985,37.4960757783438,39.5444343615689,44.7247737823985,39.7929843981903,31.5880014871631,30.1200372071048
18745,Otud6a,X,0,0,0,0,0.490144781416259,0,0,0,0,0
18776,P2ry10,X,0,0.774795589553586,0,0.528638459928147,0.735217172124388,0,0.304250161785024,0,0,0
18781,P2ry4,X,0,0,0,0,0.245072390708129,0,0,0,0,0
18798,Pabpc5,X,0,0,0,0,0,0,0,0,0,0
18827,Pak3,X,0.284652531770781,0,0,0,0.245072390708129,0,0,0,0.631760029743262,0
18916,Pbdc1,X,17.3638044380176,16.787237773661,20.0171506947152,16.9164307177007,20.0959360380666,6.87729293244676,6.69350355927052,6.57735279308931,1.89528008922979,1.18117792969038
18920,Pbsn,X,0,0,0,0,0,0,0,0,0,0
18936,Pcdh11x,X,0,0,0,0,0,0,0,0,0,0
18941,Pcdh19,X,0,0,0,0,0,0,0,0,0,0
19025,Pcsk1n,X,0,0,0,0,0.980289562832517,0,0,0,0,0.295294482422596
19039,Pcyt1b,X,0,0,0,0,0,0,0,0,0,0
19090,Pdha1,X,91.3734626984206,89.876288388216,84.8727189455926,105.727691985629,85.7753367478453,17.8809616243616,18.2550097071014,11.5103673879063,15.7940007435816,16.2411965332428
19103,Pdk3,X,28.1806006453073,29.7004975995541,27.2233249448127,33.0399037455092,30.1439040570999,2.40705252635637,3.34675177963526,3.94641167585358,4.42232020820284,4.13412275391634
19124,Pdzd11,X,24.1954652005164,21.9525417040183,21.2181797363981,25.110326846587,24.9973838522292,3.78251111284572,2.43400129428019,1.31547055861786,3.15880014871631,4.42941723633894
19127,Pdzd4,X,1.99256772239546,2.0661215721429,1.20102904168291,1.32159614982037,2.69579629778942,0,0.304250161785024,0,0.631760029743262,0.295294482422596
19185,Pfkfb1,X,0.569305063541561,0.258265196517862,0.400343013894305,0,0,0,0.304250161785024,0,0.315880014871631,0
19225,Pgr15l,X,0,0,0,0,0,0,0,0,0,0
19226,Pgrmc1,X,11.670753802602,14.2045858084824,11.6099474029348,11.8943653483833,13.7240538796552,11.0036686919148,13.082756956756,4.27527931550805,4.42232020820284,5.31530068360673
19238,Phex,X,0,0.516530393035724,0,0.264319229964074,0.245072390708129,0,0,0,0,0
19254,Phf6,X,11.3861012708312,9.29754707464303,10.8092613751462,9.25117304874258,12.7437643168227,3.43864646622338,3.04250161785024,2.30207347758126,2.52704011897305,2.36235585938077
19256,Phf8,X,33.5889987489521,36.1571275125007,38.8332723477476,21.40985762709,23.7720218986885,5.15796969933507,4.86800258856038,5.59074987412591,5.0540802379461,6.79177309571971
19260,Phka1,X,85.1111069994634,82.1283324926801,81.2696318205438,96.2121997069228,89.6964949991753,3.09478181960104,8.51900452998066,9.86602918963396,7.26524034204752,7.67765654298749
19261,Phka2,X,9.96283861197733,11.3636686467859,10.4089183612519,6.87229997906592,6.61695454911949,0.343864646622338,0.912750485355071,0.328867639654465,1.26352005948652,0.590588964845192
19308,Piga,X,34.7276088760352,40.2893706567865,33.6288131671216,16.6521114877366,18.6255016938178,6.87729293244676,6.08500323570047,7.5639557120527,2.84292013384468,6.49647861329711
19349,Pim2,X,16.7944993744761,22.7273372935719,17.2147495974551,15.3305153379163,15.9297053960284,13.4107212182712,22.5145119720917,14.4701761447965,12.3193205799936,15.9459020508202
19353,Pin4,X,0.569305063541561,0,0.800686027788609,0.264319229964074,0.490144781416259,4.81410505271273,5.1722527503454,4.60414695516252,5.68584026768936,3.54353378907115
19368,Pir,X,0.284652531770781,2.32438676866076,0.400343013894305,0,1.47043434424878,0,0,0,0.631760029743262,0
19385,Pja1,X,21.0642873510378,29.958762796072,26.0222959031298,21.1455383971259,17.1550673495691,6.87729293244676,9.73600517712075,7.89282335170717,6.63348031230425,5.61059516602932
19434,Plac1,X,0,0,0,0,0,0,0,0,0,0
19447,Platr21,X,2.84652531770781,7.23142550250014,2.00171506947152,0.528638459928147,0.735217172124388,0.343864646622338,1.21700064714009,0,0,0.295294482422596
19542,Plp1,X,3.41583038124937,3.09918235821434,6.80583123620318,4.22910767942518,3.43101346991381,1.03159393986701,0,0,0,0
19557,Pls3,X,191.001848818194,201.963383676968,193.766018724843,290.751152960481,294.82208602188,159.897060679387,138.433823612186,144.37289380831,31.9038815020347,42.2271109864312
19569,Plxna3,X,11.1014487390604,12.9132598258931,11.2096043890405,13.4802807281678,13.233909098239,1.37545858648935,3.04250161785024,1.64433819827233,0,0.885883447267788
19576,Plxnb3,X,0.569305063541561,1.29132598258931,1.20102904168291,0.264319229964074,0.735217172124388,0,0,0,0,0
19599,Pnck,X,0,0.516530393035724,0.800686027788609,0,0,0,0,0.328867639654465,0,0
19609,Pnma5,X,0,0,0,0.528638459928147,0,0,0,0,0.631760029743262,0
19636,Pof1b,X,32.450388621869,29.1839672065184,31.2267550837558,26.4319229964074,23.0368047265642,0.687729293244676,1.52125080892512,0.657735279308931,0.947640044614893,0.885883447267788
19642,Pola1,X,11.670753802602,5.94009951991083,10.8092613751462,8.98685381877851,11.0282575818658,4.47024040609039,2.43400129428019,4.60414695516252,5.0540802379461,4.72471171876154
19711,Porcn,X,7.68561835781108,9.55581227116089,3.20274411115444,4.75774613935333,8.08738889336827,0.343864646622338,0.304250161785024,0.986602918963396,0,0.885883447267788
19723,Pou3f4,X,0,0,0,0,0,0,0,0,0,0
19745,Ppef1,X,0,0.258265196517862,0,0,0,0,0,0,0,0
19822,Ppp1r3f,X,0.569305063541561,0,0.400343013894305,0.264319229964074,0.735217172124388,0,0.608500323570047,0.328867639654465,0.315880014871631,0.590588964845192
19863,Pqbp1,X,14.5172791203098,17.3037681666968,14.0120054863007,16.6521114877366,21.0762256008991,0,1.21700064714009,0,0.631760029743262,0.590588964845192
19866,Praf2,X,35.5815664713476,44.6798789975901,28.0240109726013,76.3882574596173,73.5217172124388,26.47757778992,31.0335165020724,22.3629994965036,38.8532418292106,46.9518227051928
19890,Prdx4,X,56.3612012906146,44.6798789975901,42.8367024866906,55.5070382924555,62.0033148491567,3.78251111284572,4.25950226499033,4.60414695516252,2.84292013384468,6.20118413087451
19908,Prickle3,X,19.6410246921839,24.7934588657148,22.0188657641868,15.8591537978444,21.8114427730235,3.09478181960104,4.25950226499033,2.95980875689019,5.36996025281773,6.20118413087451
19945,Prkx,X,31.5964310265567,41.8389618358936,50.8435627645767,36.2117345050781,33.8199899177218,9.28434545880312,13.9955074421111,13.4835732258331,10.1081604758922,12.6976627441716
20016,Prps1,X,52.9453709093652,51.9113045000903,45.2387605700564,53.1281652227788,45.0933198902958,10.3159393986701,11.5615061478309,8.87942627067056,9.47640044614893,10.0400124023683
20019,Prps2,X,288.637667215572,333.42036870456,425.96496678354,357.095279681464,305.850343603745,85.2784323623398,77.279541093396,106.553115248047,91.9210843276446,90.9507005861596
20037,Prr32,X,0,0,0,0,0,0,0,0,0,0
20047,Prrg1,X,10.8167962072897,8.26448628857158,9.60823233346331,3.70046921949703,6.86202693982762,5.50183434595741,4.25950226499033,5.59074987412591,3.15880014871631,5.31530068360673
20049,Prrg3,X,1158.25115177531,730.115710555996,1009.66508104144,476.567571625225,463.186818438364,166.430488965212,122.004314875794,156.540996475526,50.8566823943326,57.2871295899836
20138,Psmd10,X,16.7944993744761,13.6880554154467,14.412348500195,20.0882614772696,16.6649225681528,0.687729293244676,1.21700064714009,1.64433819827233,1.89528008922979,3.83882827149375
20177,Ptchd1,X,0,0,0,0,0,0,0,0,0,0
20370,Rab33a,X,0,0,0,0,0,0,0,0,0,0
20378,Rab39b,X,0,0,0,0,0,0,0,0,0,0
20403,Rab9,X,20.4949822874962,21.4360113109825,27.2233249448127,23.2600922368385,21.0762256008991,57.0815313393081,67.8477860780602,50.9744841464421,64.7554030486844,59.0588964845192
20404,Rab9b,X,0,0,0,0,0,0,0,0,0,0
20450,Rai2,X,0.284652531770781,0,0,0.264319229964074,0,0,0,0,0,0
20483,Rap2c,X,7.11631329426952,3.87397794776793,5.60480219452027,5.28638459928147,5.14652020487072,0,0.608500323570047,2.30207347758126,0,0.295294482422596
20549,Rbbp7,X,6.26235569895718,7.23142550250014,10.0085753473576,5.81502305920962,5.8817373769951,35.0741939554785,30.1207660167173,29.2692199292474,36.3262017102376,34.8447489258663
20561,Rbm10,X,31.0271259630151,35.640597119465,35.2301852226988,30.9253499057966,37.0059309969275,12.3791272784042,13.082756956756,14.4701761447965,11.6875605502503,10.9258958496361
20577,Rbm3,X,54.6532860999899,50.1034481244652,63.6545392091944,108.37088428527,138.220828359385,16.8493676844946,17.3422592217463,15.4567790637599,28.1133213235752,50.2000620118413
20582,Rbm3os,X,0.853957595312342,0.774795589553586,0,1.58591537978444,1.71550673495691,1.03159393986701,1.82550097071014,2.30207347758126,1.26352005948652,2.06706137695817
20584,Rbm41,X,3.13117784947859,1.03306078607145,1.60137205557722,3.43614998953296,2.20565151637316,1.03159393986701,3.65100194142028,2.30207347758126,1.89528008922979,2.06706137695817
20601,Rbmx,X,131.794122209871,130.42392424152,148.126915140893,141.410788030779,138.220828359385,11.0036686919148,6.99775372105554,13.4835732258331,7.58112035691915,9.74471791994567
20602,Rbmx2,X,10.2474911437481,8.26448628857158,8.4072032917804,11.1014076584911,12.4986919261146,1.71932323311169,1.82550097071014,0,2.21116010410142,2.06706137695817
20678,Renbp,X,75.7175734510277,79.8039457240194,69.659684417609,86.9610266581803,63.9638939748218,12.0352626317818,15.8210084128212,8.22169099136164,9.79228046102056,8.26824550783269
20682,Reps2,X,70.5938278791536,106.405260965359,77.6665446954951,50.4849729231381,37.2510033876357,15.4739090980052,27.0782643988671,12.8258379465241,9.79228046102056,13.5835461914394
20731,Rgn,X,3.70048291302015,3.09918235821434,2.40205808336583,3.70046921949703,5.14652020487072,0,0.608500323570047,0,1.89528008922979,0.295294482422596
20787,Rhox1,X,0,0,0,0,0,0,0,0,0,0
20788,Rhox10,X,0,0,0,0,0,0,0,0,0,0
20789,Rhox11,X,0,0,0,0,0,0,0,0,0,0
20790,Rhox12,X,0,0,0,0,0,0,0,0,0,0
20791,Rhox13,X,0,0,0,0,0,0,0,0,0,0
20792,Rhox5,X,0,0,0,0,0,0,0,0,0,0
20793,Rhox6,X,0,0,0,0,0,0,0,0,0,0
20797,Ribc1,X,3.41583038124937,1.54959117910717,3.20274411115444,3.17183075956889,1.96057912566503,0,0,0.986602918963396,0,1.18117792969038
20829,Ripply1,X,0,0,0,0,0.245072390708129,0,0,0,0,0.295294482422596
20837,Rlim,X,192.425111477048,181.043902759021,201.77287900273,175.243649466181,173.266180230647,35.0741939554785,36.5100194142028,44.3971313533528,30.3244814276766,34.2541599610211
20872,Rnf113a1,X,0,0,0.400343013894305,0,0,0,0,0,0,0
20880,Rnf128,X,0.853957595312342,0.258265196517862,0.400343013894305,0.264319229964074,0.980289562832517,0,0,0.986602918963396,0,0
20886,Rnf138rt1,X,0,0,0,0,0,0,0,0,0,0.295294482422596
20975,Rp2,X,24.7647702640579,23.2438676866076,19.6168076808209,21.9384960870181,19.6057912566503,2.7509171729787,3.34675177963526,2.30207347758126,2.52704011897305,2.65765034180336
20988,Rpgr,X,13.9479740567683,11.3636686467859,16.0137205557722,17.7093884075929,17.6452121309853,1.37545858648935,1.52125080892512,2.30207347758126,0.947640044614893,2.06706137695817
20994,Rpl10,X,72.3017430697783,78.7708849379479,108.092613751462,118.415015023905,123.516484916897,0,0,0,0,0
21019,Rpl36a,X,0,0,4.40377315283735,0,0.245072390708129,0,0,0.328867639654465,0,0
21024,Rpl39,X,0,0,1.20102904168291,0,0,0,0,0,0,0.885883447267788
21076,Rps4x,X,959.848337131073,851.758618115909,821.103521497219,1016.0431199819,918.776392764777,95.2505071143876,82.7560440055264,77.9416305981083,112.769165309172,97.1518847170341
21081,Rps6ka3,X,80.5566664911309,103.047813410627,114.097758959877,113.128630424624,107.096634739453,38.5128404217018,33.4675177963526,30.9135581275197,44.2232020820284,40.4553440918956
21099,Rragb,X,1.70791519062468,3.87397794776793,3.20274411115444,3.70046921949703,2.45072390708129,0.343864646622338,0.304250161785024,0.328867639654465,0.631760029743262,0.885883447267788
21121,Rs1,X,0,0,0,0.264319229964074,0,0,0,0,0,0
21220,S100g,X,526.322531244174,482.439387095366,424.763937741857,557.449255994231,545.04099693488,68.7729293244676,83.0602941673114,67.4178661291654,74.8635635245766,89.7695226564692
21255,Samt3,X,0,0,0,0,0,0,0,0,0,0
21256,Samt4,X,0,0,0,0,0,0,0,0,0,0
21277,Sash3,X,0.284652531770781,0.516530393035724,0,0,0,0,0,0,0,0
21279,Sat1,X,175.06130703903,163.998399788842,151.730002265941,171.27886101672,189.686030408092,19.2564202108509,21.9060116485217,22.0341318568492,22.7433610707574,24.8047365234981
21283,Satl1,X,0,0,0,0,0,0,0,0,0,0
21353,Scml1,X,0,0,0,0,0,0,0,0,0,0
21354,Scml2,X,0,0.258265196517862,0,0,0,0.343864646622338,0,0.328867639654465,0,0
21517,Serpina7,X,0,0.258265196517862,0,0,0.245072390708129,0.343864646622338,0,0,0,0
21640,Sh3bgrl,X,95.9279032067531,79.8039457240194,85.2730619594869,95.6835612469947,88.7162054363428,31.9794121358774,24.6442631045869,23.0207347758126,24.006881130244,27.4623868653014
21654,Sh3kbp1,X,7.68561835781108,5.94009951991083,2.80240109726013,2.64319229964074,1.96057912566503,0.343864646622338,1.82550097071014,0,0.315880014871631,0
21695,Shroom2,X,31.8810835583274,25.3099892587505,34.8298422088045,32.246946055617,32.1044831827649,2.40705252635637,9.73600517712075,7.23508807239824,7.26524034204752,10.3353068847909
21697,Shroom4,X,37.0048291302015,38.2232490846436,42.8367024866906,48.6347383133896,55.1412879093291,24.414389910186,19.1677601924565,19.7320583792679,22.1116010410142,22.1470861816947
21771,Slc10a3,X,4.83909304010327,6.71489510946441,6.40548822230887,15.3305153379163,11.7634747539902,2.40705252635637,2.73825145606521,5.91961751378038,2.21116010410142,1.18117792969038
21803,Slc16a2,X,167.375688681219,149.019018390806,195.767733794315,118.415015023905,131.848946200974,38.1689757750795,53.8522786359492,58.8673074981493,26.8498012640886,26.281208935611
21868,Slc25a14,X,5.97770316718639,6.97316030598227,8.00686027788609,2.37887306967666,2.69579629778942,0.343864646622338,3.34675177963526,1.64433819827233,0.631760029743262,0
21899,Slc25a43,X,0,0,0.400343013894305,0,0,0,0,0,0,0
21905,Slc25a53,X,3.70048291302015,4.64877353732152,4.80411616673166,3.43614998953296,5.8817373769951,0.687729293244676,0,1.31547055861786,0,1.18117792969038
21959,Slc35a2,X,43.5518373609294,42.6137574254472,37.6322433060646,49.1633767733177,52.2004192208315,4.81410505271273,6.08500323570047,6.57735279308931,7.26524034204752,11.2211903320586
22000,Slc38a5,X,0,0.258265196517862,0,0.264319229964074,0,0,0,0,0,0
22072,Slc6a14,X,0,0,4.00343013894305,0,0.245072390708129,0.343864646622338,1.21700064714009,0.328867639654465,0,0
22086,Slc6a8,X,55.5072436953022,61.725381967769,49.6425337228938,47.5774613935333,60.7779528956161,9.28434545880312,13.082756956756,8.5505586310161,4.73820022307447,7.67765654298749
22096,Slc7a3,X,1.4232626588539,0.516530393035724,1.20102904168291,0.528638459928147,0.490144781416259,0.343864646622338,0,0.328867639654465,0,0
22114,Slc9a6,X,43.5518373609294,51.6530393035724,42.8367024866906,30.3967114458685,38.2312929504682,7.2211575790691,5.78075307391545,7.5639557120527,3.47468016358794,5.61059516602932
22115,Slc9a7,X,0.284652531770781,0.774795589553586,1.20102904168291,1.58591537978444,1.96057912566503,1.37545858648935,2.43400129428019,1.31547055861786,1.26352005948652,2.65765034180336
22147,Slitrk2,X,0,0,0,0,0,0,0,0,0,0
22149,Slitrk4,X,0,0,0,0,0,0,0,0,0,0
22175,Smarca1,X,0.853957595312342,0.258265196517862,0.400343013894305,3.96478844946111,1.22536195354065,0,0,0.328867639654465,0.315880014871631,0.590588964845192
22188,Smc1a,X,54.6532860999899,64.3080339329477,54.8469929035197,53.656803682707,62.493459630573,11.0036686919148,11.8657563096159,10.1948968292884,9.79228046102056,10.0400124023683
22230,Smim9,X,0,0,0,0,0,0,0,0,0,0
22246,Smpx,X,0,0,0,0,0,0,0.304250161785024,0,0,0
22249,Sms,X,90.804157634879,104.597404589734,99.2850674457876,123.965718853151,122.781267744773,20.9757434439626,22.8187621338768,22.0341318568492,24.3227611451156,20.3753192871591
22313,Snora35,X,0,0,0,0,0,0,0,0,0,0
22326,Snora69,X,0,0,0,0,0,0,0,0,0,0
22377,Snord61,X,0,0,0,0,0,0,0,0,0,0
22434,Snx12,X,20.4949822874962,28.150906420447,18.0154356252437,28.0178383761918,22.3015875544398,11.0036686919148,12.1700064714009,14.4701761447965,10.4240404907638,10.0400124023683
22493,Sowahd,X,0,0,0,0,0,0,0,0,0,0
22504,Sox3,X,0,0,0,0,0,0,0,0,0,0
22533,Spaca5,X,0,0,0,0,0,0,0,0,0,0
22614,Spin2c,X,0.853957595312342,2.0661215721429,1.60137205557722,3.96478844946111,3.43101346991381,0,0.912750485355071,0,0.315880014871631,0
22615,Spin4,X,3.41583038124937,2.84091716169648,1.20102904168291,1.32159614982037,0.490144781416259,0.343864646622338,0.608500323570047,0.328867639654465,0.315880014871631,0
22726,Srpk3,X,0.284652531770781,0.774795589553586,0,0,0.490144781416259,0,0,0,0,0
22729,Srpx,X,0,0,0,0,0,0,0,0,0,0
22730,Srpx2,X,0.284652531770781,0,0,0,0,0,0,0,0,0
22769,Ssr4,X,5.69305063541561,7.489690699018,7.20617425009748,5.55070382924555,6.86202693982762,0.687729293244676,0.608500323570047,1.31547055861786,0.947640044614893,0.590588964845192
22780,Ssxa1,X,0,0,0,0,0,0,0,0,0,0
22813,Stag2,X,0,0,8.4072032917804,0.528638459928147,0.490144781416259,0.687729293244676,0.912750485355071,0,0.315880014871631,0
22831,Stard8,X,60.0616842036347,70.7646638458942,81.6699748344381,73.2164267000484,82.5893956686396,7.56502222569143,14.2997576038961,11.5103673879063,10.1081604758922,16.5364910156654
22859,Stk26,X,2.56187278593703,2.0661215721429,4.00343013894305,3.43614998953296,4.65637542345446,0.687729293244676,0.912750485355071,0.328867639654465,0,0.295294482422596
22990,Suv39h1,X,5.69305063541561,4.64877353732152,4.00343013894305,5.55070382924555,5.39159259557885,0.343864646622338,0,0,1.26352005948652,0.885883447267788
23014,Syap1,X,69.7398702838413,71.5394594354478,78.867573737178,74.5380228498688,85.285191966429,8.94048081218079,10.9530058242608,11.1814997482518,10.1081604758922,13.878840673862
23026,Syn1,X,0,0,0,0,0,0,0,0,0.947640044614893,0
23051,Syp,X,1.13861012708312,0.516530393035724,0.800686027788609,1.85023460974852,0.490144781416259,1.03159393986701,0,0,0,0
23072,Sytl4,X,4.26978797656171,2.84091716169648,6.80583123620318,3.43614998953296,4.65637542345446,0.687729293244676,0.912750485355071,2.30207347758126,0.631760029743262,0
23073,Sytl5,X,2.27722025416625,3.35744755473221,6.80583123620318,2.37887306967666,4.90144781416259,0.343864646622338,0.608500323570047,1.64433819827233,0,0.295294482422596
23106,Taf1,X,7.97027088958186,7.23142550250014,17.6150926113494,10.0441307386348,8.08738889336827,4.12637575946806,2.73825145606521,1.97320583792679,1.89528008922979,2.06706137695817
23124,Taf7l,X,0,0,0,0,0,0,0,0,0,0
23126,Taf9b,X,54.0839810364483,42.6137574254472,41.6356734450077,42.0267575642877,39.2115825133007,7.90888687231377,12.1700064714009,9.20829391032503,4.1064401933312,8.85883447267788
23197,Taz,X,22.7722025416625,21.1777461144647,26.4226389170241,22.7314537769103,18.870574084526,6.18956363920208,4.86800258856038,4.93301459481698,5.0540802379461,3.54353378907115
23218,Tbc1d25,X,19.0717196286423,20.661215721429,23.620237819764,22.7314537769103,17.8902845216934,3.78251111284572,5.78075307391545,4.60414695516252,9.79228046102056,6.49647861329711
23227,Tbc1d8b,X,138.341130440599,121.126377166877,136.116624724064,164.670880267618,161.012560695241,13.0668565716488,13.9955074421111,19.7320583792679,19.2686809071695,19.7847303223139
23240,Tbl1x,X,31.8810835583274,37.9649838881257,35.2301852226988,34.6258191252937,34.06506230843,7.2211575790691,6.99775372105554,9.20829391032503,6.94936032717588,9.74471791994567
23258,Tbx22,X,0,0,0,0,0,0,0,0,0,0
23277,Tceal1,X,13.6633215249975,11.1054034502681,14.412348500195,13.2159614982037,11.5184023632821,7.56502222569143,8.51900452998066,8.87942627067056,6.94936032717588,6.79177309571971
23278,Tceal3,X,10.2474911437481,8.78101668160731,6.40548822230887,10.837088428527,8.82260606549266,0,0,0,0,0
23279,Tceal5,X,0,0,0.400343013894305,0,0.245072390708129,0,0,0,0,0.590588964845192
23280,Tceal7,X,0,0,0.400343013894305,0,0,0,0,0,0,0
23281,Tceal8,X,97.9204709291486,78.2543545449122,83.6716899039097,123.172761163258,139.446190312926,203.911735447046,183.158597394584,213.106230496094,237.225891168595,247.161481787713
23282,Tceanc,X,28.4652531770781,29.958762796072,26.8229819309184,21.9384960870181,22.791732335856,5.84569899257974,6.99775372105554,7.89282335170717,5.36996025281773,3.24823930664855
23313,Tcp11x2,X,0,0,0,0,0,0,0,0,0,0
23357,Tenm1,X,0,0,0,0,0,0,0,0,0,0
23381,Tex13a,X,0,0,0,0,0,0,0,0,0,0
23392,Tex28,X,0,0,0,0,0,0,0,0,0,0
23414,Tfe3,X,69.4552177520705,82.9031280822337,69.659684417609,75.330980539761,76.9527306823526,11.3475333385372,8.51900452998066,11.5103673879063,13.5828406394801,17.4223744629332
23441,Tgif2lx2,X,0,0,0,0,0,0,0,0,0,0
23520,Timm17b,X,23.9108126687456,25.0517240622326,21.2181797363981,17.4450691776289,18.870574084526,0,0.608500323570047,0.986602918963396,0.947640044614893,2.06706137695817
23525,Timm8a1,X,0,0,0,0,0,0,0,0,0,0
23530,Timp1,X,0,0,0,0.528638459928147,0.980289562832517,0,0,0,0,0
23549,Tktl1,X,1.4232626588539,2.32438676866076,2.40205808336583,11.3657268884552,11.5184023632821,0,1.21700064714009,1.31547055861786,2.21116010410142,2.36235585938077
23568,Tlr13,X,0.284652531770781,0.258265196517862,0.400343013894305,0.528638459928147,0.490144781416259,0,0,0,0,0.590588964845192
23574,Tlr7,X,0,0,0,0,0,0,0,0,0,0
23575,Tlr8,X,0,0,0,0,0,0,0,0,0,0
23694,Tmem164,X,1004.25413208731,961.263061439482,1119.75940986237,781.85628223373,785.457012219554,262.024860726222,238.532126839458,272.631273273552,193.002689086567,194.008474951646
23717,Tmem185a,X,7.68561835781108,11.1054034502681,6.80583123620318,6.60798074910184,5.63666498628697,1.71932323311169,1.21700064714009,1.97320583792679,0,1.47647241211298
23775,Tmem255a,X,0,0.258265196517862,0.400343013894305,0,0,0,0.304250161785024,0,0,0
23787,Tmem28,X,50.3834981234282,50.3617133209831,68.0583123620318,41.2337998743955,39.2115825133007,3.78251111284572,4.86800258856038,9.53716154997949,4.42232020820284,4.13412275391634
23788,Tmem29,X,0.284652531770781,0.516530393035724,2.40205808336583,0.528638459928147,0,1.37545858648935,2.12975113249516,2.95980875689019,0.947640044614893,3.54353378907115
23793,Tmem35a,X,0,0,0.400343013894305,0.528638459928147,0.735217172124388,0,0.912750485355071,0.986602918963396,0,0.885883447267788
23808,Tmem47,X,1.70791519062468,2.84091716169648,0.800686027788609,1.58591537978444,2.69579629778942,0.687729293244676,0.608500323570047,0,0,0
23879,Tmsb4x,X,19.6410246921839,25.8265196517862,100.48609648747,26.9605614563355,26.2227458057698,6.18956363920208,5.1722527503454,11.5103673879063,5.0540802379461,10.0400124023683
23940,Tnmd,X,0,0,0,0,0,0,0,0,0,0
24121,Trap1a,X,0,0,0,0,0,0,0,0,0,0
24127,Trappc2,X,7.97027088958186,14.2045858084824,10.0085753473576,11.8943653483833,13.233909098239,2.40705252635637,2.43400129428019,0.986602918963396,3.15880014871631,2.95294482422596
24212,Trex2,X,0,0,0,0,0.245072390708129,0,0,0,0,0
24305,Trmt2b,X,5.69305063541561,8.26448628857158,8.4072032917804,11.3657268884552,10.7831851911577,4.81410505271273,5.1722527503454,10.1948968292884,1.57940007435816,2.65765034180336
24335,Trpc5,X,0,0,0,0,0.490144781416259,0,0,0,0,0
24365,Tsc22d3,X,153.997019687992,69.9898682563406,122.905305265552,106.784968905486,94.5979428133379,24.7582545568083,11.2572559860459,14.4701761447965,15.1622407138383,13.878840673862
24375,Tsga8,X,0,0,0,0,0,0,0,0,0,0
24381,Tsix,X,1.99256772239546,0.258265196517862,1.60137205557722,0.528638459928147,0,0,0,0,0,0
24406,Tspan6,X,0,0,0,0,0,0,0,0,0,0
24407,Tspan7,X,16.7944993744761,17.3037681666968,14.0120054863007,9.25117304874258,9.80289562832517,2.40705252635637,2.43400129428019,1.97320583792679,1.57940007435816,1.47647241211298
24414,Tspyl2,X,79.7027088958186,77.9960893483943,74.0634575704464,82.7319189787551,92.6373636876729,10.3159393986701,18.5592598688864,11.5103673879063,15.1622407138383,19.1941413574687
24418,Tsr2,X,13.3786689932267,19.1116245423218,15.2130345279836,17.1807499476648,14.7043434424878,5.84569899257974,4.25950226499033,3.28867639654465,3.15880014871631,3.24823930664855
24431,Tsx,X,0,0,0,0.264319229964074,0.245072390708129,0,0,0,0,0
24540,Txlng,X,33.8736512807229,33.0579451542863,50.4432197506824,21.9384960870181,25.9776734150617,26.8214424365424,21.9060116485217,24.3362053344304,17.0575208030681,20.0800248047365
24575,Uba1,X,190.717196286423,183.368289527682,199.370820919364,201.675572462588,214.683414260321,30.2600889027657,19.1677601924565,22.0341318568492,15.1622407138383,13.878840673862
24591,Ube2a,X,10.8167962072897,14.979381398036,19.6168076808209,13.4802807281678,11.5184023632821,0,1.21700064714009,0,1.89528008922979,1.18117792969038
24600,Ube2dnl1,X,0,0,0,0,0,0,0,0,0,0
24601,Ube2dnl2,X,0,0,0,0,0,0,0,0,0,0
24635,Ubl4a,X,38.997396852597,34.0910059403578,36.831557278276,35.4187768151859,43.622885546047,36.1057878953455,43.2035229734733,36.5043080016457,34.4309216210078,42.5224054688538
24645,Ubqln2,X,44.9751000197834,49.0703873383938,50.8435627645767,40.7051614144674,42.3975235925064,6.18956363920208,4.25950226499033,4.93301459481698,7.26524034204752,4.72471171876154
24750,Upf3b,X,31.0271259630151,23.2438676866076,23.620237819764,19.0309845574133,27.2030353686024,7.56502222569143,8.82325469176568,12.8258379465241,3.79056017845957,4.72471171876154
24759,Uprt,X,3.70048291302015,2.32438676866076,5.20445918062596,3.43614998953296,3.92115825133007,4.12637575946806,3.04250161785024,4.93301459481698,2.21116010410142,3.54353378907115
24790,Usp11,X,47.5369728057204,42.8720226219651,54.4466498896254,39.1192460346829,39.7017272947169,4.81410505271273,4.56375242677535,6.57735279308931,3.47468016358794,7.67765654298749
24803,Usp26,X,0,0,0,0,0,0,0,0,0,0
24804,Usp27x,X,3.41583038124937,2.84091716169648,3.20274411115444,3.43614998953296,3.92115825133007,1.03159393986701,0,0,0.631760029743262,1.18117792969038
24831,Usp51,X,0,0,0.400343013894305,0,0,0.343864646622338,0,0,0,0
24839,Utp14a,X,58.9230740765516,47.5207961592866,47.6408186534223,52.8638459928147,59.3075185513673,17.1932323311169,10.0402553389058,18.7454554603045,1.57940007435816,2.06706137695817
24854,Uxt,X,0,0.774795589553586,0,0.528638459928147,0.980289562832517,0.343864646622338,0,0.986602918963396,0.947640044614893,0.590588964845192
24880,Vbp1,X,9.67818608020654,11.8801990398217,8.8075463056747,9.51549227870665,9.55782323761704,13.7545858648935,6.08500323570047,4.93301459481698,7.26524034204752,4.42941723633894
24893,Vegfd,X,0.284652531770781,0.516530393035724,0.800686027788609,0,0.245072390708129,0.343864646622338,0,0,0,0
24898,Vgll1,X,0,0,0,0,0,0,0,0,0,0
25058,Vsig1,X,0,0,1.20102904168291,0,0.245072390708129,0,0,0,0,0
25062,Vsig4,X,0,0,0,0,0,0,0,0,0,0
25095,Was,X,0,0,0,0,0.735217172124388,0,0,0,0,0.295294482422596
25116,Wdr13,X,69.7398702838413,75.1551721866979,78.867573737178,71.8948305502281,67.3949074447356,16.5055030378722,20.0805106778116,16.7722496223777,11.3716805353787,19.1941413574687
25133,Wdr45,X,79.7027088958186,98.1407746767876,68.8589983898204,78.767130529294,73.2766448217307,15.1300444513829,20.3847608395966,14.4701761447965,18.005160847683,19.7847303223139
25203,Wnk3,X,0.284652531770781,0,0,0,0.245072390708129,0,0,0,0,0
25245,Xiap,X,155.989587410388,114.411482057413,162.939606654982,119.736611173725,110.282575818658,44.7024040609039,37.4227698995579,57.5518369395314,29.0609613681901,35.1400434082889
25248,Xist,X,64.3314721801964,71.5394594354478,99.2850674457876,3.70046921949703,1.96057912566503,466.28046081989,485.887508370683,657.077544029622,0.315880014871631,0.885883447267788
25255,Xkrx,X,0,0,0,0.264319229964074,0.245072390708129,0,0,0.328867639654465,0.631760029743262,0
25260,Xpnpep2,X,0,0,0.800686027788609,0,0,0.343864646622338,0,0,0,0
25302,Yipf6,X,371.471553960869,324.639352022953,361.509741546557,287.843641430876,293.596724068339,33.3548707223668,42.5950226499033,49.6590135878243,28.7450813533184,30.1200372071048
25324,Yy2,X,0,0,0,0,0,0,0,0,0,0
25349,Zbtb33,X,1.70791519062468,1.29132598258931,2.80240109726013,2.11455383971259,0.980289562832517,0.687729293244676,0.912750485355071,1.31547055861786,0.631760029743262,1.18117792969038
25379,Zc3h12b,X,0.853957595312342,0.774795589553586,2.40205808336583,2.37887306967666,3.43101346991381,0,0.912750485355071,1.31547055861786,0.315880014871631,0.590588964845192
25395,Zc4h2,X,0.569305063541561,1.29132598258931,0.800686027788609,1.05727691985629,1.71550673495691,0.343864646622338,0.608500323570047,0,1.26352005948652,0.590588964845192
25397,Zcchc12,X,0,0.516530393035724,0.400343013894305,0.528638459928147,1.22536195354065,0,0,0,0,0
25398,Zcchc13,X,0,0,0,0,0,0,0,0,0,0
25401,Zcchc18,X,0.569305063541561,0,0.800686027788609,0,0.490144781416259,0.343864646622338,0,0,0,0
25416,Zdhhc15,X,1.70791519062468,1.54959117910717,0.800686027788609,0.792957689892221,1.47043434424878,1.03159393986701,0.304250161785024,0,0,0
25434,Zdhhc9,X,72.3017430697783,63.5332383433941,79.6682597649666,68.9873190206232,82.0992508872233,15.8177737446275,20.0805106778116,17.7588525413411,17.3734008179397,20.0800248047365
25480,Zfp182,X,9.96283861197733,7.489690699018,10.4089183612519,9.51549227870665,11.2733299725739,1.71932323311169,2.12975113249516,2.63094111723572,3.15880014871631,1.77176689453558
25482,Zfp185,X,66.3240399025919,50.1034481244652,72.0617425009748,56.8286344422759,51.4652020487072,9.62821010542546,6.69350355927052,9.20829391032503,4.42232020820284,2.95294482422596
25502,Zfp275,X,18.21776203333,16.787237773661,30.8264120698615,11.8943653483833,12.2536195354065,3.43864646622338,4.56375242677535,1.64433819827233,4.42232020820284,4.13412275391634
25505,Zfp280c,X,11.670753802602,15.2376465945539,20.0171506947152,16.3877922577726,18.870574084526,0.343864646622338,0.608500323570047,1.64433819827233,0.947640044614893,2.65765034180336
25516,Zfp300,X,0.853957595312342,0,0,0,0.245072390708129,0,0,0,0,0
25544,Zfp36l3,X,0,0,0,0.528638459928147,0,0,0,0,0,0
25574,Zfp449,X,3.13117784947859,0.516530393035724,3.60308712504874,1.05727691985629,0.980289562832517,0,0,0,0.315880014871631,0
25682,Zfp711,X,0.284652531770781,0,1.20102904168291,1.05727691985629,0.980289562832517,0,0,0,0,0
25741,Zfp92,X,1.4232626588539,0.258265196517862,1.20102904168291,0.264319229964074,1.96057912566503,0,0,0,0,0.590588964845192
25788,Zic3,X,0,0,0,0,0,0,0,0,0,0
25805,Zmat1,X,10.2474911437481,10.0723426641966,8.8075463056747,9.77981150867073,4.65637542345446,5.15796969933507,2.43400129428019,4.93301459481698,2.21116010410142,3.24823930664855
25816,Zmym3,X,81.1259715546725,77.7378241518765,76.8658586677065,71.1018728603358,85.5302643571371,17.5370969777392,18.5592598688864,15.1279114241054,15.7940007435816,21.2612027344269
25847,Zrsr2,X,57.7844639494685,49.8451829279474,58.8504230424628,53.3924844527429,53.4257811743722,8.25275151893611,7.60625404462559,8.22169099136164,9.1605204312773,8.56353999025528
25870,Zxdb,X,14.5172791203098,13.171525022411,19.6168076808209,9.77981150867073,9.80289562832517,0,0,0,0,0
