"gene_name","gene_id_mat","gene_id_pat","chromosome_mat","chromosome_pat","female_mean_rpkm","male_mean_rpkm","female_xi_mean_srpm","female_xa_mean_srpm","male_xa_mean_srpm","male_xi_mean_srpm","female_mean_srpm_xi_over_xa_ratio","female_mean_rpkm_gt_1","male_mean_rpkm_gt_1","female_xi_mean_srpm_gte_2"
"1810030O07Rik","ENSMUSG00000044148","MGP_CASTEiJ_G0034547","X","X",14.0287438914032,12.7181231026827,68.7380546812495,279.011306173756,288.277003766749,23.0729930901897,0.246362972253327,1,1,1
"2610002M06Rik","ENSMUSG00000031242","MGP_CASTEiJ_G0034979","X","X",2.88664270778366,2.13498358886293,46.1138518652397,126.320196840704,93.7868414120901,33.7168780610385,0.365055256550871,1,1,1
"5530601H04Rik","ENSMUSG00000087174","MGP_CASTEiJ_G0015101","X","X",1.76137008739402,1.16523711791281,98.2076340024068,60.3970345670508,43.3968011695122,61.5279815738393,1.62603403803509,1,1,1
"Abcb7","ENSMUSG00000031333","MGP_CASTEiJ_G0034953","X","X",5.46010265555134,5.31263306039923,38.1326815716244,284.671526901156,292.819382587866,21.2877699416976,0.13395326883136,1,1,1
"Abcd1","ENSMUSG00000031378","MGP_CASTEiJ_G0034779","X","X",6.09254477238837,5.57666826116196,92.9483747090263,162.451102149494,223.232975040872,10.5409584670379,0.572162167440954,1,1,1
"Ace2","ENSMUSG00000015405","MGP_CASTEiJ_G0035210","X","X",16.3344050904221,17.5945342907555,74.4436758721306,540.056643629548,582.9698543111,78.9365257071199,0.137844199771006,1,1,1
"Acot9","ENSMUSG00000025287","MGP_CASTEiJ_G0035169","X","X",6.89416698999956,7.26179817427368,18.5074003732326,138.136215918648,140.449418248354,24.5494367272492,0.133979349659702,1,1,1
"Acsl4","ENSMUSG00000031278","MGP_CASTEiJ_G0035117","X","X",350.133363160546,326.003944876413,2707.58976159141,16028.0938240657,15472.5978227364,1965.44185555892,0.168927745951053,1,1,1
"Aifm1","ENSMUSG00000036932","MGP_CASTEiJ_G0034657","X","X",1.16604748110815,0.13746065975732,13.1583647045673,33.5534973886251,2.45086025194844,3.05581377792979,0.39216075010494,1,0,1
"Alg13","ENSMUSG00000041718","MGP_CASTEiJ_G0035125","X","X",1.84442571242876,1.55047115572149,15.3187245345925,91.4776527170356,84.9907799175872,3.05581377792979,0.167458653338836,1,1,1
"Amer1","ENSMUSG00000050332","MGP_CASTEiJ_G0034881","X","X",4.47863079368775,4.26036658648792,80.9747442850744,299.847026387259,260.329633988683,101.906592293499,0.270053517824432,1,1,1
"Ammecr1","ENSMUSG00000042225","MGP_CASTEiJ_G0035119","X","X",1.37562234744979,1.51753364781957,7.69143822685603,66.9036835877186,60.9377511301265,21.3906964455085,0.114962851287129,1,1,1
"Amot","ENSMUSG00000041688","MGP_CASTEiJ_G0035129","X","X",0.694240263902165,1.20742727576059,6.56314437250379,53.2333029360634,93.3763267009192,10.6438849708488,0.123290196371744,0,1,1
"Ap1s2","ENSMUSG00000031367","MGP_CASTEiJ_G0035205","X","X",4.4157714489139,3.02016144296876,48.9128177913834,170.090091315363,117.647406101063,32.1375079201682,0.287570060155323,1,1,1
"Apln","ENSMUSG00000037010","MGP_CASTEiJ_G0034650","X","X",1.24273950928618,0.358718455831994,12.0442338464661,27.1412489884137,11.3175672814994,0,0.443761223059691,1,0,1
"Araf","ENSMUSG00000001127","MGP_CASTEiJ_G0034576","X","X",11.6932888604989,9.07906736200087,99.8256156149927,666.049122415962,536.929728791152,57.7516822692332,0.149877257180213,1,1,1
"Arhgap4","ENSMUSG00000031389","MGP_CASTEiJ_G0034786","X","X",1.33465871340438,1.47535211974421,23.2421944124828,84.9318943089422,111.783365104727,7.7939242005408,0.273656847072534,1,1,1
"Arhgap6","ENSMUSG00000031355","MGP_CASTEiJ_G0035233","X","X",2.46504388241857,2.00503228877507,69.5880779287567,298.706166111849,261.631823657243,42.2667603719625,0.232964986409755,1,1,1
"Arhgef6","ENSMUSG00000031133","MGP_CASTEiJ_G0034712","X","X",4.99492380504728,4.92344356602624,105.406682934692,304.151237120783,335.760610025355,65.8543859812067,0.346560099286507,1,1,1
"Armcx1","ENSMUSG00000033460","MGP_CASTEiJ_G0035039","X","X",6.37186375039077,6.4192087526633,81.0220316716063,125.524677892916,162.821443177817,45.5284271575141,0.645466955435849,1,1,1
"Armcx2","ENSMUSG00000033436","MGP_CASTEiJ_G0035042","X","X",0.475918223743276,1.39284767694486,7.65936226729625,13.9123207527033,40.3685486221008,22.7642135787571,0.550545261530716,0,1,1
"Armcx3","ENSMUSG00000049047","MGP_CASTEiJ_G0035041","X","X",6.51132898086702,8.77240092531911,120.17552931773,110.013862603253,154.602773978777,155.502250579279,1.09236714786684,1,1,1
"Armcx5","ENSMUSG00000072969","MGP_CASTEiJ_G0035055","X","X",1.67052644002326,1.24432505242004,7.79141607259327,62.9476521046335,49.5239517993833,3.15874028174068,0.123776118919291,1,1,1
"Armcx6","ENSMUSG00000050394","MGP_CASTEiJ_G0035040","X","X",0.498727231657429,1.08389782366365,7.31318977427377,4.77834081345499,12.4467653582298,13.6996987487785,1.53048726739647,0,1,1
"Asb11","ENSMUSG00000031382","MGP_CASTEiJ_G0035215","X","X",1.00469845003138,0.558121885025205,4.1386769318846,24.4736812274566,12.7354615059613,3.15874028174068,0.169107250087146,1,0,1
"Atp11c","ENSMUSG00000062949","MGP_CASTEiJ_G0034721","X","X",4.31069427246257,3.44989241337273,25.0384687861766,290.11981377181,221.667675738775,30.5581377792979,0.0863038910050809,1,1,1
"Atp6ap1","ENSMUSG00000019087","MGP_CASTEiJ_G0034801","X","X",1.66721651398433,0.342030572411683,9.93386293930958,40.5161087738562,8.77047498030718,1.57937014087034,0.245183045458689,1,0,1
"Atp6ap2","ENSMUSG00000031007","MGP_CASTEiJ_G0034546","X","X",81.209459568175,80.5521381914921,120.568989197284,1778.74660269476,1743.2185135288,143.417394555078,0.0677831170637937,1,1,1
"Atp7a","ENSMUSG00000033792","MGP_CASTEiJ_G0034965","X","X",3.59854489416826,3.38932125940155,74.8475487808779,239.284867637164,257.18567688537,38.6608414912714,0.312796832996443,1,1,1
"Atrx","ENSMUSG00000031229","MGP_CASTEiJ_G0034962","X","X",12.9236650326773,13.7548854506708,614.597562463428,2197.91115737388,2346.15459153826,647.250434481956,0.279628027912541,1,1,1
"B630019K06Rik","ENSMUSG00000052364","MGP_CASTEiJ_G0034530","X","X",8.46540293712492,9.94504116482077,12.1121357326435,205.669608721189,234.691833392468,21.1848434378867,0.0588912275758888,1,1,1
"BC065397","ENSMUSG00000087368","MGP_CASTEiJ_G0015110","X","X",2.06399640659873,1.52301213177286,17.4790843646176,55.0860565789145,43.1081050217808,10.438031963227,0.317305057761353,1,1,1
"Bcap31","ENSMUSG00000002015","MGP_CASTEiJ_G0034778","X","X",165.209490366,149.719283975889,715.0366034742,1298.86708408734,1730.55369755788,94.5243741082015,0.550507909727057,1,1,1
"Bcor","ENSMUSG00000040363","MGP_CASTEiJ_G0034545","X","X",11.2273668152336,13.3623010083466,123.867844352114,720.055939138931,864.74089325854,138.267578117223,0.172025307506303,1,1,1
"Bcorl1","ENSMUSG00000036959","MGP_CASTEiJ_G0034655","X","X",2.2895612210702,1.70588299669323,21.2536758401709,134.149595178346,99.2403676972542,16.7555125267084,0.158432649848217,1,1,1
"Bex1","ENSMUSG00000050071","MGP_CASTEiJ_G0035064","X","X",23.9221891356336,26.3669088093904,260.50956501156,21.5051857947919,163.206371374792,136.585281472543,12.113802107892,1,1,1
"Bex2","ENSMUSG00000042750","MGP_CASTEiJ_G0035060","X","X",110.558685042022,168.173167392539,105.777431453159,892.567494476299,1373.91571637012,144.687985184515,0.118509168334908,1,1,1
"Bgn","ENSMUSG00000031375","MGP_CASTEiJ_G0034773","X","X",2.22761454320272,1.18480381034809,17.7752679347715,117.622262511905,67.2573658584853,4.73811042261102,0.151121629147138,1,1,1
"Bhlhb9","ENSMUSG00000072964","MGP_CASTEiJ_G0035057","X","X",6.26388729405758,5.42040313800132,22.2857418158438,172.712117965455,155.731972055507,9.16744133378935,0.129034036976498,1,1,1
"Brcc3","ENSMUSG00000031201","MGP_CASTEiJ_G0034825","X","X",4.04258473804974,4.59208936773661,99.7293877363135,219.081489487288,263.191008951802,98.9537050193798,0.455215947133225,1,1,1
"Brwd3","ENSMUSG00000063663","MGP_CASTEiJ_G0034983","X","X",5.31851005861957,6.40475989338272,70.1881565619209,617.894607489152,759.271028874633,69.6661578695197,0.11359244070301,1,1,1
"C430049B03Rik","ENSMUSG00000087365","MGP_CASTEiJ_G0015092","X","X",1.07552854670151,0.591938396441967,10.765973223508,6.67615509126216,5.09418460238452,4.53225741498923,1.61260082732329,1,0,1
"Car5b","ENSMUSG00000031373","MGP_CASTEiJ_G0035207","X","X",2.39714429537763,1.54199586602479,35.9081698224796,116.736141818296,76.7014651834992,21.4936229493193,0.307601135887906,1,1,1
"Cask","ENSMUSG00000031012","MGP_CASTEiJ_G0034552","X","X",13.0692364088883,12.4527123894414,166.578901690988,1032.76441934114,1022.68008843912,120.241474961078,0.16129419117407,1,1,1
"Ccdc120","ENSMUSG00000031150","MGP_CASTEiJ_G0034505","X","X",29.6995448702801,20.294469180167,142.096974118502,1100.14664029159,748.100866670769,100.738928167872,0.129161848897562,1,1,1
"Cd99l2","ENSMUSG00000035776","MGP_CASTEiJ_G0034748","X","X",18.6007657346588,16.5696576350203,60.2684566188623,850.325088760239,786.570360822188,24.5494367272492,0.0708769591953741,1,1,1
"Cdk16","ENSMUSG00000031065","MGP_CASTEiJ_G0034574","X","X",17.7573609985128,15.9216663352131,113.001893282869,664.87065814698,630.357228520462,67.1249766106444,0.169960716265942,1,1,1
"Cdkl5","ENSMUSG00000031292","MGP_CASTEiJ_G0035192","X","X",4.06798343641049,1.9052956874498,85.7070483467287,495.887685954216,235.821031469198,36.5668388313465,0.172835605267766,1,1,1
"Cetn2","ENSMUSG00000031347","MGP_CASTEiJ_G0034761","X","X",5.53474585834845,5.14062291256062,13.9583990292059,59.5682935132414,53.7776344727689,14.9702893782162,0.234325984612991,1,1,1
"Cfp","ENSMUSG00000001128","MGP_CASTEiJ_G0034579","X","X",3.99501979296211,3.97994578652696,10.5518545357825,58.8355610107482,52.2635081990632,16.8584390305192,0.17934484441909,1,1,1
"Chm","ENSMUSG00000025531","MGP_CASTEiJ_G0035000","X","X",2.97084598213411,2.22416606790895,23.7281322036587,178.58632238549,142.444704768278,9.06451482997848,0.132866458565847,1,1,1
"Clcn5","ENSMUSG00000004317","MGP_CASTEiJ_G0034491","X","X",5.60146833569814,6.08679237566131,147.210228169075,495.651050121657,579.152272863081,119.520989434401,0.297003765316229,1,1,1
"Col4a5","ENSMUSG00000031274","MGP_CASTEiJ_G0035111","X","X",19.8959116241318,11.4206610167819,168.783010499228,1167.99816752939,683.461238648524,83.8804891373527,0.144506228855005,1,1,1
"Col4a6","ENSMUSG00000031273","MGP_CASTEiJ_G0035110","X","X",3.17374542050319,1.37408241088342,31.2092017098472,221.722228294783,98.7592074510354,10.7468114746597,0.14075810959447,1,1,1
"Ctps2","ENSMUSG00000031360","MGP_CASTEiJ_G0035201","X","X",13.998105968339,14.8225338928247,74.126877802331,587.32938117942,629.176857415341,71.24552801039,0.126210062322229,1,1,1
"Cul4b","ENSMUSG00000031095","MGP_CASTEiJ_G0034630","X","X",3.01035395259635,2.99231578708581,92.7302944955022,24.5938473125508,89.7962683722402,28.7729146308058,3.77046719519072,1,1,1
"Ddx3x","ENSMUSG00000000787","MGP_CASTEiJ_G0034550","X","X",299.753840278689,316.121172221743,1308.51689854471,10580.3543750989,11921.1312559361,333.530880393297,0.123674203354127,1,1,1
"Diaph2","ENSMUSG00000034480","MGP_CASTEiJ_G0035018","X","X",3.7378894558119,2.76393433693436,324.754010344324,108.752772276623,213.859521250906,108.738705376035,2.98616764930168,1,1,1
"Dkc1","ENSMUSG00000031403","MGP_CASTEiJ_G0034818","X","X",4.15580165676138,4.57660354327638,12.7801162519851,157.942074832585,177.455959154459,10.5409584670379,0.0809164769142847,1,1,1
"Dlg3","ENSMUSG00000000881","MGP_CASTEiJ_G0034913","X","X",15.9657291620119,13.8886779501139,532.678845471022,400.084336389563,315.743213298596,495.694863631198,1.33141639654783,1,1,1
"Dnase1l1","ENSMUSG00000019088","MGP_CASTEiJ_G0034799","X","X",18.0020561628145,14.5864208884039,25.9705569161123,352.833084953785,285.441215317825,21.4936229493193,0.073605787052294,1,1,1
"Dusp9","ENSMUSG00000031383","MGP_CASTEiJ_G0034775","X","X",0.762426380350531,1.04911199907468,6.67728521449198,14.091474408457,17.8296461083458,10.7468114746597,0.473852843282647,0,1,1
"Dynlt3","ENSMUSG00000031176","MGP_CASTEiJ_G0034536","X","X",147.94523714622,164.079412441369,131.445141736982,2075.50229614457,2335.86999028425,85.459859278223,0.0633317255206862,1,1,1
"Ebp","ENSMUSG00000031168","MGP_CASTEiJ_G0034526","X","X",24.4987093840933,27.3692662778001,76.8231643464007,488.038370862461,559.56486335415,71.4513810180118,0.157412139973009,1,1,1
"Efnb1","ENSMUSG00000031217","MGP_CASTEiJ_G0034899","X","X",40.3575833507042,30.1060891006559,87.3275199369105,1303.92486645841,951.701373181856,86.1803448048992,0.066972815829566,1,1,1
"Egfl6","ENSMUSG00000000402","MGP_CASTEiJ_G0035226","X","X",655.699044222316,757.15277098792,2136.94258523535,15443.2253438963,17884.1313286531,2415.64725586362,0.138374111472766,1,1,1
"Eif1ax","ENSMUSG00000067194","MGP_CASTEiJ_G0035182","X","X",24.2338520313319,20.3882286495521,176.821851207241,1123.7577753463,909.934402841952,183.487225763305,0.157348723262673,1,1,1
"Eif2s3x","ENSMUSG00000035150","MGP_CASTEiJ_G0034872","X","X",15.5455777184242,8.21885393625069,403.48467681133,190.154552651862,149.726639989076,164.396384985343,2.12187755267704,1,1,1
"Elf4","ENSMUSG00000031103","MGP_CASTEiJ_G0034656","X","X",2.70955388639276,1.47288595609786,46.4279483987024,120.272687475439,75.4504485433295,15.176142385838,0.38602237443296,1,1,1
"Elk1","ENSMUSG00000009406","MGP_CASTEiJ_G0034580","X","X",3.5830772320695,3.10635413318495,49.5807983107249,143.224587546935,123.100932386227,44.0519835204547,0.34617518653686,1,1,1
"Emd","ENSMUSG00000001964","MGP_CASTEiJ_G0034797","X","X",13.2786064126784,9.48368924588464,55.3297453623391,218.7263980375,150.182213721099,47.2107238021953,0.252963272192014,1,1,1
"Enox2","ENSMUSG00000031109","MGP_CASTEiJ_G0034664","X","X",3.86658847015129,3.65510711238075,16.4970073118134,151.931586447977,135.284588110922,23.9318777043838,0.108581814338272,1,1,1
"F8a","ENSMUSG00000078317","MGP_CASTEiJ_G0034768","X","X",3.52474367797542,2.45606234684892,9.76973317445276,78.0862331470855,59.7123210041523,1.47644363705944,0.125114668497969,1,1,1
"Fam120c","ENSMUSG00000025262","MGP_CASTEiJ_G0035143","X","X",1.8450006585276,1.45176509630343,13.2725055465556,94.1618827995067,62.8368056008076,21.6994759569412,0.140954122325867,1,1,1
"Fam122b","ENSMUSG00000036022","MGP_CASTEiJ_G0034685","X","X",1.22953184117211,0.739145585849667,5.36694863197409,48.798798056377,27.8255512146271,4.73811042261102,0.109981164408469,1,0,1
"Fam199x","ENSMUSG00000042595","MGP_CASTEiJ_G0035081","X","X",5.57480816702475,4.20693572892784,90.0200565139225,363.383670388429,248.389615390867,94.4214476043906,0.247727302709277,1,1,1
"Fam3a","ENSMUSG00000031399","MGP_CASTEiJ_G0034808","X","X",25.2440243837331,24.5184423648013,172.146017573177,455.351154555091,569.2720723127,40.2402116321417,0.378051127906716,1,1,1
"Fam50a","ENSMUSG00000001962","MGP_CASTEiJ_G0034803","X","X",24.7961249736894,24.0396046141725,486.71705723583,79.9840474248927,73.8656767345755,475.574757815127,6.08517664341594,1,1,1
"Fancb","ENSMUSG00000047757","MGP_CASTEiJ_G0035218","X","X",2.08650442515264,3.70681910622395,20.7856510123038,41.2649205849479,86.2162100435615,24.1377307120056,0.50371237161391,1,1,1
"Fhl1","ENSMUSG00000023092","MGP_CASTEiJ_G0034705","X","X",6.88792594052342,1.52880334762241,45.1817637353041,219.029478082103,36.6922582441782,21.4936229493193,0.206281657295315,1,1,1
"Flna","ENSMUSG00000031328","MGP_CASTEiJ_G0034796","X","X",43.2927575344141,55.1413463898447,626.742611027611,3446.55415127611,4535.77452362129,651.438439801806,0.181846152278082,1,1,1
"Fmr1","ENSMUSG00000000838","MGP_CASTEiJ_G0034736","X","X",7.79619358854907,6.98962333953525,128.552861027237,494.359409108689,434.39799891295,125.426763982639,0.260039272356548,1,1,1
"Foxo4","ENSMUSG00000042903","MGP_CASTEiJ_G0034917","X","X",18.2332115745864,20.7599888909687,60.1543157768741,575.933392369453,638.139796494136,86.0774183010882,0.104446654029544,1,1,1
"Ftsj1","ENSMUSG00000031171","MGP_CASTEiJ_G0034528","X","X",12.3604765689612,9.88910459630177,85.9313685049064,504.116147492531,399.02740284399,73.0307511588822,0.170459464415747,1,1,1
"Ftx","ENSMUSG00000086370","MGP_CASTEiJ_G0007378","X","X",2.11516595276069,1.70133810279309,59.9966375154118,116.223863302758,107.144754234367,29.9405787564325,0.516216169472213,1,1,1
"Fundc2","ENSMUSG00000031198","MGP_CASTEiJ_G0034822","X","X",2.71790042498599,3.17019564301158,53.2514504147424,22.6032403451471,30.7575717127948,57.7516822692332,2.35592108041162,1,1,1
"G6pdx","ENSMUSG00000031400","MGP_CASTEiJ_G0034810","X","X",21.3555901898287,20.2689897817695,95.9510462937024,561.618728588231,562.471297338123,61.6309080776502,0.170847305136884,1,1,1
"Gabre","ENSMUSG00000031340","MGP_CASTEiJ_G0034757","X","X",1.84520914272298,5.31088961386116,40.8175066557798,46.2175912615769,230.053222522106,19.7083998008273,0.883159540374262,1,1,1
"Gdi1","ENSMUSG00000015291","MGP_CASTEiJ_G0034802","X","X",30.8247288625558,22.8770106620639,362.44659996443,896.634992235503,600.388985708276,338.783623334963,0.404229818268383,1,1,1
"Gdpd2","ENSMUSG00000019359","MGP_CASTEiJ_G0034912","X","X",6.33322850967732,4.3569896745594,38.0685296525048,253.829972358523,161.499781002599,39.3138730978436,0.149976495284547,1,1,1
"Gemin8","ENSMUSG00000040621","MGP_CASTEiJ_G0035220","X","X",8.1919176399485,9.28626641643214,72.8409056865165,128.102668825996,147.731353469151,80.0012633289358,0.568613490679553,1,1,1
"Gjb1","ENSMUSG00000047797","MGP_CASTEiJ_G0034923","X","X",5.63138125389639,2.5288022515746,8.80556908495731,87.3221089190541,41.6902107973189,1.47644363705944,0.100840087280988,1,1,1
"Gk","ENSMUSG00000025059","MGP_CASTEiJ_G0034854","X","X",15.8040153365315,25.4993077067621,143.343370340641,1074.50138159925,1851.65934342418,112.653403768158,0.133404547258276,1,1,1
"Gla","ENSMUSG00000031266","MGP_CASTEiJ_G0035037","X","X",3.89289406686496,6.83271886394936,125.385848118963,1.72187648377325,51.5898838543565,171.640204083123,72.8193045788031,1,1,1
"Gm15230","ENSMUSG00000084920","MGP_CASTEiJ_G0007398","X","X",4.11201294072838,1.59743374623815,2.19243578958492,18.815651443832,4.99795255314069,3.15874028174068,0.116521917730551,1,1,1
"Gnl3l","ENSMUSG00000025266","MGP_CASTEiJ_G0035139","X","X",4.67785217845662,3.80079368713014,65.4712754859796,189.271064807057,120.650072134279,87.3480089305261,0.345912755088692,1,1,1
"Gpc3","ENSMUSG00000055653","MGP_CASTEiJ_G0034680","X","X",3.25072740216729,2.31247182070665,7.97345880075893,79.5597378063713,53.2002421773059,9.06451482997848,0.100219772219013,1,1,1
"Gpc4","ENSMUSG00000031119","MGP_CASTEiJ_G0034679","X","X",13.6807910412356,14.0049968192059,109.801967543055,252.303469946988,312.811192800429,57.7516822692332,0.435198008042164,1,1,1
"Gpkow","ENSMUSG00000031148","MGP_CASTEiJ_G0034502","X","X",36.0488878266308,32.7935801095226,180.309230594958,1017.2751541317,933.172516214609,155.126017147742,0.177247256912376,1,1,1
"Gpm6b","ENSMUSG00000031342","MGP_CASTEiJ_G0035221","X","X",4.4500777585593,5.24819118594243,61.3146855907861,187.721910255598,211.408660998957,82.3011189964824,0.326625088713946,1,1,1
"Gprasp1","ENSMUSG00000043384","MGP_CASTEiJ_G0035054","X","X",15.6911639791546,11.8205150615986,218.294435375573,1047.60963189028,819.97125688542,133.426541190802,0.208373833850391,1,1,1
"Gprasp2","ENSMUSG00000072966","MGP_CASTEiJ_G0035056","X","X",1.98482071009486,0.973435478143582,8.67351527966029,68.1454787440305,34.3376300414736,3.15874028174068,0.127279394605766,1,0,1
"Gripap1","ENSMUSG00000031153","MGP_CASTEiJ_G0034507","X","X",11.9822051207431,11.5463366078838,36.9185728677859,623.02102501604,578.260597905691,57.6487557654223,0.0592573466791677,1,1,1
"Gspt2","ENSMUSG00000071723","MGP_CASTEiJ_G0034877","X","X",1.25142117058287,0.785712505279378,6.34902568477835,40.96720877496,25.278458913435,4.42933091117833,0.154978234413154,1,0,1
"Haus7","ENSMUSG00000031371","MGP_CASTEiJ_G0034772","X","X",9.27473297168179,8.55752910287965,22.7460551508545,110.701534470791,100.465797823229,22.6612870749462,0.205471904789687,1,1,1
"Hccs","ENSMUSG00000031352","MGP_CASTEiJ_G0035235","X","X",8.4506402754895,7.27452204260425,33.5799302605399,402.414435974065,340.110524747984,35.193321698098,0.0834461372620938,1,1,1
"Hcfc1","ENSMUSG00000031386","MGP_CASTEiJ_G0034790","X","X",22.9010215747854,22.2836397304388,493.801128454147,1420.72427519791,1411.06354834631,451.848733118365,0.347569994456074,1,1,1
"Hdac6","ENSMUSG00000031161","MGP_CASTEiJ_G0034518","X","X",10.9100359641417,18.2547110490602,34.0119176030486,600.418367683808,1003.57383917641,57.9575352768551,0.0566470305268208,1,1,1
"Hmgb3","ENSMUSG00000015217","MGP_CASTEiJ_G0034749","X","X",80.6600532979591,89.2558469007657,7.57729738486783,719.675018258379,797.239890273177,6.21455405967047,0.0105287764513557,1,1,1
"Hmgn5","ENSMUSG00000031245","MGP_CASTEiJ_G0034984","X","X",17.6956533844301,14.6623081078282,47.6345571684253,294.599379286452,247.619758996916,35.9492798084812,0.161692659651221,1,1,1
"Hprt","ENSMUSG00000025630","MGP_CASTEiJ_G0034683","X","X",65.6842458120128,59.8192862615021,76.4334544339042,770.236474082941,706.795584070426,64.2750158403364,0.0992337509398103,1,1,1
"Hsd17b10","ENSMUSG00000025260","MGP_CASTEiJ_G0035146","X","X",80.3987526038142,85.5989079859259,145.093405758524,898.482403038985,967.003399495668,144.07042616165,0.161487198043909,1,1,1
"Htatsf1","ENSMUSG00000067873","MGP_CASTEiJ_G0034709","X","X",11.4240578675462,15.5361338755015,104.20028572371,454.108334480835,634.944666362432,124.362026360823,0.229461293289934,1,1,1
"Huwe1","ENSMUSG00000025261","MGP_CASTEiJ_G0035145","X","X",13.2867501762272,14.935904026787,323.033560908405,2799.44892461425,3175.5443612345,334.492691511302,0.115391839468162,1,1,1
"Idh3g","ENSMUSG00000002010","MGP_CASTEiJ_G0034782","X","X",47.6836218235181,52.3708320779282,37.1468545517623,1256.34476951339,1375.0899734677,45.5284271575141,0.0295674049458176,1,1,1
"Ids","ENSMUSG00000035847","MGP_CASTEiJ_G0034741","X","X",56.9124276445717,36.4856510689803,279.210469572872,2580.6838844896,1674.40196237575,158.696463444727,0.108192433506087,1,1,1
"Igbp1","ENSMUSG00000031221","MGP_CASTEiJ_G0034905","X","X",5.67360402637834,4.71708830365221,80.7400110977034,243.747770830292,208.669104599278,61.1162755585957,0.331244100500587,1,1,1
"Ikbkg","ENSMUSG00000004221","MGP_CASTEiJ_G0034809","X","X",9.04672801245928,7.44001129182684,193.166401772852,526.460304939207,449.103160424641,142.285203013158,0.366915415959344,1,1,1
"Iqsec2","ENSMUSG00000041115","MGP_CASTEiJ_G0035149","X","X",3.6079075944245,3.40621788364725,49.0884090161544,202.743541074676,193.29031874288,44.4636895356982,0.242120704590406,1,1,1
"Irak1","ENSMUSG00000031392","MGP_CASTEiJ_G0034791","X","X",13.657021168675,16.4925904567107,81.7926915730218,562.033973634508,664.957968195471,112.550477264348,0.145529799638432,1,1,1
"Itm2a","ENSMUSG00000031239","MGP_CASTEiJ_G0034977","X","X",4.14680128655136,3.80484279526783,5.36694863197409,66.722922001105,66.1281677817549,0,0.080436354868949,1,1,1
"Jade3","ENSMUSG00000037315","MGP_CASTEiJ_G0034569","X","X",11.5863096015159,18.8666455096769,86.5068711126265,512.95450402856,830.422735723724,145.752722806332,0.16864433479623,1,1,1
"Jpx","ENSMUSG00000097571","MGP_CASTEiJ_G0007377","X","X",4.50321899106221,1.65940794027019,7.34526573383358,209.078531651853,77.7088446967903,1.47644363705944,0.035131611437106,1,1,1
"Kctd12b","ENSMUSG00000041633","MGP_CASTEiJ_G0035162","X","X",1.04113455993503,0.782796446899686,6.69519817780081,43.9576707976275,31.983001838769,6.11162755585957,0.152310121448977,1,0,1
"Kdm5c","ENSMUSG00000025332","MGP_CASTEiJ_G0035150","X","X",22.2108285776146,14.3800082324822,574.76170974297,1029.29168504724,874.300697139456,169.237421911764,0.558405083896692,1,1,1
"Klf8","ENSMUSG00000041649","MGP_CASTEiJ_G0035160","X","X",1.52432349575566,1.53465617061817,42.1355547311541,37.1206323029854,40.3685486221008,39.4167996016545,1.13509797966899,1,1,1
"Klhl13","ENSMUSG00000036782","MGP_CASTEiJ_G0034590","X","X",5.94164479613084,4.43535103056509,71.2729129967991,162.143742754347,127.713956742392,45.7342801651358,0.439566225535943,1,1,1
"Klhl15","ENSMUSG00000043929","MGP_CASTEiJ_G0034873","X","X",1.96108354693702,1.96713752122803,41.7893822381316,144.934625501774,163.783763670255,22.9700665863788,0.288332633374902,1,1,1
"L1cam","ENSMUSG00000031391","MGP_CASTEiJ_G0034785","X","X",3.3774107594173,2.93563872118545,34.1760473679054,214.399157225149,193.001622595149,23.0729930901897,0.159403832600031,1,1,1
"Lage3","ENSMUSG00000015289","MGP_CASTEiJ_G0034805","X","X",10.0101266959208,10.6171838843084,4.1386769318846,188.262587084579,202.349489870918,1.57937014087034,0.0219835337226363,1,1,1
"Lamp2","ENSMUSG00000016534","MGP_CASTEiJ_G0034629","X","X",20.9121383258609,21.6440269816839,290.004557230141,1712.17067573221,1828.31163950316,244.088868802846,0.169378299336964,1,1,1
"Las1l","ENSMUSG00000057421","MGP_CASTEiJ_G0034886","X","X",7.96296410959112,7.84896527729732,105.58998565232,537.034528860839,494.809530776005,138.9880636439,0.196616753630903,1,1,1
"Lpar4","ENSMUSG00000049929","MGP_CASTEiJ_G0034973","X","X",2.20837809806592,4.31766489639142,11.8942670778602,104.212572689582,223.733607793748,7.58807119291901,0.114134665049386,1,1,1
"Maged1","ENSMUSG00000025151","MGP_CASTEiJ_G0034876","X","X",92.9006677093874,103.710920438028,1610.5586034417,2466.75689866532,2832.11688779138,1720.76740906961,0.652905279929739,1,1,1
"Maged2","ENSMUSG00000025268","MGP_CASTEiJ_G0035138","X","X",14.7193273292952,23.3280096912771,57.3580513870672,411.113939662843,658.542121417869,83.7775626335418,0.139518624530481,1,1,1
"Magee1","ENSMUSG00000031227","MGP_CASTEiJ_G0034958","X","X",2.31199162699444,1.40512262499493,12.4980956780822,69.6560043839729,40.6572447698323,9.27036783760024,0.179425963183123,1,1,1
"Mageh1","ENSMUSG00000047238","MGP_CASTEiJ_G0035157","X","X",23.0548974135824,28.8926097217175,79.9578897363737,245.116163795138,306.13223638929,101.253560686926,0.326204067893297,1,1,1
"Magix","ENSMUSG00000031147","MGP_CASTEiJ_G0034501","X","X",4.98228360159389,5.21968713915755,13.1083757816987,132.012031743266,144.247527189716,7.7939242005408,0.0992968262710451,1,1,1
"Magt1","ENSMUSG00000031232","MGP_CASTEiJ_G0034963","X","X",12.4315707706775,10.7355558351896,147.053598338334,390.39301729982,355.630601674478,106.438849708488,0.376680913391946,1,1,1
"Mamld1","ENSMUSG00000059401","MGP_CASTEiJ_G0034745","X","X",0.535303808577354,1.28444339250495,2.02830602472809,23.9968157617151,50.5569178268698,11.8115490964756,0.0845239653822774,0,1,1
"Maoa","ENSMUSG00000025037","MGP_CASTEiJ_G0034558","X","X",2.94649566461317,3.22516204382194,16.4470183889447,99.2904912701696,119.976447789572,5.9057745482378,0.165645452837899,1,1,1
"Maob","ENSMUSG00000040147","MGP_CASTEiJ_G0034559","X","X",59.2543051445396,51.8371878666373,82.160526996411,1495.55183488549,1308.65363703155,71.5543075218227,0.0549365960309239,1,1,1
"Map3k15","ENSMUSG00000031303","MGP_CASTEiJ_G0035186","X","X",1.10332159791954,1.03758314439595,4.0566120494562,43.6734054474337,43.3968011695122,1.47644363705944,0.0928851782428286,1,1,1
"Mbnl3","ENSMUSG00000036109","MGP_CASTEiJ_G0034675","X","X",0.637126175563568,1.22568649991259,5.54899136013974,31.7806729884916,66.0319357325111,2.95288727411889,0.174602701527093,0,1,1
"Mbtps2","ENSMUSG00000046873","MGP_CASTEiJ_G0035175","X","X",2.74402577932381,2.24570763372707,109.759478554303,167.292229408243,137.158056067407,89.5804106779686,0.656094302422479,1,1,1
"Mecp2","ENSMUSG00000031393","MGP_CASTEiJ_G0034792","X","X",6.8310128636121,5.35151069827441,156.045171677256,870.69154125727,662.988268189742,141.426318398964,0.179219808948561,1,1,1
"Med12","ENSMUSG00000079487","MGP_CASTEiJ_G0034921","X","X",9.26970676091999,8.63676207045896,78.5040378886445,635.634170972632,610.577354913044,54.7987949951143,0.123505062304186,1,1,1
"Med14","ENSMUSG00000064127","MGP_CASTEiJ_G0034548","X","X",4.83069332628312,3.29015864063347,69.0202868138932,354.576383585526,251.847855156107,36.6697653351575,0.194655622904014,1,1,1
"Mid1ip1","ENSMUSG00000008035","MGP_CASTEiJ_G0034544","X","X",6.68602797828354,2.41634283727397,14.0083879520746,128.210010035091,13.5759634349602,37.8374294607842,0.109261265545806,1,1,1
"Mid2","ENSMUSG00000000266","MGP_CASTEiJ_G0035104","X","X",9.36682005501522,8.06770925357704,241.030289055975,516.051205200619,414.309956651144,237.94176866328,0.467066613985085,1,1,1
"Mmgt1","ENSMUSG00000061273","MGP_CASTEiJ_G0034703","X","X",12.0589366565382,12.2066409219894,94.348487666829,415.93197287664,404.50651564335,112.035844745293,0.226836343006532,1,1,1
"Morc4","ENSMUSG00000031434","MGP_CASTEiJ_G0035097","X","X",7.48850847667193,7.06243137797331,179.411708402179,410.05670496778,405.75753228352,156.499534280991,0.437529020324826,1,1,1
"Mospd1","ENSMUSG00000023074","MGP_CASTEiJ_G0034687","X","X",21.9213614210063,20.665592082898,9.88387401644096,180.157443526952,169.814682250882,9.37329434141114,0.0548624237941206,1,1,1
"Mospd2","ENSMUSG00000061778","MGP_CASTEiJ_G0035217","X","X",7.15747732517516,5.48897648960493,218.850976589263,344.60514246226,277.825524928444,154.164206029737,0.635077512266757,1,1,1
"Mpp1","ENSMUSG00000031402","MGP_CASTEiJ_G0034819","X","X",3.71369390501324,2.98004692672085,8.75558016208871,190.022067561924,147.275779737127,12.2232551117192,0.0460766492777763,1,1,1
"Msl3","ENSMUSG00000031358","MGP_CASTEiJ_G0035232","X","X",5.65867850470613,5.14073429751565,39.9647818719358,242.297840691869,240.196532706022,26.1288068681195,0.164940726495203,1,1,1
"Msn","ENSMUSG00000031207","MGP_CASTEiJ_G0034887","X","X",119.987859232002,70.9031553406548,918.158349559316,6676.63778736097,3889.46111694897,598.424867955183,0.137518071041297,1,1,1
"Mtm1","ENSMUSG00000031337","MGP_CASTEiJ_G0034746","X","X",4.36754581588956,4.18884562515717,48.3204506510756,556.638140074069,517.515310874052,62.798572203277,0.0868076532532354,1,1,1
"Mtmr1","ENSMUSG00000015214","MGP_CASTEiJ_G0034747","X","X",7.65525585847516,7.48413487622319,58.3222154765626,390.332421798301,377.71393045621,60.9104225509739,0.149416784821169,1,1,1
"Naa10","ENSMUSG00000031388","MGP_CASTEiJ_G0034788","X","X",3.53142376110705,3.39004109615434,28.0309389004001,139.713224341514,139.031524023893,22.7642135787571,0.200631966175811,1,1,1
"Nap1l3","ENSMUSG00000055733","MGP_CASTEiJ_G0035012","X","X",1.22393382595532,1.00182476307689,10.6839083410796,24.0306208806521,19.2475403328076,9.16744133378935,0.444595601343017,1,1,1
"Ndufb11","ENSMUSG00000031059","MGP_CASTEiJ_G0034571","X","X",175.586101277362,219.093117779184,275.888479939473,1324.24139595703,1651.81800084115,344.792324387011,0.208337000173665,1,1,1
"Nkap","ENSMUSG00000016409","MGP_CASTEiJ_G0034610","X","X",6.50045223621474,4.70757798303698,41.8252081647493,238.83099367937,174.164596973511,29.0816941422384,0.175124708566509,1,1,1
"Nsdhl","ENSMUSG00000031349","MGP_CASTEiJ_G0034762","X","X",26.4840550280466,29.1617998496026,164.254623654847,607.295098578791,690.262013623102,159.864127570354,0.270469206880214,1,1,1
"Nudt10","ENSMUSG00000073293","MGP_CASTEiJ_G0034485","X","X",2.51000239437763,1.36613952765483,28.2450575881256,16.5831043753801,6.22338267911491,18.1290296599569,1.70324306889482,1,1,1
"Nxt2","ENSMUSG00000042271","MGP_CASTEiJ_G0035115","X","X",12.0468141620113,13.4947849965501,19.1612178963232,320.303600154202,339.077558720497,43.8461305128329,0.059822049727504,1,1,1
"Ocrl","ENSMUSG00000001173","MGP_CASTEiJ_G0034649","X","X",18.2933618349418,15.9528705801767,231.587555421774,1564.27538937806,1379.24742409184,187.433905491825,0.148047816256862,1,1,1
"Ofd1","ENSMUSG00000040586","MGP_CASTEiJ_G0035222","X","X",11.7632824777824,14.6266387274338,44.8318412752238,479.74008274725,627.45079453649,24.8582162386819,0.093450272110874,1,1,1
"Ogt","ENSMUSG00000034160","MGP_CASTEiJ_G0034928","X","X",31.2694019496824,17.3660186878266,529.180034624718,1984.96185314539,1103.94340495039,292.328857643151,0.266594561394806,1,1,1
"Ophn1","ENSMUSG00000031214","MGP_CASTEiJ_G0034896","X","X",2.77642820704614,2.95514007603328,54.7617426887348,308.856016448833,319.900663922738,67.1249766106444,0.177305086423035,1,1,1
"Otud5","ENSMUSG00000031154","MGP_CASTEiJ_G0034509","X","X",16.1930554511889,13.1550420723686,413.536642118426,428.090219957492,375.166838155017,308.534265067098,0.966003479732587,1,1,1
"Pbdc1","ENSMUSG00000031226","MGP_CASTEiJ_G0034957","X","X",3.96123651616376,3.1833781677658,67.1598605210797,180.573713491174,185.071649543841,15.3819953934598,0.371924901042489,1,1,1
"Pdha1","ENSMUSG00000031299","MGP_CASTEiJ_G0035187","X","X",28.0053659446828,29.9272079533405,158.819561577955,887.138323097197,957.565414178191,160.172907081786,0.179024575359883,1,1,1
"Pdk3","ENSMUSG00000035232","MGP_CASTEiJ_G0034869","X","X",12.5474155975301,14.2375472293376,32.3337455971416,283.701678090194,315.935677397084,42.7813928910169,0.113970935296555,1,1,1
"Pdzd11","ENSMUSG00000015668","MGP_CASTEiJ_G0034910","X","X",11.7334674589295,13.5577994810435,25.106370672354,224.570013200318,250.551779495084,37.940355964595,0.111797520579736,1,1,1
"Pgrmc1","ENSMUSG00000006373","MGP_CASTEiJ_G0034600","X","X",11.8200255174619,9.51998128048588,94.5380303291103,124.959843530157,128.098884939368,48.6871674392548,0.756547284778689,1,1,1
"Phf6","ENSMUSG00000025626","MGP_CASTEiJ_G0034682","X","X",1.92341224577436,1.92534923186299,29.2771235637985,104.983934103591,109.980542683291,24.4465102234382,0.278872418087416,1,1,1
"Phf8","ENSMUSG00000041229","MGP_CASTEiJ_G0035144","X","X",4.44356644258353,3.06046074922514,52.0552546742127,361.957417307875,225.92135841216,59.2281259062926,0.143815963384266,1,1,1
"Phka1","ENSMUSG00000034055","MGP_CASTEiJ_G0034938","X","X",14.3479949070663,16.0102734964491,71.5986825489168,828.422928171543,929.592457885931,74.7130478035634,0.0864276930467703,1,1,1
"Phka2","ENSMUSG00000031295","MGP_CASTEiJ_G0035189","X","X",1.8293920293293,1.26360851090154,5.28488374954568,105.792316498258,67.4498299569729,9.27036783760024,0.0499552701413122,1,1,1
"Piga","ENSMUSG00000031381","MGP_CASTEiJ_G0035214","X","X",6.744798059915,3.4944577771125,68.420208180729,362.178415736865,176.397406612777,46.6960912831408,0.188912992071948,1,1,1
"Pim2","ENSMUSG00000031155","MGP_CASTEiJ_G0034510","X","X",12.7964668130712,10.6648099317847,167.98297617459,189.1353638554,156.30936435097,141.323391895153,0.888162703951115,1,1,1
"Pin4","ENSMUSG00000079480","MGP_CASTEiJ_G0034933","X","X",8.17227913274385,7.6679736724341,48.6345471845383,4.56698996962415,3.77252242716648,46.1459861803795,10.6491469234693,1,1,1
"Pja1","ENSMUSG00000034403","MGP_CASTEiJ_G0034900","X","X",10.1888406733916,7.60672637687431,81.68626222389,256.836174321766,191.513082835638,61.2192020624066,0.318048119349235,1,1,1
"Platr21","ENSMUSG00000086807","MGP_CASTEiJ_G0015111","X","X",1.13244672316592,0.194054405634742,5.20281886711728,40.2682813914039,6.31961472835874,1.47644363705944,0.129203896648739,1,0,1
"Pls3","ENSMUSG00000016382","MGP_CASTEiJ_G0034828","X","X",82.6299480045802,80.3180714778836,1475.66544665193,1955.91091277935,2928.02083428683,370.647824327405,0.754464550000903,1,1,1
"Plxna3","ENSMUSG00000031398","MGP_CASTEiJ_G0034804","X","X",1.74036171060292,1.74429265611451,20.2074468682471,117.422750197009,133.577997738728,4.42933091117833,0.172091411880096,1,1,1
"Pof1b","ENSMUSG00000034607","MGP_CASTEiJ_G0034999","X","X",8.90489950765557,7.15497656780765,9.5556144867273,309.55928714906,247.356649363381,9.16744133378935,0.0308684471227835,1,1,1
"Pola1","ENSMUSG00000006678","MGP_CASTEiJ_G0034867","X","X",1.55171166058628,1.73414741764533,38.3609632556008,94.7406440979684,100.080869626253,48.8930204468765,0.404905029101691,1,1,1
"Porcn","ENSMUSG00000031169","MGP_CASTEiJ_G0034527","X","X",2.45336413272908,2.28861480740841,5.44901351440251,68.1519104674699,64.2291133110739,4.42933091117833,0.079953936390432,1,1,1
"Pqbp1","ENSMUSG00000031157","MGP_CASTEiJ_G0034512","X","X",9.58135568347327,11.8978052011022,4.0566120494562,152.787700897284,188.651707872519,6.11162755585957,0.0265506452785972,1,1,1
"Praf2","ENSMUSG00000031149","MGP_CASTEiJ_G0034504","X","X",53.4318550217323,101.704552433065,266.244349066923,360.976857422929,749.589406430279,429.017065619503,0.737566255542484,1,1,1
"Prdx4","ENSMUSG00000025289","MGP_CASTEiJ_G0035170","X","X",24.5087139298821,29.7202872712689,42.153467694463,479.626828861505,587.582878667266,45.2196476460813,0.0878880520393804,1,1,1
"Prickle3","ENSMUSG00000031145","MGP_CASTEiJ_G0034498","X","X",5.23155007025759,5.03222890692375,34.3799645851785,221.52699533043,188.363011724788,57.8546087730441,0.155195372617668,1,1,1
"Prkx","ENSMUSG00000035725","MGP_CASTEiJ_G0034838","X","X",9.36966229737006,8.09953363889679,122.543556332086,414.29334403431,350.177075389313,114.026920901407,0.295789343702171,1,1,1
"Prps1","ENSMUSG00000031432","MGP_CASTEiJ_G0035102","X","X",30.2496559559458,29.5390581176224,102.521902159062,500.353741042938,491.133240398082,97.5801878861312,0.204898842057952,1,1,1
"Prps2","ENSMUSG00000025742","MGP_CASTEiJ_G0035230","X","X",113.180783758381,109.021705601537,897.028753833171,3493.6645771705,3314.9023959354,914.341351207578,0.256758693921232,1,1,1
"Prrg1","ENSMUSG00000047996","MGP_CASTEiJ_G0034844","X","X",1.33276726426758,0.857495794348056,51.1731554671457,95.6386033205121,52.8153139803307,42.3696868757734,0.535067992321573,1,0,1
"Prrg3","ENSMUSG00000033361","MGP_CASTEiJ_G0034753","X","X",182.378548564391,85.7397270243284,1483.23917562715,9660.80610539339,4699.0198400094,540.708658269657,0.153531616248783,1,1,1
"Psmd10","ENSMUSG00000031429","MGP_CASTEiJ_G0035107","X","X",11.4648909689313,15.0410953322201,11.8301151587407,149.660410468008,183.775573882818,28.6699881269948,0.0790463899019539,1,1,1
"Rab9","ENSMUSG00000079316","MGP_CASTEiJ_G0035224","X","X",49.4559754500603,50.7159492849708,586.340227181752,230.531161599425,221.69326225297,619.059606290308,2.54343153920591,1,1,1
"Rap2c","ENSMUSG00000050029","MGP_CASTEiJ_G0034674","X","X",1.83421193884015,1.51322199680899,9.70183128827533,55.320981943608,52.1672761498194,1.47644363705944,0.175373446880697,1,1,1
"Rbbp7","ENSMUSG00000031353","MGP_CASTEiJ_G0035198","X","X",13.7564023629365,14.4215350080376,314.877636261999,78.3469239764168,58.4868908781781,355.847915373104,4.01901721574647,1,1,1
"Rbm10","ENSMUSG00000031060","MGP_CASTEiJ_G0034572","X","X",12.2162666199303,11.6764275697142,133.105612338321,339.684085960793,339.674423522618,113.065109783402,0.391851187145943,1,1,1
"Rbm3","ENSMUSG00000031167","MGP_CASTEiJ_G0034524","X","X",15.2897982158686,34.1787402942723,165.493096825389,561.411657094944,1233.02408288885,391.559360837566,0.294780300219882,1,1,1
"Rbm3os","ENSMUSG00000055188","MGP_CASTEiJ_G0004584","X","X",2.33023686231569,3.41509474315399,17.1970637907147,5.42953614237064,16.5079839331278,16.6525860228975,3.16731730663205,1,1,1
"Rbmx","ENSMUSG00000031134","MGP_CASTEiJ_G0034713","X","X",33.9716286335768,34.2476802659969,104.949071136018,1367.91532045125,1398.23185479111,86.6275234038498,0.0767219063687346,1,1,1
"Rbmx2","ENSMUSG00000031107","MGP_CASTEiJ_G0034662","X","X",6.00788818425093,8.21317156682269,11.8159521624896,89.7370255049796,118.006747783842,21.3906964455085,0.131673098099669,1,1,1
"Renbp","ENSMUSG00000031387","MGP_CASTEiJ_G0034789","X","X",34.9204548320079,33.8799123789355,120.25864263088,750.657500879399,754.664118526006,90.300896204645,0.160204410786538,1,1,1
"Reps2","ENSMUSG00000040855","MGP_CASTEiJ_G0035197","X","X",12.437330110862,6.6861450510423,184.591422792054,848.945568211627,438.702854614727,116.876881671715,0.217436110987553,1,1,1
"Rgn","ENSMUSG00000023070","MGP_CASTEiJ_G0034570","X","X",2.02910643020717,3.42580927829491,2.02830602472809,30.6745787838371,44.2373030985111,10.9526644822815,0.0661233537719135,1,1,1
"Ribc1","ENSMUSG00000025257","MGP_CASTEiJ_G0035147","X","X",1.97271309436381,2.04066979047499,3.28865368437738,27.2292178854307,25.6633871104103,5.9057745482378,0.12077664875336,1,1,1
"Rlim","ENSMUSG00000056537","MGP_CASTEiJ_G0034951","X","X",25.8045500758854,23.1311158837413,386.600872682098,1917.61120779923,1742.64112123333,322.886995422448,0.201605451151793,1,1,1
"Rp2","ENSMUSG00000060090","MGP_CASTEiJ_G0034568","X","X",3.90129213134271,3.59733616681947,27.9988629408403,225.434167303925,207.732370621035,25.9229538604977,0.124199731015454,1,1,1
"Rpgr","ENSMUSG00000031174","MGP_CASTEiJ_G0034541","X","X",2.13849043371215,2.64536095741471,17.3291175960118,137.761246285627,176.782334809753,15.0732158820271,0.125790946752053,1,1,1
"Rps4x","ENSMUSG00000031320","MGP_CASTEiJ_G0034935","X","X",650.558649155273,723.834653089022,853.152548920952,8776.3288660833,9674.60694381549,1049.58509688327,0.09721064034166,1,1,1
"Rps6ka3","ENSMUSG00000031309","MGP_CASTEiJ_G0035181","X","X",16.0407632099918,18.3133854841694,342.976477048577,992.412614906399,1101.18437604405,423.384597998991,0.345598667224645,1,1,1
"Rragb","ENSMUSG00000041658","MGP_CASTEiJ_G0035159","X","X",1.4480627816048,1.70549049755981,3.25657772481758,29.2842192289888,30.7575717127948,7.58807119291901,0.11120589213435,1,1,1
"S100g","ENSMUSG00000040808","MGP_CASTEiJ_G0035202","X","X",1147.83113427623,1319.97744099039,730.829804340054,4778.75964018586,5512.74212770151,823.149589052342,0.15293294900089,1,1,1
"Sat1","ENSMUSG00000025283","MGP_CASTEiJ_G0035168","X","X",66.5942923485737,73.6592218253638,210.653197630327,1636.08246762303,1804.92000704533,237.735915655658,0.128754632971755,1,1,1
"Sh3bgrl","ENSMUSG00000031246","MGP_CASTEiJ_G0034985","X","X",34.568401907128,35.9055867107394,265.47888067944,870.078833731985,922.047413031597,257.341388952674,0.305120490680982,1,1,1
"Shroom2","ENSMUSG00000045180","MGP_CASTEiJ_G0035154","X","X",4.51039701069727,4.97292022246862,64.5931378047111,306.75868985613,321.774131879224,88.0010405370983,0.210566611283304,1,1,1
"Shroom4","ENSMUSG00000068270","MGP_CASTEiJ_G0034487","X","X",6.80632433041404,8.33226112537649,211.045397520419,393.577687368895,518.907618584318,221.289182640382,0.536222972728149,1,1,1
"Slc10a3","ENSMUSG00000032806","MGP_CASTEiJ_G0034807","X","X",4.78846167859538,7.54853297121359,36.8827469411683,59.8692211849491,135.477052209409,16.9613655343302,0.616055231906716,1,1,1
"Slc16a2","ENSMUSG00000033965","MGP_CASTEiJ_G0034950","X","X",51.7357905586529,35.5037144103481,502.957043116666,1707.33221989314,1251.38606227181,265.649945672269,0.29458651178512,1,1,1
"Slc25a14","ENSMUSG00000031105","MGP_CASTEiJ_G0034660","X","X",3.47174826910928,1.12134484537368,17.7829794276279,69.864139366084,25.3746909626788,3.15874028174068,0.25453658470544,1,1,1
"Slc35a2","ENSMUSG00000031156","MGP_CASTEiJ_G0034511","X","X",14.587479214295,18.3573197951964,58.2543135903852,412.68885967894,506.845781423063,92.4303714482768,0.141157950412583,1,1,1
"Slc6a8","ENSMUSG00000019558","MGP_CASTEiJ_G0034777","X","X",12.6472377590343,11.5828847367969,103.057828873107,556.290024789756,541.805862780854,62.0780866766006,0.18525917108087,1,1,1
"Slc9a6","ENSMUSG00000060681","MGP_CASTEiJ_G0034704","X","X",10.5260807921982,7.7377783580968,68.5522619860261,460.171340141782,343.158249802053,45.4255006537032,0.148971167923897,1,1,1
"Smc1a","ENSMUSG00000041133","MGP_CASTEiJ_G0035148","X","X",11.9590418825028,11.791364840217,110.213340385918,579.402327788721,580.782103692688,99.1595580270015,0.19021901552682,1,1,1
"Sms","ENSMUSG00000071708","MGP_CASTEiJ_G0035174","X","X",20.0318694076114,24.2921919439039,219.426690755724,982.359151059633,1233.80005329034,223.486111804118,0.223367075594539,1,1,1
"Snx12","ENSMUSG00000046032","MGP_CASTEiJ_G0034916","X","X",11.0097544039763,11.1196037077113,125.478326030585,222.220035432583,251.610332036766,102.318298308742,0.564658023685053,1,1,1
"Spin2c","ENSMUSG00000046550","MGP_CASTEiJ_G0035164","X","X",1.31237333144664,2.79253529260324,3.04245903709214,15.0725787354377,36.9809543919096,1.57937014087034,0.201853915676612,1,1,1
"Ssr4","ENSMUSG00000002014","MGP_CASTEiJ_G0034783","X","X",2.47653502126475,2.25316365967658,8.70559123922008,67.9679330191367,62.066949206857,7.69099769672991,0.12808380147104,1,1,1
"Stard8","ENSMUSG00000031216","MGP_CASTEiJ_G0034898","X","X",14.9049240414314,16.5901266261482,111.24936788739,708.372405150924,779.070374988709,133.22068818318,0.157049268264039,1,1,1
"Syap1","ENSMUSG00000031357","MGP_CASTEiJ_G0035200","X","X",35.7681023395861,39.2534172821191,103.582294127237,733.875947677947,799.158417250515,119.932695449645,0.141144146302902,1,1,1
"Sytl4","ENSMUSG00000031255","MGP_CASTEiJ_G0035023","X","X",1.15938400571418,0.851498892718154,13.0083979359615,46.391921124751,40.4647806713447,3.15874028174068,0.280402225658667,1,0,1
"Sytl5","ENSMUSG00000054453","MGP_CASTEiJ_G0034539","X","X",2.17848978498699,1.64624101405937,8.65560231635147,41.4714476361991,36.4035620964467,1.47644363705944,0.208712326424705,1,1,1
"Taf1","ENSMUSG00000031314","MGP_CASTEiJ_G0034927","X","X",1.64658118403764,1.31080858704394,29.4591662919641,109.397535882099,90.6623568154346,19.8113263046382,0.269285464744956,1,1,1
"Taf9b","ENSMUSG00000047242","MGP_CASTEiJ_G0034968","X","X",17.7307929311331,14.9483812315193,97.6229783549556,461.144302277458,406.213106015543,64.8251209430977,0.211697245033331,1,1,1
"Taz","ENSMUSG00000009995","MGP_CASTEiJ_G0034800","X","X",4.99765320191867,4.35185622973772,53.301439337611,234.59230477695,208.021066768766,42.9872458986388,0.227208813981728,1,1,1
"Tbc1d25","ENSMUSG00000039201","MGP_CASTEiJ_G0034525","X","X",9.2489890237063,10.1847380331839,47.2242327562832,211.192520566071,203.11934626487,81.4422343822883,0.223607505747388,1,1,1
"Tbc1d8b","ENSMUSG00000042473","MGP_CASTEiJ_G0035093","X","X",28.3189746989193,35.0224033940309,155.979971327415,1318.70877256086,1628.5031279259,195.263302276074,0.118282349047023,1,1,1
"Tbl1x","ENSMUSG00000025246","MGP_CASTEiJ_G0034837","X","X",6.07091656950193,6.05073680764771,78.0899635094446,350.279251554483,343.472532463979,83.4687831221092,0.222936309138762,1,1,1
"Tceal1","ENSMUSG00000049536","MGP_CASTEiJ_G0035069","X","X",7.60687816056726,6.84308645230762,83.2107174941334,130.613049521203,123.67832468169,68.7043467515147,0.637078131160435,1,1,1
"Tceal8","ENSMUSG00000051579","MGP_CASTEiJ_G0035062","X","X",111.865987396167,145.749792029687,2000.56995214169,866.217202869356,1313.16431533093,2421.89030001238,2.30954770410328,1,1,1
"Tceanc","ENSMUSG00000051224","MGP_CASTEiJ_G0035225","X","X",8.32555770030695,6.28342177159119,69.1202646596304,284.176935625076,223.6629622587,43.0901724024497,0.243229678395938,1,1,1
"Tfe3","ENSMUSG00000000134","MGP_CASTEiJ_G0034506","X","X",9.19684987277745,9.97411758192766,104.588735646745,740.112802726159,761.458779493046,155.023090643931,0.141314587805397,1,1,1
"Timm17b","ENSMUSG00000031158","MGP_CASTEiJ_G0034513","X","X",9.34313323583643,7.67999291989504,5.31695970910548,233.952364964054,181.587823264405,15.0732158820271,0.0227266764750269,1,1,1
"Tktl1","ENSMUSG00000031397","MGP_CASTEiJ_G0034795","X","X",1.16998399492244,5.5498414009033,8.44148362862603,20.5005069469485,114.426689455164,22.8671400825679,0.411769506503962,1,1,1
"Tmem164","ENSMUSG00000047045","MGP_CASTEiJ_G0035118","X","X",191.401766257456,145.42405271858,2577.2701915341,10284.9987273599,7836.98026804233,1935.01862561983,0.250585368054359,1,1,1
"Tmem185a","ENSMUSG00000073139","MGP_CASTEiJ_G0034743","X","X",4.04670847745653,2.73014983936153,16.3649535065163,85.3288305319662,61.226447277858,7.3822181852972,0.191786918963874,1,1,1
"Tmem28","ENSMUSG00000071719","MGP_CASTEiJ_G0034901","X","X",15.4075813529225,10.9995826350659,60.6250421410779,562.71945455827,402.248119489889,42.7813928910169,0.107735820487436,1,1,1
"Tmsb4x","ENSMUSG00000049775","MGP_CASTEiJ_G0035227","X","X",41.0754968856687,24.9156587284569,76.2399502458242,486.54996609604,265.930565351481,75.4690059139464,0.156695006799723,1,1,1
"Trappc2","ENSMUSG00000079317","MGP_CASTEiJ_G0035223","X","X",3.45256207645543,4.25781181522434,19.4253255069173,107.285699340777,125.648024687419,30.5581377792979,0.181061647789754,1,1,1
"Trmt2b","ENSMUSG00000067369","MGP_CASTEiJ_G0035028","X","X",3.05130728654329,2.83853791986076,67.2702513960102,74.554511282522,110.750399077241,21.1848434378867,0.902296188906552,1,1,1
"Tsc22d3","ENSMUSG00000031431","MGP_CASTEiJ_G0035103","X","X",32.5285415879563,28.2945536267601,168.284139699935,1156.39149439203,1006.96754741414,145.20261770357,0.145525231304482,1,1,1
"Tspan7","ENSMUSG00000058254","MGP_CASTEiJ_G0034543","X","X",2.62901997963105,1.5870718345838,22.7139791912947,160.378958008513,95.2753811716001,15.2790688896489,0.141626928328647,1,1,1
"Tspyl2","ENSMUSG00000041096","MGP_CASTEiJ_G0035151","X","X",32.1706831219011,37.1869309089412,134.617164601775,772.596099435836,876.892848461501,171.77860317064,0.174240026192308,1,1,1
"Tsr2","ENSMUSG00000025264","MGP_CASTEiJ_G0035141","X","X",5.34716293759591,5.02652298531105,44.6458370212596,159.022403572602,159.433848947625,32.0345814163573,0.280751869033828,1,1,1
"Txlng","ENSMUSG00000038344","MGP_CASTEiJ_G0035199","X","X",8.49649006295661,5.68743978269976,243.543272882417,391.278113075484,239.593553896364,185.68415492704,0.622430094461822,1,1,1
"Uba1","ENSMUSG00000001924","MGP_CASTEiJ_G0034573","X","X",44.819093954315,46.4404331634398,238.204438684205,1911.65868206733,2081.90503004478,145.20261770357,0.124606155334488,1,1,1
"Ube2a","ENSMUSG00000016308","MGP_CASTEiJ_G0034604","X","X",14.8336975096303,12.7777008107598,4.0566120494562,151.387693757277,124.999986856908,15.3819953934598,0.0267961810420354,1,1,1
"Ubl4a","ENSMUSG00000015290","MGP_CASTEiJ_G0034806","X","X",23.9524028264296,24.8285917289295,386.041629932071,366.426207782407,395.229293902628,384.759229091427,1.05353171179642,1,1,1
"Ubqln2","ENSMUSG00000050148","MGP_CASTEiJ_G0035161","X","X",15.9943129386021,14.2339008785849,51.2731333128829,482.998250335604,415.535386777118,59.9486114329689,0.106155940062426,1,1,1
"Upf3b","ENSMUSG00000036572","MGP_CASTEiJ_G0034609","X","X",8.93136817975466,6.84855309955009,97.379485244007,259.656002818888,231.182420598837,42.5755398833952,0.375032674718981,1,1,1
"Uprt","ENSMUSG00000073016","MGP_CASTEiJ_G0034954","X","X",3.38407761424382,2.85390689327482,40.3392803574603,37.4338789795366,36.788490293422,28.7729146308058,1.07761422158553,1,1,1
"Usp11","ENSMUSG00000031066","MGP_CASTEiJ_G0034575","X","X",11.3372626779731,9.51436449950935,53.183548528565,482.887187393634,394.125682340093,55.7606061131193,0.110136590733793,1,1,1
"Usp27x","ENSMUSG00000046269","MGP_CASTEiJ_G0034492","X","X",0.817823169705153,1.07218545385103,3.43862045298323,31.5339090948638,36.788490293422,9.06451482997848,0.109045169206228,0,1,1
"Utp14a","ENSMUSG00000063785","MGP_CASTEiJ_G0034654","X","X",16.1873149393825,14.0651224913562,153.261810294238,513.652367923292,560.886525529369,18.2319561637678,0.298376528300412,1,1,1
"Vbp1","ENSMUSG00000031197","MGP_CASTEiJ_G0034826","X","X",8.62108517050208,7.21593719590776,82.5746013756108,101.226934459493,95.3716132208439,58.4721677959095,0.815737449884483,1,1,1
"Wdr13","ENSMUSG00000031166","MGP_CASTEiJ_G0034523","X","X",17.751201240949,16.323599102436,177.859138698174,745.929083064359,696.485396302216,152.826161480197,0.238439742780251,1,1,1
"Wdr45","ENSMUSG00000039382","MGP_CASTEiJ_G0034503","X","X",35.2356538604309,33.6282351446211,166.614939176347,822.399640306182,760.258935881267,188.945821712593,0.202596074962187,1,1,1
"Xiap","ENSMUSG00000025860","MGP_CASTEiJ_G0034638","X","X",20.7704822145289,16.0124350023846,465.585838405398,1444.5740065597,1150.15652206218,320.998845770146,0.32229974808574,1,1,1
"Xist","ENSMUSG00000086503","MGP_CASTEiJ_G0007376","X","X",34.5588743939746,0.20206476112185,5364.10215928914,783.910692180111,28.3067114608463,6.00870105204867,6.84274651793713,1,0,1
"Yipf6","ENSMUSG00000047694","MGP_CASTEiJ_G0034897","X","X",55.1734284002488,44.7849396213291,418.692385157753,3525.65601117604,2907.35539972955,294.319933799265,0.118755880843319,1,1,1
"Zc4h2","ENSMUSG00000035062","MGP_CASTEiJ_G0034883","X","X",0.533551839690298,1.02476239172915,3.17451284238917,8.87168117905728,13.8646595826916,9.27036783760024,0.357825397274533,0,1,1
"Zdhhc9","ENSMUSG00000036985","MGP_CASTEiJ_G0034653","X","X",13.4577256543921,14.1400660968188,178.855378747229,718.396202121411,755.472919933271,187.263525067911,0.24896481665559,1,1,1
"Zfp182","ENSMUSG00000054737","MGP_CASTEiJ_G0034582","X","X",2.01280788574327,2.26107420836495,21.5998483331934,92.8782428699584,103.949624102663,24.6523632310601,0.232560906254826,1,1,1
"Zfp185","ENSMUSG00000031351","MGP_CASTEiJ_G0034763","X","X",19.2412462012764,15.5982540461938,85.099258220708,628.343194554069,541.497694126464,36.8756183427792,0.135434359691128,1,1,1
"Zfp275","ENSMUSG00000031365","MGP_CASTEiJ_G0034769","X","X",3.72549863219396,2.42177829605763,32.1554528360338,219.454306747414,120.746304183523,42.7813928910169,0.146524592351901,1,1,1
"Zfp280c","ENSMUSG00000036916","MGP_CASTEiJ_G0034659","X","X",3.15004405743503,3.70815667506121,8.65560231635147,156.429941261782,176.301174563533,18.026103156146,0.0553321330081336,1,1,1
"Zmat1","ENSMUSG00000052676","MGP_CASTEiJ_G0035044","X","X",3.01584828472727,2.17264694869745,41.7495947857154,97.0981810440944,72.1846728765777,27.2964709937463,0.429972985454341,1,1,1
"Zmym3","ENSMUSG00000031310","MGP_CASTEiJ_G0034924","X","X",11.9062873480822,12.0547998354426,170.745904615375,785.821811809827,783.202239098654,185.272448911797,0.217283233996942,1,1,1
"Zrsr2","ENSMUSG00000031370","MGP_CASTEiJ_G0035206","X","X",8.87329568024331,8.69786679130283,80.2682363027785,554.973643230095,534.119526856424,88.6185995599637,0.144634321434791,1,1,1
